customer_id,tenure_months,senior_citizen,partner,dependents,contract_type,payment_method,paperless_billing,internet_service,multiple_lines,online_security,online_backup,device_protection,tech_support,streaming_tv,streaming_movies,monthly_charges,total_charges,num_support_calls_6m,late_payments_last_year,avg_monthly_usage_gb,days_since_last_login,satisfaction_score,churn
CUST-100000,58,0,1,0,Two year,Credit card (auto),1,Fiber optic,0,1,0,0,0,1,0,79.42,4326.53,0,0,170.4,28,7.1,0
CUST-100001,56,0,1,1,Two year,Bank transfer (auto),0,DSL,1,0,0,1,0,0,1,60.0,3185.41,3,1,181.9,77,6.7,0
CUST-100002,57,0,0,0,One year,Bank transfer (auto),1,Fiber optic,1,0,0,1,1,0,0,89.4,5027.57,2,1,140.4,4,4.6,0
CUST-100003,7,0,0,1,One year,Bank transfer (auto),1,Fiber optic,0,1,0,0,0,0,1,68.32,461.2,2,0,210.5,47,7.4,0
CUST-100004,2,0,0,0,Month-to-month,Mailed check,1,Fiber optic,1,0,0,0,1,1,0,78.74,149.84,5,2,182.3,33,4.2,1
CUST-100005,35,0,0,0,Month-to-month,Bank transfer (auto),0,Fiber optic,0,0,1,1,1,0,0,88.88,2913.82,2,0,168.6,59,7.3,0
CUST-100006,34,0,1,0,Month-to-month,Mailed check,1,Fiber optic,1,0,0,1,1,1,0,88.26,2906.09,1,0,202.4,62,7.0,0
CUST-100007,72,0,1,1,One year,Mailed check,1,No,0,0,0,0,0,0,0,18.0,1234.2,1,1,345.6,75,6.3,0
CUST-100008,2,1,0,0,Month-to-month,Credit card (auto),0,DSL,0,0,0,0,0,1,1,56.62,107.1,7,1,101.7,37,6.1,1
CUST-100009,25,0,1,0,Month-to-month,Bank transfer (auto),0,No,0,0,0,0,0,0,0,19.21,466.44,3,0,108.2,62,7.1,0
CUST-100010,2,0,0,1,Month-to-month,Electronic check,0,Fiber optic,1,1,0,0,0,0,0,88.21,170.61,4,0,254.6,38,3.6,1
CUST-100011,26,0,0,1,One year,Mailed check,1,Fiber optic,0,1,1,0,0,1,0,80.99,1973.18,2,0,247.5,63,5.6,0
CUST-100012,42,0,1,0,Month-to-month,Credit card (auto),1,DSL,0,0,0,1,0,0,0,57.12,2354.39,1,0,76.7,38,6.2,0
CUST-100013,9,0,1,0,Month-to-month,Electronic check,1,DSL,1,0,0,0,0,1,0,55.4,489.71,3,1,112.5,9,7.7,0
CUST-100014,30,0,1,0,One year,Credit card (auto),1,Fiber optic,1,0,0,1,1,0,0,92.56,2690.07,0,1,136.1,62,6.8,1
CUST-100015,4,0,0,0,Two year,Credit card (auto),0,No,1,0,0,0,0,0,0,28.52,110.51,4,1,124.7,15,4.1,1
CUST-100016,2,0,1,0,One year,Bank transfer (auto),1,Fiber optic,0,1,0,0,0,1,1,78.59,148.28,3,0,80.0,48,5.9,0
CUST-100017,8,0,1,0,Month-to-month,Electronic check,1,DSL,0,1,0,0,0,1,0,53.55,407.76,7,0,306.1,3,4.2,1
CUST-100018,22,0,1,0,Two year,Electronic check,1,No,0,0,0,0,0,0,0,20.65,449.16,4,1,112.7,74,4.8,0
CUST-100019,10,0,0,0,Month-to-month,Electronic check,0,No,1,0,0,0,0,0,0,27.42,270.63,5,2,205.3,35,5.0,0
CUST-100020,30,0,0,0,Month-to-month,Mailed check,1,Fiber optic,1,0,0,1,0,1,1,86.8,2575.0,4,0,177.5,6,6.8,0
CUST-100021,5,0,1,0,Month-to-month,Credit card (auto),0,DSL,0,0,0,0,1,0,0,58.1,287.14,1,1,185.7,17,7.7,0
CUST-100022,44,0,1,0,Month-to-month,Credit card (auto),1,Fiber optic,1,0,1,1,1,0,1,97.46,4233.9,1,1,209.6,39,9.0,0
CUST-100023,29,0,1,1,One year,Electronic check,1,No,0,0,0,0,0,0,0,18.0,500.06,2,2,121.9,51,6.6,0
CUST-100024,16,1,1,1,Month-to-month,Mailed check,0,DSL,0,0,0,0,1,0,0,50.72,769.28,0,0,184.6,46,8.3,0
CUST-100025,10,1,1,0,Two year,Mailed check,1,DSL,0,0,0,1,0,1,1,61.54,613.33,3,0,5.0,27,6.4,1
CUST-100026,11,0,1,1,One year,Mailed check,0,Fiber optic,0,1,0,0,0,0,0,62.48,674.21,0,0,62.6,23,6.6,0
CUST-100027,2,0,0,0,Month-to-month,Bank transfer (auto),0,Fiber optic,1,0,0,1,0,0,1,82.73,152.41,1,0,194.8,2,6.2,0
CUST-100028,4,0,0,0,Month-to-month,Credit card (auto),0,DSL,0,0,0,0,0,0,0,50.55,188.55,4,0,152.0,15,4.4,1
CUST-100029,16,0,0,0,One year,Mailed check,1,Fiber optic,0,1,1,0,0,1,0,84.46,1317.21,2,0,66.6,83,4.4,1
CUST-100030,9,0,1,0,Month-to-month,Electronic check,1,No,1,0,0,0,0,0,0,28.97,255.8,3,1,141.4,65,6.6,1
CUST-100031,30,0,0,0,Month-to-month,Bank transfer (auto),1,No,1,0,0,0,0,0,0,20.81,579.83,2,0,256.9,11,6.8,0
CUST-100032,17,1,0,1,Month-to-month,Electronic check,0,DSL,1,0,0,0,1,1,0,56.87,933.0,0,1,364.9,70,5.8,0
CUST-100033,6,1,1,0,Month-to-month,Credit card (auto),1,No,0,0,0,0,0,0,0,18.0,104.24,5,0,44.3,71,5.9,0
CUST-100034,11,0,1,0,Month-to-month,Credit card (auto),1,Fiber optic,1,1,1,1,0,0,0,80.17,840.03,3,1,72.2,8,6.5,1
CUST-100035,15,0,0,0,Two year,Electronic check,0,DSL,1,0,0,0,0,0,0,37.65,544.41,1,4,350.7,36,6.7,0
CUST-100036,8,0,0,0,Month-to-month,Bank transfer (auto),1,DSL,0,0,0,0,1,0,1,66.5,491.63,1,0,163.5,89,6.8,1
CUST-100037,8,0,1,1,Month-to-month,Credit card (auto),1,No,1,0,0,0,0,0,0,23.63,180.16,2,0,234.6,3,5.6,0
CUST-100038,21,1,0,0,One year,Mailed check,0,DSL,0,0,0,0,0,0,0,46.7,915.76,1,0,198.2,0,6.0,0
CUST-100039,7,0,0,1,Two year,Mailed check,1,DSL,1,0,0,0,0,0,0,59.76,405.44,4,0,213.1,16,6.8,0
CUST-100040,32,0,0,0,One year,Credit card (auto),1,Fiber optic,1,1,0,1,0,0,0,87.9,2711.86,2,0,90.3,62,7.8,0
CUST-100041,33,0,0,0,Month-to-month,Electronic check,1,Fiber optic,0,0,1,0,0,0,1,78.42,2381.51,7,0,182.5,34,3.6,1
CUST-100042,26,0,1,0,Two year,Mailed check,1,DSL,1,0,1,0,0,1,0,64.15,1662.66,2,0,155.2,62,6.5,0
CUST-100043,2,0,0,1,Month-to-month,Electronic check,1,Fiber optic,0,0,0,0,0,1,0,86.78,165.25,3,3,252.1,58,4.9,1
CUST-100044,27,0,0,0,Month-to-month,Electronic check,0,Fiber optic,0,0,1,0,1,0,1,83.83,2122.57,4,2,319.8,82,5.0,0
CUST-100045,33,0,0,0,One year,Credit card (auto),1,No,0,0,0,0,0,0,0,18.0,570.05,4,0,125.0,28,6.3,0
CUST-100046,27,0,0,0,Month-to-month,Bank transfer (auto),1,Fiber optic,0,1,1,1,0,1,1,85.9,2247.16,2,0,211.4,5,6.9,1
CUST-100047,7,0,0,0,One year,Bank transfer (auto),0,DSL,0,0,0,0,0,0,0,39.31,274.03,6,0,189.8,68,2.0,0
CUST-100048,8,0,1,0,Two year,Electronic check,0,No,0,0,0,0,0,0,0,18.79,149.69,3,2,217.0,67,5.9,0
CUST-100049,4,0,0,1,Month-to-month,Credit card (auto),1,Fiber optic,0,0,0,0,0,1,1,71.75,280.6,3,1,212.9,16,7.8,0
CUST-100050,9,0,0,0,Month-to-month,Electronic check,0,Fiber optic,1,0,0,0,1,1,1,87.9,775.38,1,1,263.5,88,7.0,1
CUST-100051,1,0,0,0,Month-to-month,Bank transfer (auto),1,DSL,1,0,0,1,0,0,0,56.47,53.55,2,0,128.7,89,8.3,0
CUST-100052,4,0,1,0,Month-to-month,Electronic check,1,Fiber optic,1,0,0,1,0,1,0,92.88,351.39,1,0,26.6,24,7.2,0
CUST-100053,32,0,0,0,One year,Mailed check,0,DSL,0,1,1,0,1,1,1,62.08,1884.41,2,1,116.5,63,9.4,0
CUST-100054,72,0,1,0,Two year,Bank transfer (auto),1,Fiber optic,0,0,1,0,0,1,0,82.5,5645.62,1,0,134.8,4,9.5,0
CUST-100055,14,0,1,1,One year,Mailed check,1,DSL,0,1,0,0,0,1,1,59.89,811.41,4,0,285.6,59,8.6,0
CUST-100056,7,0,1,0,Two year,Mailed check,0,Fiber optic,1,0,0,1,0,1,0,91.09,613.08,2,1,250.2,29,7.1,0
CUST-100057,10,0,1,0,Month-to-month,Mailed check,1,DSL,1,0,1,0,1,0,1,52.13,494.34,0,0,331.9,13,7.9,1
CUST-100058,9,0,0,0,Month-to-month,Bank transfer (auto),1,Fiber optic,0,0,0,0,1,1,1,72.69,642.01,3,0,177.7,16,4.9,1
CUST-100059,3,0,1,0,Month-to-month,Bank transfer (auto),0,Fiber optic,0,0,0,1,0,0,1,69.76,208.96,2,0,261.8,40,4.7,1
CUST-100060,26,0,1,1,One year,Credit card (auto),1,Fiber optic,1,0,0,0,0,1,0,90.53,2267.35,1,0,182.9,64,8.7,0
CUST-100061,33,0,0,0,Month-to-month,Electronic check,1,No,1,0,0,0,0,0,0,23.26,727.8,8,2,98.7,46,2.8,1
CUST-100062,36,0,1,1,Month-to-month,Electronic check,1,Fiber optic,0,1,0,0,0,0,0,67.4,2378.53,1,0,92.1,2,9.0,1
CUST-100063,72,0,0,0,Month-to-month,Electronic check,1,Fiber optic,0,0,0,0,0,0,0,69.22,4660.27,0,1,5.0,68,6.0,0
CUST-100064,51,0,1,0,Month-to-month,Electronic check,1,Fiber optic,0,0,0,0,0,1,1,91.31,4507.22,2,0,223.2,28,3.8,0
CUST-100065,39,1,1,1,One year,Mailed check,0,No,0,0,0,0,0,0,0,18.0,661.71,0,0,318.0,66,6.1,0
CUST-100066,25,0,1,0,Two year,Electronic check,1,No,0,0,0,0,0,0,0,18.0,420.81,0,2,242.1,60,4.9,0
CUST-100067,14,1,0,1,Month-to-month,Electronic check,0,Fiber optic,1,0,1,0,0,0,1,92.69,1249.14,1,2,211.5,80,8.2,0
CUST-100068,1,0,1,0,Month-to-month,Electronic check,1,No,1,0,0,0,0,0,0,29.39,27.32,7,2,277.9,66,3.9,1
CUST-100069,23,1,1,0,Month-to-month,Mailed check,1,DSL,1,0,1,1,1,1,1,75.41,1670.69,1,0,94.2,69,6.9,1
CUST-100070,15,1,0,1,Month-to-month,Bank transfer (auto),0,No,0,0,0,0,0,0,0,18.0,267.06,4,1,190.9,23,4.9,1
CUST-100071,36,1,1,0,Month-to-month,Mailed check,1,Fiber optic,0,0,0,0,1,0,0,76.18,2684.83,4,1,156.5,48,5.9,0
CUST-100072,49,0,1,1,One year,Credit card (auto),1,DSL,1,1,0,1,0,0,0,45.75,2176.33,0,0,229.5,8,7.8,0
CUST-100073,8,0,1,1,One year,Electronic check,0,Fiber optic,0,0,0,0,0,0,1,76.06,563.34,7,4,138.8,18,3.0,1
CUST-100074,1,0,1,0,One year,Mailed check,1,DSL,1,0,0,1,0,0,0,49.89,46.25,3,0,341.2,38,4.0,0
CUST-100075,22,0,0,0,Two year,Electronic check,1,No,0,0,0,0,0,0,0,28.67,621.77,4,0,310.3,38,3.8,0
CUST-100076,61,0,0,1,Month-to-month,Credit card (auto),1,No,0,0,0,0,0,0,0,26.19,1570.33,2,1,42.5,82,5.0,0
CUST-100077,20,1,0,0,One year,Electronic check,0,Fiber optic,0,1,0,0,0,0,1,83.5,1555.65,3,0,370.9,77,4.4,0
CUST-100078,51,0,0,1,One year,Credit card (auto),1,DSL,1,0,1,0,0,0,0,69.31,3387.74,2,0,200.8,35,8.2,0
CUST-100079,18,0,0,0,Month-to-month,Bank transfer (auto),0,No,0,0,0,0,0,0,0,35.86,643.57,4,1,191.4,71,4.9,1
CUST-100080,32,0,1,0,Month-to-month,Bank transfer (auto),0,No,1,0,0,0,0,0,0,27.88,878.05,9,0,234.9,66,1.8,1
CUST-100081,7,0,0,0,Month-to-month,Bank transfer (auto),0,Fiber optic,0,0,0,1,0,0,0,74.65,499.36,2,0,258.9,30,7.0,1
CUST-100082,3,0,1,1,Month-to-month,Mailed check,1,Fiber optic,0,1,1,0,1,1,1,96.73,276.79,3,0,59.5,75,5.8,1
CUST-100083,3,0,0,1,Month-to-month,Electronic check,1,Fiber optic,0,1,0,0,0,1,1,87.12,250.49,2,2,262.8,4,7.5,0
CUST-100084,3,0,0,0,Month-to-month,Credit card (auto),0,DSL,1,1,0,1,0,0,0,47.61,131.77,2,3,147.4,56,5.0,1
CUST-100085,1,1,1,0,Two year,Credit card (auto),0,No,1,0,0,0,0,0,0,26.22,25.47,1,0,376.7,83,6.3,0
CUST-100086,41,0,1,0,Two year,Electronic check,1,DSL,1,0,1,0,0,0,0,51.96,2033.52,1,0,5.0,47,9.8,0
CUST-100087,11,0,0,0,One year,Electronic check,1,DSL,0,0,0,0,1,0,0,51.84,529.67,1,1,158.0,3,7.1,0
CUST-100088,9,0,1,0,One year,Electronic check,0,DSL,1,1,1,1,0,0,1,73.56,609.78,5,0,117.4,9,5.7,0
CUST-100089,22,1,0,0,Two year,Bank transfer (auto),0,Fiber optic,1,0,0,1,0,1,1,91.45,1949.7,1,0,198.2,39,7.0,1
CUST-100090,4,1,0,0,Month-to-month,Mailed check,0,Fiber optic,1,1,0,0,0,1,1,87.16,337.33,1,0,158.7,80,6.2,1
CUST-100091,46,0,0,0,Month-to-month,Bank transfer (auto),0,No,0,0,0,0,0,0,0,18.0,812.75,3,0,137.3,47,8.9,1
CUST-100092,31,0,1,0,One year,Electronic check,1,No,1,0,0,0,0,0,0,38.91,1121.51,1,1,27.7,16,5.4,0
CUST-100093,8,0,0,0,Two year,Credit card (auto),0,DSL,0,1,0,1,0,0,0,39.38,291.43,1,0,141.0,36,8.7,0
CUST-100094,5,0,1,0,One year,Electronic check,0,DSL,0,1,0,0,1,0,0,72.12,355.94,2,2,249.4,2,6.1,1
CUST-100095,13,0,1,1,Month-to-month,Electronic check,1,Fiber optic,0,0,0,0,1,0,1,90.1,1088.42,3,2,215.4,18,5.5,1
CUST-100096,7,0,0,0,One year,Credit card (auto),1,No,1,0,0,0,0,0,0,26.9,175.05,1,0,165.8,81,6.1,1
CUST-100097,2,0,1,0,Month-to-month,Bank transfer (auto),1,No,1,0,0,0,0,0,0,31.77,63.23,2,3,118.2,61,3.1,1
CUST-100098,12,0,0,1,Month-to-month,Mailed check,1,DSL,1,1,0,0,1,0,0,61.22,683.11,2,0,115.1,28,6.6,0
CUST-100099,54,0,0,0,Month-to-month,Credit card (auto),0,DSL,0,0,1,0,0,0,1,52.89,2732.62,2,1,93.8,38,7.3,0
CUST-100100,24,1,0,1,One year,Electronic check,1,No,0,0,0,0,0,0,0,18.0,428.05,1,2,137.2,43,6.3,0
CUST-100101,72,0,0,0,Month-to-month,Electronic check,0,Fiber optic,0,0,1,0,0,0,0,70.37,4766.91,3,2,209.3,88,4.2,0
CUST-100102,49,0,0,0,Month-to-month,Electronic check,1,Fiber optic,0,0,0,0,0,0,0,74.16,3473.36,4,1,201.6,11,6.3,0
CUST-100103,27,0,0,0,One year,Electronic check,1,DSL,0,0,0,0,1,1,0,48.7,1312.61,0,2,118.3,37,7.0,0
CUST-100104,44,1,1,0,Month-to-month,Bank transfer (auto),1,DSL,0,1,1,0,0,0,1,58.77,2439.84,6,0,60.6,36,4.9,0
CUST-100105,17,0,0,0,Two year,Bank transfer (auto),1,DSL,1,0,1,0,0,1,0,59.48,992.2,0,0,315.1,83,5.1,0
CUST-100106,26,0,0,0,Month-to-month,Mailed check,0,Fiber optic,0,0,1,0,0,0,1,90.64,2287.99,7,0,138.4,26,3.9,1
CUST-100107,9,0,1,0,One year,Credit card (auto),1,Fiber optic,0,0,1,0,1,1,0,89.92,791.24,1,0,95.9,13,7.1,0
CUST-100108,5,0,0,0,Month-to-month,Electronic check,0,Fiber optic,0,0,1,1,0,0,1,78.96,375.05,3,0,194.0,48,6.0,1
CUST-100109,51,1,1,1,Two year,Electronic check,0,Fiber optic,1,0,0,1,1,1,1,103.73,5170.13,3,4,144.6,42,6.6,0
CUST-100110,3,0,1,0,Two year,Mailed check,1,DSL,1,0,0,1,1,1,1,73.27,212.36,1,1,288.7,4,4.5,0
CUST-100111,5,0,0,1,Month-to-month,Bank transfer (auto),1,DSL,0,0,0,0,0,1,0,56.1,277.61,2,1,113.3,3,5.1,0
CUST-100112,7,0,0,0,One year,Mailed check,0,DSL,1,1,1,1,0,1,1,81.13,535.34,2,0,78.8,11,6.3,0
CUST-100113,23,0,0,0,One year,Credit card (auto),1,DSL,0,1,0,1,0,0,1,49.8,1061.33,1,1,175.5,82,7.4,0
CUST-100114,10,0,0,0,Month-to-month,Credit card (auto),1,No,1,0,0,0,0,0,0,31.35,296.59,4,0,166.4,24,5.9,1
CUST-100115,16,0,0,0,One year,Credit card (auto),0,DSL,1,0,0,0,0,0,1,57.07,894.64,2,1,124.1,22,6.0,0
CUST-100116,52,0,1,1,Two year,Credit card (auto),1,DSL,1,0,0,0,0,1,0,69.09,3453.03,1,0,139.6,35,8.1,0
CUST-100117,37,0,1,0,Month-to-month,Bank transfer (auto),0,No,0,0,0,0,0,0,0,18.0,641.16,1,0,227.1,10,10.0,0
CUST-100118,28,1,0,0,Two year,Credit card (auto),1,Fiber optic,0,1,1,0,0,1,0,87.74,2289.72,3,1,285.9,88,5.8,1
CUST-100119,4,1,1,1,Month-to-month,Bank transfer (auto),0,DSL,0,0,1,0,0,0,1,46.65,173.99,5,1,67.3,83,7.1,1
CUST-100120,29,1,0,0,Two year,Mailed check,0,DSL,0,0,0,1,0,0,1,66.97,1810.38,1,0,156.4,50,9.2,0
CUST-100121,11,0,1,0,Two year,Electronic check,1,DSL,0,1,0,1,1,0,0,61.91,651.04,0,0,237.6,74,7.0,0
CUST-100122,3,0,1,1,Month-to-month,Credit card (auto),1,DSL,0,1,0,0,0,1,0,50.81,146.77,2,1,266.0,8,6.7,0
CUST-100123,10,0,0,0,Month-to-month,Mailed check,1,Fiber optic,0,0,0,0,1,1,0,87.63,872.37,3,0,290.9,66,4.0,1
CUST-100124,2,1,0,0,One year,Credit card (auto),1,Fiber optic,0,0,1,0,0,0,1,89.58,169.3,2,0,57.8,66,6.1,1
CUST-100125,22,0,0,1,Two year,Credit card (auto),0,DSL,1,1,0,1,0,0,0,64.41,1315.18,4,1,158.3,16,6.6,0
CUST-100126,23,0,1,0,Month-to-month,Mailed check,0,No,0,0,0,0,0,0,0,18.77,413.0,2,2,213.2,80,5.6,0
CUST-100127,7,0,0,0,Month-to-month,Mailed check,0,DSL,0,0,0,0,0,1,1,46.97,316.48,4,1,81.1,39,5.8,1
CUST-100128,1,0,1,0,One year,Electronic check,0,Fiber optic,0,0,1,1,0,0,0,72.9,70.54,2,2,182.2,66,6.6,1
CUST-100129,66,1,0,1,Month-to-month,Mailed check,1,DSL,1,0,0,0,1,0,1,54.22,3543.06,1,0,27.0,76,7.6,0
CUST-100130,19,0,0,0,One year,Bank transfer (auto),1,DSL,1,1,1,0,0,1,1,77.77,1410.55,2,1,88.6,79,6.8,1
CUST-100131,36,0,1,0,One year,Electronic check,0,Fiber optic,0,0,0,0,0,0,1,81.57,2712.95,1,2,25.4,66,6.7,0
CUST-100132,8,0,0,0,Two year,Mailed check,1,DSL,0,0,0,1,0,1,0,47.31,375.22,7,0,112.7,78,5.2,1
CUST-100133,40,0,0,0,Month-to-month,Bank transfer (auto),1,DSL,0,0,0,0,0,0,1,56.8,2163.14,2,1,5.0,8,6.5,0
CUST-100134,39,0,1,0,Two year,Electronic check,1,Fiber optic,1,0,0,0,0,0,0,76.04,2733.64,3,2,249.0,5,4.8,0
CUST-100135,2,1,0,0,One year,Electronic check,1,No,0,0,0,0,0,0,0,18.0,33.95,1,1,198.6,59,5.1,0
CUST-100136,72,0,1,0,Two year,Electronic check,0,Fiber optic,1,0,0,1,1,0,0,89.68,6175.63,1,2,165.5,25,6.8,0
CUST-100137,16,0,1,0,Month-to-month,Credit card (auto),1,DSL,0,0,0,1,1,1,0,57.89,921.57,1,0,83.1,72,6.4,0
CUST-100138,34,0,0,0,One year,Electronic check,0,DSL,0,1,0,1,0,0,0,42.95,1348.62,2,1,5.0,80,8.3,0
CUST-100139,6,0,1,0,Two year,Electronic check,0,Fiber optic,1,0,0,0,0,0,1,80.17,476.15,0,2,210.1,3,4.5,0
CUST-100140,24,0,0,0,One year,Mailed check,0,DSL,0,1,0,1,1,1,0,54.51,1213.06,1,0,86.5,18,6.8,0
CUST-100141,7,0,1,0,Month-to-month,Bank transfer (auto),0,DSL,0,0,0,1,0,0,1,43.32,294.87,3,2,158.9,64,6.6,1
CUST-100142,39,1,1,0,Month-to-month,Bank transfer (auto),0,Fiber optic,0,1,0,0,1,0,1,79.51,2890.2,3,2,244.6,63,4.5,0
CUST-100143,11,0,1,0,Month-to-month,Mailed check,1,No,0,0,0,0,0,0,0,19.27,200.79,3,1,17.2,81,4.9,1
CUST-100144,19,0,1,1,Month-to-month,Bank transfer (auto),0,No,0,0,0,0,0,0,0,18.0,338.18,1,0,187.2,9,6.4,0
CUST-100145,13,0,0,0,One year,Bank transfer (auto),0,DSL,0,0,1,0,0,0,0,49.73,625.57,3,0,176.9,41,8.5,0
CUST-100146,18,0,1,0,Two year,Credit card (auto),0,No,0,0,0,0,0,0,0,20.36,361.76,1,1,496.2,45,6.0,0
CUST-100147,11,0,0,0,One year,Bank transfer (auto),1,Fiber optic,0,1,1,0,0,0,1,87.58,905.76,1,0,128.8,67,7.6,0
CUST-100148,15,1,1,0,Month-to-month,Bank transfer (auto),1,No,1,0,0,0,0,0,0,26.67,383.41,1,0,5.0,1,6.6,1
CUST-100149,1,0,0,0,Month-to-month,Electronic check,0,Fiber optic,0,0,1,1,0,0,1,87.71,82.13,2,0,119.0,24,5.9,1
CUST-100150,38,1,0,1,Month-to-month,Mailed check,0,Fiber optic,1,0,0,1,0,1,0,91.73,3444.5,5,0,23.4,47,7.2,0
CUST-100151,60,0,0,0,Month-to-month,Credit card (auto),1,Fiber optic,0,0,1,0,1,1,0,74.04,4283.89,4,2,302.4,55,4.3,0
CUST-100152,14,0,0,0,Two year,Electronic check,0,Fiber optic,0,1,1,0,0,1,0,93.94,1265.67,4,1,321.5,74,5.8,1
CUST-100153,72,0,0,0,Month-to-month,Electronic check,0,Fiber optic,1,0,0,0,0,0,0,85.32,5791.77,4,1,155.4,66,5.8,0
CUST-100154,4,0,0,0,Month-to-month,Bank transfer (auto),0,Fiber optic,0,0,0,0,0,0,1,72.63,269.74,3,2,226.1,74,7.3,1
CUST-100155,67,1,1,0,One year,Credit card (auto),0,Fiber optic,1,0,0,0,0,0,1,76.59,4937.3,1,0,196.2,56,6.6,0
CUST-100156,9,0,1,1,Month-to-month,Electronic check,0,DSL,0,0,0,1,0,0,1,59.05,495.44,7,1,162.6,81,2.6,1
CUST-100157,16,0,0,1,Month-to-month,Credit card (auto),0,Fiber optic,1,0,0,0,1,0,0,78.25,1159.15,0,1,63.0,13,5.7,0
CUST-100158,58,0,1,0,Month-to-month,Electronic check,1,DSL,1,0,0,0,1,0,0,51.0,2890.44,3,0,236.3,84,5.3,0
CUST-100159,3,1,0,0,Month-to-month,Credit card (auto),1,DSL,0,1,0,0,0,0,1,51.83,151.9,4,0,194.4,63,7.1,1
CUST-100160,5,0,1,0,One year,Credit card (auto),1,Fiber optic,0,1,0,0,0,1,0,86.17,397.76,4,0,400.4,16,5.5,0
CUST-100161,32,0,0,0,Month-to-month,Credit card (auto),1,Fiber optic,1,0,0,1,0,1,0,95.77,3020.27,5,0,173.2,65,6.2,1
CUST-100162,24,0,1,0,One year,Credit card (auto),0,DSL,0,0,0,0,0,1,0,60.66,1445.8,2,1,220.4,6,8.5,0
CUST-100163,7,1,0,0,Month-to-month,Credit card (auto),0,DSL,0,1,0,0,0,1,0,52.49,363.66,3,0,196.7,77,7.3,0
CUST-100164,11,0,0,1,Month-to-month,Credit card (auto),1,Fiber optic,0,0,0,1,0,0,0,73.5,757.68,3,0,133.9,85,7.3,0
CUST-100165,18,0,1,0,One year,Mailed check,1,No,0,0,0,0,0,0,0,19.04,336.19,1,1,195.0,83,7.0,0
CUST-100166,46,1,1,1,Month-to-month,Mailed check,0,Fiber optic,1,0,1,0,1,1,0,87.62,3928.09,1,2,162.1,59,5.5,0
CUST-100167,9,0,1,1,Month-to-month,Electronic check,1,Fiber optic,0,0,1,1,0,1,0,79.43,695.92,2,1,67.9,9,8.9,1
CUST-100168,18,0,0,0,Month-to-month,Electronic check,1,Fiber optic,1,0,1,1,1,1,0,93.37,1558.31,3,0,274.1,65,5.7,1
CUST-100169,9,0,0,0,Month-to-month,Bank transfer (auto),0,DSL,0,1,0,1,1,1,1,78.75,676.22,3,2,127.9,54,7.5,1
CUST-100170,7,0,1,0,Month-to-month,Electronic check,0,DSL,1,0,0,0,0,0,0,47.84,308.27,5,1,253.4,30,6.5,0
CUST-100171,51,0,0,1,Two year,Credit card (auto),1,Fiber optic,0,0,0,0,0,0,0,71.31,3631.1,2,0,180.3,33,4.8,0
CUST-100172,13,0,0,0,Month-to-month,Electronic check,1,No,1,0,0,0,0,0,0,31.62,386.08,6,1,212.2,76,2.9,1
CUST-100173,32,0,0,1,Month-to-month,Electronic check,1,DSL,0,1,1,0,0,1,1,75.71,2415.04,3,2,194.1,40,6.6,1
CUST-100174,7,0,0,0,Month-to-month,Electronic check,1,Fiber optic,1,0,0,1,0,0,0,84.3,579.24,3,0,307.1,77,4.9,1
CUST-100175,4,0,0,0,Month-to-month,Electronic check,1,Fiber optic,1,0,1,0,0,0,0,80.83,302.92,3,1,296.2,39,7.7,0
CUST-100176,27,0,0,1,One year,Electronic check,1,Fiber optic,0,0,1,0,1,0,1,77.6,1999.37,2,2,185.2,13,5.7,1
CUST-100177,34,0,1,0,One year,Bank transfer (auto),1,Fiber optic,0,1,0,0,0,0,0,69.14,2275.04,3,0,263.2,30,7.8,0
CUST-100178,23,0,1,1,Two year,Electronic check,1,DSL,0,0,0,0,1,0,0,49.43,1049.81,1,2,189.1,70,8.2,0
CUST-100179,28,0,1,0,Month-to-month,Credit card (auto),0,No,0,0,0,0,0,0,0,18.16,490.35,4,0,209.5,66,6.2,0
CUST-100180,24,0,1,0,Month-to-month,Mailed check,1,Fiber optic,1,0,1,0,0,0,1,86.65,1971.31,1,1,357.7,43,6.5,0
CUST-100181,26,0,0,0,One year,Bank transfer (auto),1,DSL,1,0,0,1,0,0,0,60.98,1469.05,4,1,161.9,76,6.2,1
CUST-100182,54,0,1,0,Month-to-month,Bank transfer (auto),1,No,0,0,0,0,0,0,0,18.0,948.26,7,0,272.4,78,4.5,1
CUST-100183,68,0,1,1,Month-to-month,Electronic check,1,No,1,0,0,0,0,0,0,30.25,1985.63,5,1,225.5,59,4.8,0
CUST-100184,16,1,1,0,Month-to-month,Electronic check,0,No,0,0,0,0,0,0,0,26.24,413.52,3,2,174.3,76,4.0,1
CUST-100185,2,0,0,0,Month-to-month,Credit card (auto),1,Fiber optic,0,0,1,1,1,0,1,77.04,152.87,4,1,201.6,9,7.1,1
CUST-100186,34,0,1,0,Two year,Bank transfer (auto),0,No,0,0,0,0,0,0,0,21.06,669.96,2,0,201.9,84,6.0,0
CUST-100187,20,0,1,0,Two year,Electronic check,0,DSL,0,1,1,0,1,0,1,71.62,1393.0,2,0,203.4,10,7.9,0
CUST-100188,59,0,1,1,One year,Bank transfer (auto),1,No,1,0,0,0,0,0,0,30.53,1703.23,3,0,214.4,37,6.8,0
CUST-100189,25,0,1,0,Month-to-month,Electronic check,0,Fiber optic,0,0,0,0,0,1,0,70.75,1706.6,5,3,195.1,38,2.9,1
CUST-100190,3,0,1,1,One year,Electronic check,1,Fiber optic,1,1,0,0,0,1,1,95.19,266.23,2,2,211.2,86,6.7,1
CUST-100191,25,1,1,0,One year,Electronic check,1,DSL,0,0,0,0,1,0,1,50.86,1195.13,1,2,269.8,3,7.7,0
CUST-100192,14,0,1,0,One year,Bank transfer (auto),1,Fiber optic,1,0,0,1,0,0,0,87.81,1210.83,0,0,273.3,8,7.2,0
CUST-100193,3,0,1,0,Month-to-month,Mailed check,0,Fiber optic,1,1,0,0,0,1,1,94.33,265.07,7,0,237.3,74,5.5,0
CUST-100194,7,0,1,0,Two year,Bank transfer (auto),0,No,0,0,0,0,0,0,0,31.45,209.39,2,0,336.1,37,7.0,0
CUST-100195,72,0,0,0,Month-to-month,Electronic check,0,No,1,0,0,0,0,0,0,27.38,1948.46,1,1,152.3,24,8.8,0
CUST-100196,10,1,1,1,One year,Electronic check,0,No,1,0,0,0,0,0,0,30.67,288.63,1,0,81.7,15,7.0,0
CUST-100197,6,0,0,0,Two year,Electronic check,0,DSL,1,0,1,0,0,0,1,59.97,346.19,2,1,189.0,48,7.6,0
CUST-100198,11,0,0,1,Two year,Mailed check,1,Fiber optic,1,0,0,0,0,1,0,83.15,854.4,2,2,120.3,52,4.1,1
CUST-100199,50,0,0,0,Two year,Credit card (auto),0,Fiber optic,0,1,0,0,1,0,0,73.89,3458.28,0,1,297.7,88,7.2,0
CUST-100200,26,0,0,0,Month-to-month,Bank transfer (auto),1,Fiber optic,0,1,1,1,0,0,0,91.45,2232.53,4,1,5.0,27,6.5,0
CUST-100201,5,0,0,0,One year,Electronic check,0,DSL,0,0,1,1,0,0,1,59.93,282.37,2,1,133.3,28,5.9,0
CUST-100202,0,0,0,0,Month-to-month,Electronic check,1,Fiber optic,1,0,1,0,0,0,0,82.7,76.8,3,1,15.6,81,6.6,1
CUST-100203,11,0,0,0,One year,Electronic check,1,DSL,0,0,0,0,0,0,0,50.47,536.74,3,1,197.2,66,6.6,1
CUST-100204,4,0,1,1,Month-to-month,Credit card (auto),1,DSL,0,0,1,0,0,0,1,63.2,241.47,1,0,77.4,67,7.5,1
CUST-100205,50,0,1,1,Month-to-month,Mailed check,1,DSL,0,0,0,1,1,0,1,72.14,3324.01,2,0,184.7,80,5.8,0
CUST-100206,3,0,1,0,Two year,Credit card (auto),0,DSL,0,0,1,0,0,0,0,44.44,123.02,5,1,319.6,42,5.8,0
CUST-100207,16,0,0,0,Two year,Mailed check,1,Fiber optic,0,0,0,0,1,0,1,83.19,1304.45,0,0,171.1,34,6.7,1
CUST-100208,24,0,0,0,Month-to-month,Bank transfer (auto),1,DSL,1,0,0,1,0,1,0,67.75,1603.7,2,1,275.1,84,5.8,0
CUST-100209,69,0,1,0,Month-to-month,Bank transfer (auto),0,Fiber optic,0,1,1,0,0,1,0,82.99,5718.89,4,3,277.5,28,7.5,0
CUST-100210,7,0,0,0,Month-to-month,Bank transfer (auto),0,No,0,0,0,0,0,0,0,18.0,116.48,2,2,261.0,51,7.2,0
CUST-100211,42,1,1,0,Month-to-month,Mailed check,0,Fiber optic,0,0,1,0,0,0,1,86.06,3468.11,3,0,26.0,66,6.2,1
CUST-100212,18,0,1,1,Month-to-month,Electronic check,0,Fiber optic,0,0,0,0,0,1,1,73.54,1227.21,4,2,309.1,63,5.2,1
CUST-100213,42,0,0,0,Two year,Mailed check,1,DSL,0,0,1,1,0,0,1,60.98,2471.14,2,2,154.0,6,7.1,0
CUST-100214,9,0,0,0,Month-to-month,Credit card (auto),1,Fiber optic,0,1,1,1,0,0,1,83.83,732.77,5,1,234.7,64,7.0,1
CUST-100215,8,0,0,1,Month-to-month,Electronic check,1,Fiber optic,0,0,0,0,1,0,1,79.3,610.77,5,1,196.4,1,6.2,1
CUST-100216,6,1,1,0,One year,Bank transfer (auto),1,No,1,0,0,0,0,0,0,18.72,105.38,1,2,109.0,14,7.9,1
CUST-100217,25,0,0,0,Month-to-month,Credit card (auto),1,No,0,0,0,0,0,0,0,18.0,430.14,4,0,96.1,50,5.8,0
CUST-100218,16,0,1,1,Month-to-month,Bank transfer (auto),0,Fiber optic,0,0,0,0,0,0,1,63.65,974.36,3,0,386.8,18,6.9,0
CUST-100219,21,1,1,0,Month-to-month,Mailed check,1,DSL,0,0,0,1,0,0,0,65.52,1367.15,1,1,85.5,1,5.9,0
CUST-100220,31,0,0,0,Month-to-month,Electronic check,0,Fiber optic,0,0,0,0,0,0,0,61.38,1788.23,3,0,182.8,55,6.2,0
CUST-100221,28,0,0,0,Month-to-month,Bank transfer (auto),0,No,0,0,0,0,0,0,0,25.3,680.09,3,0,349.1,36,4.0,0
CUST-100222,25,0,0,1,One year,Credit card (auto),1,No,0,0,0,0,0,0,0,18.0,445.53,3,1,133.1,78,5.1,0
CUST-100223,34,0,0,0,Month-to-month,Credit card (auto),1,No,1,0,0,0,0,0,0,18.0,581.7,3,2,314.3,85,5.0,0
CUST-100224,1,0,1,0,Two year,Electronic check,1,DSL,1,1,0,0,0,0,0,59.09,56.32,2,1,233.4,34,6.3,1
CUST-100225,36,0,1,0,Two year,Credit card (auto),0,No,0,0,0,0,0,0,0,35.48,1199.22,0,0,310.4,10,6.7,0
CUST-100226,31,0,1,0,Two year,Mailed check,1,DSL,1,0,0,1,0,0,1,57.32,1724.42,2,3,341.8,88,3.3,0
CUST-100227,11,0,0,0,Two year,Bank transfer (auto),0,DSL,0,0,0,0,1,0,1,65.07,681.05,0,0,182.0,52,9.1,0
CUST-100228,6,0,0,0,Two year,Electronic check,1,Fiber optic,0,0,1,0,0,1,1,95.32,562.2,3,4,5.0,55,5.2,1
CUST-100229,17,0,1,1,Two year,Electronic check,0,DSL,1,1,1,0,0,0,0,55.55,915.48,0,2,5.0,3,7.7,0
CUST-100230,49,0,1,0,Month-to-month,Bank transfer (auto),1,Fiber optic,0,1,0,0,1,0,0,68.64,3251.43,2,0,194.4,52,7.9,0
CUST-100231,8,0,1,1,Month-to-month,Mailed check,1,DSL,0,0,0,0,0,0,0,40.29,314.58,6,0,119.1,15,4.0,0
CUST-100232,34,0,1,1,One year,Credit card (auto),1,DSL,0,1,0,1,0,1,0,65.04,2042.59,1,1,152.1,66,6.4,0
CUST-100233,71,0,1,1,Two year,Electronic check,0,DSL,1,0,1,0,1,1,0,54.4,3626.66,3,0,259.5,53,6.9,0
CUST-100234,10,0,0,1,Two year,Credit card (auto),1,Fiber optic,0,1,1,0,1,0,0,86.47,820.79,0,0,31.3,79,8.4,0
CUST-100235,72,0,0,0,One year,Mailed check,0,DSL,1,0,0,1,1,0,1,67.08,4753.58,0,0,147.4,46,9.0,0
CUST-100236,1,0,1,1,Two year,Electronic check,1,Fiber optic,0,0,0,0,0,1,0,70.55,65.28,1,2,16.4,43,8.0,1
CUST-100237,1,0,0,0,One year,Electronic check,0,Fiber optic,1,0,1,1,0,1,1,93.04,88.01,1,0,16.4,54,8.8,0
CUST-100238,45,0,1,0,One year,Bank transfer (auto),0,DSL,1,0,1,1,0,1,0,65.41,2872.34,0,0,260.0,69,7.0,0
CUST-100239,15,0,0,0,Month-to-month,Credit card (auto),1,No,1,0,0,0,0,0,0,28.54,414.91,2,2,212.3,25,3.8,0
CUST-100240,15,0,0,0,Month-to-month,Electronic check,1,DSL,0,0,1,0,0,1,1,68.35,1008.63,4,3,24.1,31,6.2,0
CUST-100241,47,0,0,0,Month-to-month,Mailed check,1,No,0,0,0,0,0,0,0,18.0,806.13,3,1,231.5,31,6.4,0
CUST-100242,59,0,1,1,Month-to-month,Mailed check,1,No,0,0,0,0,0,0,0,19.42,1076.44,3,1,5.0,2,4.5,0
CUST-100243,20,1,1,0,Month-to-month,Bank transfer (auto),1,No,0,0,0,0,0,0,0,23.71,453.83,6,0,113.0,78,4.0,1
CUST-100244,51,0,0,0,Month-to-month,Bank transfer (auto),1,Fiber optic,1,1,0,1,0,0,1,85.56,4134.84,2,2,294.1,38,5.7,0
CUST-100245,24,0,0,0,Two year,Credit card (auto),0,Fiber optic,1,1,1,0,0,1,0,101.14,2302.04,2,0,63.2,23,6.5,0
CUST-100246,12,1,0,1,Month-to-month,Electronic check,1,DSL,0,0,0,0,0,1,0,44.5,514.03,4,2,208.6,71,4.3,1
CUST-100247,6,1,0,0,One year,Electronic check,0,No,1,0,0,0,0,0,0,30.83,175.37,1,2,229.0,58,7.3,0
CUST-100248,33,0,1,0,Month-to-month,Electronic check,1,DSL,1,0,1,0,0,1,0,60.41,1855.12,2,1,124.5,48,7.1,0
CUST-100249,51,0,0,1,Two year,Credit card (auto),1,Fiber optic,1,1,1,0,1,1,0,96.03,4520.61,1,0,135.7,22,7.6,0
CUST-100250,64,1,0,1,Month-to-month,Bank transfer (auto),1,Fiber optic,1,1,0,1,0,1,1,108.0,6652.16,2,0,88.5,55,5.3,0
CUST-100251,7,0,0,0,One year,Electronic check,0,No,0,0,0,0,0,0,0,21.57,142.41,4,4,259.2,70,5.3,0
CUST-100252,25,0,1,0,One year,Credit card (auto),0,Fiber optic,0,0,0,0,0,0,1,70.3,1724.77,2,0,112.2,1,6.1,0
CUST-100253,12,0,1,0,Month-to-month,Bank transfer (auto),1,DSL,1,1,0,1,0,0,0,56.42,656.02,1,1,117.4,68,4.3,1
CUST-100254,41,0,1,1,One year,Mailed check,0,DSL,0,0,0,0,0,0,0,52.58,2121.64,1,1,90.0,52,7.3,0
CUST-100255,5,0,1,0,One year,Electronic check,1,No,0,0,0,0,0,0,0,22.68,107.17,4,1,416.6,80,4.4,1
CUST-100256,1,0,1,1,Two year,Credit card (auto),1,No,1,0,0,0,0,0,0,24.95,24.15,3,0,326.7,60,5.5,0
CUST-100257,9,0,0,0,Month-to-month,Bank transfer (auto),1,DSL,0,0,0,0,1,0,0,56.11,503.39,0,0,218.5,18,7.3,1
CUST-100258,2,0,1,0,Two year,Electronic check,0,Fiber optic,0,0,0,0,0,0,1,69.56,130.65,2,1,200.9,38,4.1,1
CUST-100259,11,0,1,0,Month-to-month,Electronic check,1,Fiber optic,0,0,1,1,1,0,0,78.23,856.97,4,0,308.7,45,6.8,1
CUST-100260,12,1,0,0,Month-to-month,Electronic check,1,DSL,1,0,1,0,0,0,0,56.62,634.82,3,3,114.1,79,5.4,1
CUST-100261,3,0,1,0,Month-to-month,Bank transfer (auto),1,DSL,1,1,0,1,1,1,0,69.19,193.48,1,0,87.7,14,7.6,0
CUST-100262,72,1,1,1,Month-to-month,Electronic check,0,Fiber optic,1,1,1,0,0,0,0,76.44,5386.99,4,1,285.0,86,4.9,0
CUST-100263,7,1,1,0,Month-to-month,Electronic check,0,DSL,1,0,0,1,0,1,0,58.9,411.66,6,0,353.3,40,5.5,1
CUST-100264,29,0,0,1,Two year,Mailed check,1,No,1,0,0,0,0,0,0,31.36,895.8,3,0,122.8,7,6.6,0
CUST-100265,5,0,0,0,One year,Credit card (auto),0,DSL,1,0,0,0,0,0,1,55.18,255.18,0,0,211.4,61,7.2,0
CUST-100266,12,0,1,0,Two year,Mailed check,0,Fiber optic,0,1,0,0,0,0,1,78.76,883.0,1,0,235.0,70,7.8,0
CUST-100267,2,1,0,0,Month-to-month,Mailed check,0,DSL,1,0,1,0,1,0,0,55.85,108.95,2,0,197.0,17,6.8,1
CUST-100268,3,0,0,0,One year,Mailed check,1,Fiber optic,1,0,1,0,0,0,0,84.19,249.81,3,0,222.0,54,4.0,1
CUST-100269,0,0,0,1,Month-to-month,Bank transfer (auto),1,DSL,0,0,1,0,0,1,0,56.93,54.44,3,1,169.0,44,5.2,1
CUST-100270,39,1,0,0,Month-to-month,Credit card (auto),1,Fiber optic,1,0,0,0,0,0,1,90.92,3449.58,2,0,5.0,81,6.0,1
CUST-100271,9,0,1,1,Month-to-month,Credit card (auto),0,Fiber optic,0,0,0,1,0,0,0,72.56,623.3,6,1,172.4,87,5.3,1
CUST-100272,17,1,1,0,One year,Mailed check,1,Fiber optic,1,1,0,0,0,0,0,80.93,1318.2,2,1,251.1,18,5.8,0
CUST-100273,21,0,1,0,One year,Mailed check,1,Fiber optic,0,1,0,1,0,1,1,91.8,1903.87,0,1,227.1,16,6.8,0
CUST-100274,4,0,0,0,Month-to-month,Electronic check,0,DSL,1,0,1,0,1,0,0,61.07,240.5,3,0,140.5,66,7.2,1
CUST-100275,70,0,0,0,Month-to-month,Credit card (auto),0,DSL,1,0,0,1,0,1,0,65.78,4453.02,1,1,272.2,25,7.5,0
CUST-100276,13,0,0,1,Month-to-month,Bank transfer (auto),1,DSL,1,0,0,0,0,0,0,57.38,698.67,4,0,181.9,71,6.3,0
CUST-100277,2,0,0,0,Month-to-month,Mailed check,1,DSL,0,0,1,0,0,0,0,43.08,82.36,3,1,216.7,23,6.2,1
CUST-100278,3,1,1,0,One year,Mailed check,1,DSL,0,0,0,1,0,0,0,42.8,125.3,0,1,126.2,4,7.4,0
CUST-100279,12,0,0,1,Month-to-month,Electronic check,1,DSL,0,0,1,0,1,0,0,50.51,559.65,1,0,144.9,69,10.0,0
CUST-100280,3,0,0,1,Two year,Bank transfer (auto),1,Fiber optic,1,0,1,0,0,0,0,72.16,209.71,1,1,204.7,27,7.1,1
CUST-100281,8,1,1,0,Two year,Electronic check,1,DSL,0,0,0,0,0,0,0,56.14,435.51,1,0,185.0,82,6.6,0
CUST-100282,18,0,1,0,Month-to-month,Mailed check,1,Fiber optic,0,0,1,0,0,1,0,71.35,1242.24,2,1,151.9,49,6.0,0
CUST-100283,1,0,0,0,Two year,Electronic check,0,Fiber optic,0,0,1,0,1,0,1,90.42,86.77,1,2,136.2,71,8.6,0
CUST-100284,9,1,1,1,One year,Electronic check,1,Fiber optic,1,0,1,0,1,0,0,80.82,695.0,1,1,5.0,70,6.1,0
CUST-100285,38,0,0,0,Month-to-month,Electronic check,1,Fiber optic,1,1,1,1,0,0,1,102.47,3788.65,3,4,69.5,49,5.3,1
CUST-100286,2,0,1,0,Two year,Bank transfer (auto),1,DSL,1,0,0,0,1,1,1,73.6,139.67,1,0,168.3,1,8.0,0
CUST-100287,23,0,1,1,Month-to-month,Bank transfer (auto),0,Fiber optic,0,0,0,1,0,0,1,68.59,1565.33,3,0,168.4,6,7.3,0
CUST-100288,1,0,0,0,One year,Bank transfer (auto),1,DSL,1,0,1,1,1,0,1,70.33,64.94,2,1,212.9,7,4.4,0
CUST-100289,64,0,0,0,One year,Mailed check,1,Fiber optic,1,0,0,0,0,0,1,92.76,5889.64,1,0,293.9,31,7.3,0
CUST-100290,6,0,0,1,Two year,Credit card (auto),1,No,1,0,0,0,0,0,0,28.61,170.24,2,1,135.3,19,4.7,0
CUST-100291,6,0,1,0,One year,Credit card (auto),1,Fiber optic,0,1,0,0,0,0,0,79.92,467.51,1,0,68.6,18,10.0,0
CUST-100292,26,0,0,0,Two year,Bank transfer (auto),1,No,0,0,0,0,0,0,0,21.57,552.51,1,1,313.4,52,6.2,0
CUST-100293,54,0,1,1,Month-to-month,Bank transfer (auto),0,DSL,1,1,1,1,0,0,0,71.84,3710.53,1,1,219.8,37,6.3,0
CUST-100294,72,0,0,1,Two year,Credit card (auto),1,DSL,0,1,0,0,0,0,0,57.09,3861.56,1,0,129.2,16,9.8,0
CUST-100295,33,0,0,1,One year,Bank transfer (auto),0,DSL,0,1,0,1,0,1,0,57.4,1808.41,3,0,21.2,35,5.9,0
CUST-100296,41,0,0,0,One year,Electronic check,1,DSL,0,0,1,0,1,0,1,58.53,2369.25,0,2,394.1,0,6.0,0
CUST-100297,26,0,0,0,Two year,Mailed check,0,DSL,1,1,0,1,0,1,1,69.12,1737.72,2,0,158.4,73,8.5,0
CUST-100298,5,1,0,0,Month-to-month,Electronic check,0,No,0,0,0,0,0,0,0,18.0,89.0,2,5,215.4,59,8.4,1
CUST-100299,28,0,1,0,Month-to-month,Credit card (auto),1,Fiber optic,0,1,1,1,0,0,0,87.72,2412.92,0,0,95.4,62,7.4,0
CUST-100300,4,0,1,1,Two year,Bank transfer (auto),0,No,0,0,0,0,0,0,0,20.49,76.66,2,0,81.9,10,6.5,0
CUST-100301,24,0,0,0,Two year,Credit card (auto),1,No,0,0,0,0,0,0,0,27.56,651.86,1,1,292.2,66,5.1,0
CUST-100302,18,0,1,0,One year,Electronic check,0,Fiber optic,0,0,0,1,0,0,0,86.18,1428.12,0,1,138.2,46,8.9,0
CUST-100303,9,1,0,0,Month-to-month,Mailed check,1,No,0,0,0,0,0,0,0,18.0,161.68,5,0,128.6,87,5.0,0
CUST-100304,17,0,1,0,Month-to-month,Bank transfer (auto),0,DSL,0,0,0,1,0,1,1,56.03,896.31,1,1,183.9,15,5.6,0
CUST-100305,22,0,0,0,Month-to-month,Credit card (auto),1,No,0,0,0,0,0,0,0,18.0,373.66,4,1,183.2,52,7.0,0
CUST-100306,6,0,1,0,Month-to-month,Credit card (auto),1,Fiber optic,1,0,1,1,1,0,1,104.7,594.41,1,1,275.2,31,5.1,1
CUST-100307,10,0,0,0,Two year,Electronic check,1,Fiber optic,1,0,0,0,0,0,0,69.76,694.42,0,0,168.9,67,8.0,0
CUST-100308,10,0,0,1,One year,Credit card (auto),1,Fiber optic,0,1,1,1,0,1,1,94.56,919.9,1,1,234.0,70,4.1,0
CUST-100309,3,1,1,1,Month-to-month,Credit card (auto),0,No,0,0,0,0,0,0,0,18.0,50.92,4,0,119.0,9,6.7,1
CUST-100310,7,0,0,0,Month-to-month,Credit card (auto),0,No,0,0,0,0,0,0,0,28.84,190.81,1,0,94.9,66,6.8,1
CUST-100311,25,0,0,1,Two year,Bank transfer (auto),1,DSL,0,1,1,1,0,1,0,67.37,1661.62,5,0,96.0,8,6.8,0
CUST-100312,29,0,0,0,One year,Credit card (auto),0,DSL,0,0,1,0,1,0,0,50.21,1348.99,3,1,112.0,66,4.6,1
CUST-100313,14,0,1,0,Month-to-month,Electronic check,1,DSL,0,0,0,0,0,1,0,60.31,830.42,4,2,329.4,21,5.1,0
CUST-100314,14,0,0,0,Month-to-month,Electronic check,0,No,0,0,0,0,0,0,0,18.0,246.92,1,0,130.1,81,5.6,0
CUST-100315,10,0,1,1,Month-to-month,Electronic check,1,DSL,0,0,0,0,1,1,1,59.23,561.37,4,1,129.8,59,4.3,1
CUST-100316,28,0,1,0,Month-to-month,Mailed check,1,Fiber optic,0,1,1,0,1,0,1,74.78,2029.73,4,0,247.0,11,7.0,0
CUST-100317,10,0,1,0,One year,Credit card (auto),1,Fiber optic,1,0,1,0,0,1,0,90.76,893.18,2,2,243.4,31,7.2,1
CUST-100318,23,1,0,1,Month-to-month,Bank transfer (auto),1,No,1,0,0,0,0,0,0,25.87,553.83,3,0,81.3,31,2.9,0
CUST-100319,15,0,1,1,Month-to-month,Mailed check,0,No,0,0,0,0,0,0,0,18.66,278.78,1,0,160.2,82,8.3,0
CUST-100320,14,1,0,1,Month-to-month,Credit card (auto),0,Fiber optic,0,0,1,0,1,1,0,77.71,1021.07,4,0,5.0,30,8.1,1
CUST-100321,69,0,1,0,Month-to-month,Bank transfer (auto),1,Fiber optic,1,0,1,0,1,1,0,84.89,5695.3,1,0,226.4,9,10.0,0
CUST-100322,51,0,0,1,One year,Mailed check,1,No,1,0,0,0,0,0,0,24.72,1227.3,4,1,240.5,30,2.9,0
CUST-100323,23,1,1,0,One year,Bank transfer (auto),1,DSL,0,0,1,0,1,1,1,70.73,1523.58,4,0,237.6,40,8.0,0
CUST-100324,29,0,1,0,Month-to-month,Mailed check,0,Fiber optic,1,0,0,1,0,1,1,93.95,2531.1,0,1,361.1,80,7.2,1
CUST-100325,4,0,0,1,Month-to-month,Bank transfer (auto),1,No,1,0,0,0,0,0,0,22.79,89.45,3,0,221.3,28,5.8,1
CUST-100326,11,0,0,0,One year,Credit card (auto),0,Fiber optic,0,0,0,1,1,0,0,65.66,688.23,1,0,188.1,83,9.6,0
CUST-100327,31,0,0,1,Two year,Mailed check,0,No,1,0,0,0,0,0,0,39.77,1200.1,4,0,195.9,31,5.7,0
CUST-100328,25,1,1,0,Month-to-month,Mailed check,1,Fiber optic,0,0,0,1,0,0,1,64.16,1482.6,1,1,126.5,58,6.6,1
CUST-100329,6,0,0,0,Month-to-month,Bank transfer (auto),0,Fiber optic,0,0,1,0,0,0,1,85.79,505.49,0,1,367.8,66,4.7,1
CUST-100330,72,0,1,0,Two year,Credit card (auto),1,No,1,0,0,0,0,0,0,30.97,2191.44,1,0,341.1,33,4.4,0
CUST-100331,1,0,0,0,Month-to-month,Mailed check,0,Fiber optic,0,1,0,0,1,1,0,82.31,78.63,3,0,130.2,47,6.9,1
CUST-100332,27,0,1,1,Two year,Credit card (auto),1,No,1,0,0,0,0,0,0,24.55,624.08,3,1,76.0,5,8.5,0
CUST-100333,2,0,0,1,Two year,Bank transfer (auto),1,No,1,0,0,0,0,0,0,32.59,60.21,3,2,186.2,14,7.1,0
CUST-100334,59,1,0,0,Month-to-month,Electronic check,1,DSL,1,0,0,0,0,0,1,64.06,3562.23,3,1,176.0,19,7.2,0
CUST-100335,2,0,0,0,Month-to-month,Mailed check,0,DSL,1,0,1,1,1,1,1,82.12,156.33,1,0,186.2,8,5.4,1
CUST-100336,37,1,1,0,Two year,Electronic check,1,Fiber optic,0,1,0,1,1,1,0,94.69,3291.04,0,1,198.3,38,8.3,0
CUST-100337,4,0,0,1,Month-to-month,Electronic check,0,No,1,0,0,0,0,0,0,18.94,69.9,3,3,24.7,30,6.9,1
CUST-100338,72,0,0,0,Month-to-month,Electronic check,1,No,1,0,0,0,0,0,0,23.92,1600.43,4,1,158.9,84,6.1,0
CUST-100339,14,0,0,1,Month-to-month,Bank transfer (auto),1,DSL,0,0,0,1,0,1,0,50.2,681.91,3,1,192.5,32,3.6,0
CUST-100340,28,0,1,0,One year,Bank transfer (auto),0,Fiber optic,1,1,0,0,0,0,0,82.85,2184.86,5,1,88.3,65,7.8,1
CUST-100341,24,1,1,0,Two year,Bank transfer (auto),1,Fiber optic,0,0,0,1,1,0,0,80.71,1912.31,2,0,291.2,85,7.4,0
CUST-100342,16,0,0,0,One year,Mailed check,1,Fiber optic,0,0,1,0,1,0,0,85.43,1279.43,0,0,127.5,74,5.8,0
CUST-100343,35,0,0,0,Month-to-month,Mailed check,1,Fiber optic,0,0,1,0,0,0,1,78.84,2572.86,7,1,156.5,33,6.7,1
CUST-100344,18,0,0,0,One year,Credit card (auto),1,No,1,0,0,0,0,0,0,32.7,559.8,1,0,334.6,57,6.6,0
CUST-100345,66,0,0,0,One year,Credit card (auto),1,Fiber optic,1,1,0,0,1,0,0,84.88,5436.53,0,1,31.6,26,8.5,0
CUST-100346,1,0,1,1,Month-to-month,Bank transfer (auto),1,DSL,0,1,1,0,0,1,1,75.35,74.5,4,1,171.3,34,5.0,1
CUST-100347,72,1,0,0,One year,Electronic check,0,Fiber optic,1,0,1,0,1,0,0,83.19,5866.74,1,4,88.8,6,5.1,0
CUST-100348,20,0,1,1,One year,Credit card (auto),0,DSL,1,0,0,0,0,0,0,49.09,952.54,1,0,213.6,2,8.0,0
CUST-100349,7,0,1,0,Month-to-month,Credit card (auto),1,Fiber optic,1,1,1,1,0,0,1,97.61,647.72,2,0,221.3,46,5.0,1
CUST-100350,14,0,1,0,Two year,Electronic check,0,No,1,0,0,0,0,0,0,34.96,489.08,2,5,183.9,37,7.6,1
CUST-100351,30,0,0,0,Month-to-month,Mailed check,1,Fiber optic,1,0,0,0,1,0,0,77.87,2197.54,2,1,96.9,26,6.6,0
CUST-100352,24,0,1,0,Month-to-month,Electronic check,1,No,0,0,0,0,0,0,0,18.25,410.6,5,2,97.5,57,5.0,0
CUST-100353,50,0,0,0,Month-to-month,Bank transfer (auto),1,Fiber optic,1,1,1,0,1,0,1,93.85,4541.9,4,2,127.9,60,5.9,0
CUST-100354,55,0,0,0,Month-to-month,Mailed check,1,Fiber optic,1,1,0,0,0,0,0,76.34,4129.99,3,0,90.2,24,7.0,0
CUST-100355,23,0,1,0,Month-to-month,Electronic check,1,Fiber optic,1,0,1,0,0,1,0,83.72,1921.71,3,5,221.4,12,3.8,1
CUST-100356,38,1,0,1,Month-to-month,Electronic check,1,Fiber optic,0,0,0,0,0,1,0,70.42,2544.61,1,1,129.2,79,6.5,1
CUST-100357,16,1,0,0,One year,Mailed check,1,Fiber optic,0,0,0,1,0,0,0,82.5,1255.72,2,1,193.1,70,8.9,0
CUST-100358,3,0,0,0,One year,Bank transfer (auto),1,DSL,0,0,0,1,1,0,0,55.01,162.62,0,0,130.5,73,8.6,0
CUST-100359,13,0,0,1,Month-to-month,Mailed check,1,Fiber optic,0,1,0,1,0,0,0,76.01,980.61,4,2,291.2,55,4.9,1
CUST-100360,7,0,1,0,One year,Electronic check,1,DSL,0,0,0,1,1,0,0,65.24,441.28,1,0,267.7,53,6.0,0
CUST-100361,47,0,1,1,One year,Bank transfer (auto),1,DSL,1,0,1,0,0,0,1,72.92,3155.14,2,2,172.7,26,4.0,0
CUST-100362,5,0,1,0,Month-to-month,Credit card (auto),0,Fiber optic,0,1,0,1,0,0,0,89.36,429.2,4,1,222.4,26,6.7,1
CUST-100363,31,0,0,0,Two year,Electronic check,1,No,0,0,0,0,0,0,0,18.0,531.07,1,2,267.9,65,5.1,0
CUST-100364,55,0,0,0,Month-to-month,Mailed check,1,DSL,0,0,1,0,0,1,0,60.23,3173.19,5,0,179.4,73,6.6,0
CUST-100365,3,1,0,0,Month-to-month,Mailed check,1,No,0,0,0,0,0,0,0,32.89,92.21,5,0,114.1,73,5.6,1
CUST-100366,23,1,0,0,Month-to-month,Electronic check,1,Fiber optic,0,0,1,1,1,0,1,85.67,1919.53,4,1,239.1,32,6.2,1
CUST-100367,63,0,1,0,Month-to-month,Credit card (auto),0,DSL,1,1,0,0,1,1,0,65.23,4108.31,3,0,168.0,70,6.4,0
CUST-100368,12,0,1,0,Month-to-month,Credit card (auto),0,DSL,1,1,0,1,0,0,1,63.91,746.13,2,0,32.9,23,5.9,0
CUST-100369,12,0,1,0,Month-to-month,Mailed check,1,DSL,1,1,1,0,0,0,0,63.33,715.57,3,0,141.3,88,5.4,0
CUST-100370,16,0,1,0,One year,Mailed check,1,Fiber optic,0,0,1,1,0,0,0,89.97,1374.05,3,1,286.4,53,6.5,0
CUST-100371,5,0,0,0,Two year,Electronic check,1,Fiber optic,1,0,0,0,0,1,1,87.42,424.23,2,2,192.8,64,4.8,1
CUST-100372,4,1,1,0,One year,Bank transfer (auto),0,Fiber optic,0,0,0,0,0,1,0,71.15,279.11,3,0,22.2,18,5.5,1
CUST-100373,72,0,1,0,One year,Electronic check,0,DSL,0,1,1,1,0,0,1,62.43,4450.13,1,1,120.0,32,5.7,0
CUST-100374,58,0,1,0,One year,Mailed check,1,DSL,0,0,0,1,0,1,0,61.11,3389.47,2,1,141.4,46,8.3,0
CUST-100375,14,0,0,0,One year,Electronic check,0,DSL,0,0,1,0,1,0,1,41.53,578.22,4,2,84.9,7,3.1,0
CUST-100376,8,0,1,0,Month-to-month,Bank transfer (auto),1,No,0,0,0,0,0,0,0,22.33,177.46,5,3,54.0,24,5.5,1
CUST-100377,32,0,0,0,Month-to-month,Credit card (auto),0,Fiber optic,1,0,1,0,1,0,0,85.65,2683.33,4,1,5.0,61,8.7,0
CUST-100378,72,0,1,1,Month-to-month,Electronic check,1,Fiber optic,1,0,0,1,0,1,0,83.11,5928.38,1,1,166.9,63,3.9,0
CUST-100379,52,0,1,0,Month-to-month,Credit card (auto),1,Fiber optic,0,0,1,0,0,0,1,68.46,3440.52,3,0,212.0,65,6.8,1
CUST-100380,12,0,1,0,One year,Credit card (auto),1,DSL,0,0,1,0,0,1,1,62.21,686.81,2,0,5.0,11,5.3,1
CUST-100381,16,0,0,0,Month-to-month,Electronic check,1,DSL,1,0,1,0,0,1,0,60.24,925.05,6,4,356.5,43,5.2,1
CUST-100382,26,0,0,0,Month-to-month,Credit card (auto),0,Fiber optic,1,0,0,0,1,1,0,89.74,2238.77,4,0,83.2,78,4.6,0
CUST-100383,18,0,1,0,Month-to-month,Bank transfer (auto),1,No,0,0,0,0,0,0,0,18.0,299.97,5,0,210.9,28,6.7,1
CUST-100384,8,1,1,1,One year,Bank transfer (auto),1,No,1,0,0,0,0,0,0,18.0,136.11,1,0,223.7,10,6.1,0
CUST-100385,8,0,1,1,Month-to-month,Bank transfer (auto),1,DSL,1,0,1,1,0,0,0,54.67,416.18,1,2,51.4,67,4.7,1
CUST-100386,26,0,0,1,Month-to-month,Electronic check,0,DSL,0,0,0,0,1,0,1,52.65,1332.12,3,1,156.4,20,6.2,0
CUST-100387,72,0,1,1,Month-to-month,Electronic check,0,Fiber optic,0,0,0,1,0,0,1,68.1,4712.06,5,5,266.6,25,3.2,0
CUST-100388,5,0,1,0,Month-to-month,Mailed check,1,DSL,0,1,0,1,1,0,0,59.37,273.53,3,1,77.7,28,3.4,1
CUST-100389,29,0,0,0,One year,Bank transfer (auto),1,No,1,0,0,0,0,0,0,38.0,1100.22,2,0,298.2,8,4.8,0
CUST-100390,63,0,0,0,Month-to-month,Credit card (auto),1,DSL,0,1,1,0,0,0,1,43.54,2596.2,5,0,5.0,80,7.5,0
CUST-100391,0,0,1,1,Month-to-month,Mailed check,1,DSL,1,1,0,1,1,1,0,66.74,63.62,1,1,177.5,24,6.9,1
CUST-100392,13,1,0,0,Two year,Electronic check,0,DSL,0,1,1,1,0,0,0,57.46,723.09,2,1,228.7,15,7.3,1
CUST-100393,32,0,1,0,Month-to-month,Electronic check,0,No,0,0,0,0,0,0,0,18.84,601.05,0,2,134.3,66,5.5,0
CUST-100394,55,0,1,0,One year,Credit card (auto),0,Fiber optic,0,1,1,0,0,0,0,86.86,4531.49,2,1,252.6,76,7.2,0
CUST-100395,68,1,0,0,One year,Electronic check,1,DSL,0,0,1,0,0,0,0,46.94,3034.68,0,2,124.6,31,6.9,1
CUST-100396,8,0,0,0,Month-to-month,Credit card (auto),0,Fiber optic,0,0,0,0,1,1,0,77.24,595.52,2,1,185.7,22,8.4,1
CUST-100397,2,0,1,1,Month-to-month,Electronic check,0,DSL,1,0,0,0,0,0,1,55.3,103.69,3,0,256.8,20,6.3,0
CUST-100398,8,0,1,0,Month-to-month,Electronic check,0,DSL,1,1,0,0,0,0,1,64.89,482.61,1,2,63.5,11,6.3,0
CUST-100399,19,0,1,1,Month-to-month,Electronic check,0,No,0,0,0,0,0,0,0,29.87,545.41,4,2,221.8,43,4.9,1
CUST-100400,6,0,1,0,Month-to-month,Mailed check,1,Fiber optic,0,0,1,1,1,0,0,83.51,499.35,5,0,129.3,72,5.6,1
CUST-100401,10,0,1,0,One year,Mailed check,0,Fiber optic,1,0,0,1,1,0,0,96.19,921.91,2,0,238.2,74,7.5,0
CUST-100402,34,0,1,0,Month-to-month,Credit card (auto),1,Fiber optic,1,0,0,1,0,1,1,92.07,2976.81,4,0,99.0,41,6.4,0
CUST-100403,0,1,1,0,Month-to-month,Bank transfer (auto),1,Fiber optic,0,0,0,0,0,1,1,71.42,66.21,5,0,267.5,39,3.9,1
CUST-100404,43,0,1,0,One year,Electronic check,1,Fiber optic,0,0,0,0,0,0,0,76.68,3182.13,6,3,5.0,89,6.2,0
CUST-100405,1,0,0,0,Month-to-month,Bank transfer (auto),1,DSL,1,0,1,1,1,0,0,66.37,63.72,2,3,85.2,53,4.7,1
CUST-100406,23,0,0,0,One year,Mailed check,0,Fiber optic,0,1,1,1,0,0,1,96.58,2116.62,3,0,359.6,17,6.1,0
CUST-100407,1,0,1,1,Month-to-month,Bank transfer (auto),0,Fiber optic,1,0,0,0,1,0,1,91.95,90.13,6,0,228.9,42,5.3,0
CUST-100408,8,0,0,0,One year,Credit card (auto),0,DSL,0,0,0,1,0,0,0,55.09,413.55,1,1,88.8,58,6.4,0
CUST-100409,14,0,1,1,Two year,Credit card (auto),1,DSL,1,0,0,0,0,0,1,52.92,729.91,1,0,80.7,50,7.0,0
CUST-100410,52,1,1,1,Month-to-month,Bank transfer (auto),0,No,0,0,0,0,0,0,0,18.0,920.34,3,0,132.7,15,5.0,0
CUST-100411,5,0,0,0,Two year,Mailed check,1,No,1,0,0,0,0,0,0,27.76,128.65,1,1,164.9,63,6.7,0
CUST-100412,72,0,0,1,Month-to-month,Mailed check,1,DSL,0,1,0,1,0,0,1,50.36,3617.77,1,0,157.5,3,6.6,0
CUST-100413,52,0,1,1,Month-to-month,Mailed check,1,DSL,1,0,1,0,1,1,1,64.51,3145.63,1,1,286.7,79,8.9,0
CUST-100414,2,0,0,1,Month-to-month,Mailed check,0,Fiber optic,0,0,0,0,1,1,0,74.49,143.08,2,0,368.0,32,6.6,0
CUST-100415,0,0,1,1,Month-to-month,Electronic check,0,Fiber optic,1,0,0,1,0,0,0,75.14,71.3,1,1,166.1,31,8.6,1
CUST-100416,4,0,1,0,Two year,Electronic check,0,Fiber optic,0,0,1,0,0,0,0,73.85,285.8,4,6,206.7,64,4.7,1
CUST-100417,23,0,0,1,Month-to-month,Credit card (auto),0,No,0,0,0,0,0,0,0,20.13,445.98,3,2,149.1,83,5.2,0
CUST-100418,72,0,1,0,Month-to-month,Credit card (auto),1,No,0,0,0,0,0,0,0,18.0,1295.0,3,2,90.8,44,7.6,0
CUST-100419,9,0,0,0,Two year,Electronic check,0,DSL,1,0,1,0,0,0,1,54.51,487.45,0,3,242.5,25,8.7,0
CUST-100420,34,0,0,1,Month-to-month,Credit card (auto),1,DSL,1,0,0,1,0,0,0,52.51,1680.07,1,1,185.9,46,6.0,0
CUST-100421,2,0,0,0,One year,Credit card (auto),0,DSL,0,0,0,0,1,1,0,55.36,104.95,0,0,290.8,84,7.9,0
CUST-100422,37,0,0,0,Month-to-month,Electronic check,0,No,1,0,0,0,0,0,0,26.51,971.64,1,2,115.5,64,7.3,0
CUST-100423,48,0,1,0,Two year,Credit card (auto),1,Fiber optic,1,0,1,0,0,0,0,83.1,3870.83,1,0,176.6,20,7.0,1
CUST-100424,53,0,0,0,Month-to-month,Credit card (auto),1,No,0,0,0,0,0,0,0,18.0,937.3,0,0,47.8,41,6.8,0
CUST-100425,54,0,0,1,One year,Bank transfer (auto),1,Fiber optic,1,1,0,0,0,0,0,85.0,4433.33,0,0,179.1,11,6.9,0
CUST-100426,39,1,0,0,One year,Credit card (auto),0,Fiber optic,0,0,0,1,1,1,0,88.17,3424.82,2,2,207.3,22,8.4,0
CUST-100427,2,0,0,0,Two year,Electronic check,1,DSL,0,0,1,1,0,0,0,46.15,88.77,2,1,121.8,54,8.1,0
CUST-100428,20,0,0,0,Two year,Bank transfer (auto),1,DSL,0,0,0,0,0,1,0,46.75,899.19,4,0,187.7,26,5.2,0
CUST-100429,10,1,1,1,One year,Bank transfer (auto),0,No,1,0,0,0,0,0,0,18.05,168.65,4,0,206.4,77,5.5,0
CUST-100430,11,0,0,1,Month-to-month,Bank transfer (auto),1,Fiber optic,0,1,0,0,0,1,1,88.42,915.53,6,0,16.9,48,4.6,1
CUST-100431,54,0,1,0,Month-to-month,Electronic check,1,No,1,0,0,0,0,0,0,41.34,2224.14,2,1,63.5,82,8.3,0
CUST-100432,52,0,0,1,Two year,Bank transfer (auto),0,DSL,1,1,1,1,0,1,0,76.41,3856.87,1,0,168.3,32,6.6,0
CUST-100433,28,0,0,0,One year,Credit card (auto),1,Fiber optic,1,0,1,0,0,1,0,86.11,2309.97,2,1,130.6,74,6.7,0
CUST-100434,6,0,0,1,Two year,Credit card (auto),1,Fiber optic,0,1,1,0,0,0,1,84.44,498.44,1,1,272.8,5,8.3,1
CUST-100435,26,1,1,0,One year,Electronic check,0,DSL,0,1,0,1,0,0,0,57.42,1481.48,0,2,217.6,18,4.4,1
CUST-100436,7,0,1,0,Month-to-month,Mailed check,1,Fiber optic,0,0,1,0,0,0,0,66.91,452.07,1,1,194.6,7,6.7,1
CUST-100437,36,0,0,0,Month-to-month,Electronic check,1,No,0,0,0,0,0,0,0,20.32,720.1,4,0,237.5,83,3.6,1
CUST-100438,5,0,1,0,Month-to-month,Bank transfer (auto),1,Fiber optic,0,0,1,0,0,0,0,74.35,348.95,2,0,241.4,35,8.6,1
CUST-100439,28,1,0,0,One year,Electronic check,0,Fiber optic,0,1,0,0,0,1,0,77.64,2037.55,3,1,119.5,82,3.9,1
CUST-100440,11,0,1,0,Month-to-month,Credit card (auto),1,Fiber optic,0,0,0,0,0,1,0,71.94,729.31,6,1,231.3,71,2.2,1
CUST-100441,2,1,1,0,Month-to-month,Bank transfer (auto),0,No,0,0,0,0,0,0,0,20.52,38.43,2,1,335.7,0,8.5,0
CUST-100442,33,0,0,0,One year,Mailed check,0,No,0,0,0,0,0,0,0,18.0,583.66,3,1,249.2,18,5.1,0
CUST-100443,3,0,0,0,Month-to-month,Bank transfer (auto),1,Fiber optic,0,0,1,0,1,1,1,83.46,242.5,2,1,149.8,20,5.0,0
CUST-100444,72,0,0,0,Month-to-month,Electronic check,1,Fiber optic,1,1,1,0,0,1,0,93.14,6593.82,5,3,5.1,42,3.0,0
CUST-100445,16,0,1,1,Month-to-month,Electronic check,1,Fiber optic,1,1,1,1,0,1,0,95.72,1470.48,3,1,54.0,13,6.6,0
CUST-100446,9,0,0,0,Month-to-month,Electronic check,0,No,0,0,0,0,0,0,0,20.07,171.36,1,4,193.5,55,6.3,1
CUST-100447,5,1,1,0,Month-to-month,Bank transfer (auto),1,No,0,0,0,0,0,0,0,25.81,119.9,2,0,100.0,76,7.3,0
CUST-100448,18,0,0,1,One year,Credit card (auto),0,Fiber optic,0,1,0,0,0,0,0,73.87,1264.9,0,0,67.9,7,7.2,0
CUST-100449,33,0,1,0,Two year,Electronic check,0,DSL,0,1,1,0,0,1,0,57.22,1869.47,2,2,251.4,51,8.8,0
CUST-100450,43,0,0,0,One year,Bank transfer (auto),1,No,0,0,0,0,0,0,0,23.9,978.74,3,1,283.8,16,6.1,0
CUST-100451,21,0,1,0,Two year,Electronic check,0,DSL,0,1,0,0,0,0,0,60.09,1217.94,2,0,84.0,4,6.4,0
CUST-100452,72,0,0,1,Month-to-month,Mailed check,1,DSL,0,0,0,1,0,1,0,51.17,3657.4,2,1,317.7,11,4.7,0
CUST-100453,37,0,0,0,Month-to-month,Bank transfer (auto),0,Fiber optic,1,0,1,1,0,0,0,89.71,3224.48,3,0,126.8,24,4.3,1
CUST-100454,4,0,0,0,Month-to-month,Credit card (auto),1,Fiber optic,0,1,0,0,1,0,0,77.44,299.66,1,0,197.0,8,10.0,0
CUST-100455,72,1,1,0,One year,Credit card (auto),1,DSL,0,0,0,0,0,1,1,48.3,3458.72,1,0,23.5,32,4.9,0
CUST-100456,10,0,0,1,Month-to-month,Bank transfer (auto),0,DSL,0,0,1,0,0,0,0,49.34,466.51,1,1,256.8,28,5.1,0
CUST-100457,72,0,1,0,Two year,Mailed check,1,No,1,0,0,0,0,0,0,31.64,2273.62,5,1,35.9,28,5.2,0
CUST-100458,7,0,1,1,One year,Electronic check,0,Fiber optic,1,0,1,0,0,1,0,81.98,567.65,1,0,41.4,83,8.9,0
CUST-100459,13,1,0,0,Two year,Electronic check,0,DSL,0,0,0,1,1,0,0,60.69,761.29,1,1,195.4,78,5.6,0
CUST-100460,28,0,0,0,Month-to-month,Credit card (auto),0,DSL,0,0,1,0,0,0,1,51.64,1375.75,2,0,35.6,53,6.3,1
CUST-100461,2,0,0,0,One year,Bank transfer (auto),1,Fiber optic,1,1,0,0,0,0,0,79.83,148.4,2,0,165.0,42,7.2,1
CUST-100462,63,0,0,1,Month-to-month,Mailed check,0,DSL,1,0,0,0,0,0,1,61.99,3715.12,4,0,55.5,48,6.1,0
CUST-100463,11,0,0,0,Month-to-month,Electronic check,0,DSL,1,0,1,0,1,0,1,68.11,711.92,2,1,265.9,21,8.4,0
CUST-100464,6,1,1,0,One year,Electronic check,1,No,0,0,0,0,0,0,0,18.0,101.64,2,2,252.4,66,6.7,0
CUST-100465,1,1,0,1,Month-to-month,Bank transfer (auto),1,Fiber optic,1,1,0,0,1,1,0,83.65,80.2,2,0,103.2,32,10.0,0
CUST-100466,1,0,0,0,Two year,Mailed check,0,Fiber optic,1,0,0,0,0,1,0,92.78,92.61,2,1,240.0,35,7.0,0
CUST-100467,1,0,1,0,One year,Credit card (auto),1,Fiber optic,1,0,0,0,1,0,0,83.55,79.38,4,0,110.0,22,6.7,1
CUST-100468,9,0,0,0,One year,Mailed check,1,Fiber optic,0,1,0,0,0,1,0,90.23,767.5,3,1,251.9,10,4.5,0
CUST-100469,9,0,1,0,Month-to-month,Credit card (auto),0,Fiber optic,0,0,1,0,0,1,1,80.55,683.18,0,0,190.4,62,7.7,1
CUST-100470,24,1,1,0,Month-to-month,Electronic check,1,Fiber optic,0,1,0,1,0,1,1,90.0,1992.59,3,2,292.5,50,4.8,0
CUST-100471,55,0,0,0,Month-to-month,Electronic check,0,Fiber optic,0,0,0,1,0,1,0,71.6,3669.8,5,0,120.7,22,5.2,0
CUST-100472,28,0,0,0,One year,Electronic check,1,DSL,0,1,1,1,1,0,0,56.96,1496.53,1,1,170.4,43,7.6,0
CUST-100473,26,0,1,1,Month-to-month,Electronic check,1,Fiber optic,1,1,1,0,0,0,1,88.91,2285.09,5,4,216.4,0,5.4,0
CUST-100474,13,0,1,0,Two year,Credit card (auto),1,DSL,1,0,1,0,0,0,0,67.48,861.08,3,0,318.8,3,6.4,0
CUST-100475,23,0,1,0,Two year,Credit card (auto),1,No,0,0,0,0,0,0,0,21.39,481.31,4,0,186.0,46,4.4,0
CUST-100476,19,0,1,0,Month-to-month,Mailed check,0,Fiber optic,1,0,1,1,0,1,1,102.53,1818.61,2,0,90.8,77,5.1,1
CUST-100477,1,0,1,0,One year,Mailed check,0,No,1,0,0,0,0,0,0,40.17,40.1,2,1,22.1,43,4.7,0
CUST-100478,6,0,1,0,Month-to-month,Bank transfer (auto),0,Fiber optic,0,0,0,1,1,0,0,84.71,506.54,1,1,153.0,86,7.7,1
CUST-100479,6,0,1,0,Month-to-month,Bank transfer (auto),1,Fiber optic,1,0,0,1,0,0,0,87.95,513.2,3,0,177.5,38,5.9,0
CUST-100480,2,1,1,1,Month-to-month,Electronic check,0,Fiber optic,1,0,1,0,0,1,1,92.3,183.84,3,3,5.0,24,5.8,1
CUST-100481,11,0,1,0,Two year,Mailed check,0,DSL,0,0,0,0,0,0,0,53.69,580.26,3,0,181.5,54,4.7,0
CUST-100482,1,0,0,0,Two year,Electronic check,1,No,0,0,0,0,0,0,0,22.19,20.64,2,2,250.0,85,5.2,0
CUST-100483,36,0,1,0,Month-to-month,Credit card (auto),1,Fiber optic,0,1,1,0,0,1,0,90.33,3140.1,2,1,53.7,44,8.1,0
CUST-100484,37,0,0,0,Month-to-month,Mailed check,1,Fiber optic,1,0,1,1,0,0,0,85.07,2971.91,2,0,118.3,10,6.1,0
CUST-100485,3,0,0,0,Month-to-month,Bank transfer (auto),1,No,1,0,0,0,0,0,0,32.17,91.26,4,0,5.0,65,7.9,0
CUST-100486,2,0,0,1,Month-to-month,Credit card (auto),0,Fiber optic,1,0,0,1,0,1,0,89.57,175.26,5,0,131.8,78,6.3,1
CUST-100487,72,0,0,1,Month-to-month,Electronic check,0,Fiber optic,1,0,0,1,0,0,1,85.07,5942.22,2,2,118.6,52,5.4,0
CUST-100488,8,0,1,0,Two year,Electronic check,1,Fiber optic,1,0,0,1,0,1,0,78.56,606.31,4,1,255.2,4,7.1,0
CUST-100489,17,1,0,0,Two year,Electronic check,1,Fiber optic,0,0,0,1,0,0,0,76.44,1298.86,2,2,165.4,12,6.4,0
CUST-100490,15,0,1,0,Month-to-month,Bank transfer (auto),1,Fiber optic,0,0,0,1,0,0,1,81.73,1153.53,3,1,221.9,86,4.5,1
CUST-100491,31,0,0,0,Two year,Mailed check,0,Fiber optic,0,0,1,1,0,0,0,73.0,2240.22,1,0,251.9,39,6.9,1
CUST-100492,25,0,0,0,One year,Electronic check,0,No,0,0,0,0,0,0,0,20.89,509.27,0,2,379.3,62,6.8,0
CUST-100493,55,0,0,1,One year,Electronic check,1,DSL,0,0,0,0,0,1,1,55.79,2829.82,6,1,191.0,46,3.9,1
CUST-100494,5,0,1,0,Two year,Bank transfer (auto),0,Fiber optic,0,1,0,1,1,0,0,90.17,431.79,0,1,91.6,52,6.9,0
CUST-100495,25,1,1,0,Month-to-month,Bank transfer (auto),0,DSL,1,0,0,1,0,0,1,63.87,1488.54,4,2,95.2,66,2.9,1
CUST-100496,10,0,0,0,Month-to-month,Electronic check,1,Fiber optic,1,0,1,0,0,1,0,91.22,847.91,4,2,212.9,81,5.5,1
CUST-100497,17,0,0,0,Month-to-month,Credit card (auto),1,DSL,1,0,0,0,0,0,0,52.13,864.45,4,0,227.5,26,5.2,0
CUST-100498,72,0,0,1,One year,Mailed check,0,Fiber optic,1,1,0,0,1,0,1,89.65,6396.86,1,0,204.8,66,6.8,0
CUST-100499,13,0,0,1,Month-to-month,Electronic check,0,DSL,1,0,0,0,0,0,1,56.69,718.07,1,0,116.3,5,7.8,1
CUST-100500,28,0,0,1,Month-to-month,Electronic check,0,DSL,1,0,1,0,1,0,0,59.3,1572.88,0,3,308.3,47,10.0,0
CUST-100501,15,0,1,1,Month-to-month,Bank transfer (auto),0,Fiber optic,0,1,0,1,0,1,1,86.57,1199.33,4,0,172.1,24,5.5,0
CUST-100502,5,0,0,0,Month-to-month,Bank transfer (auto),0,Fiber optic,0,0,1,0,1,1,0,86.62,414.7,2,1,98.1,24,7.1,0
CUST-100503,0,0,0,1,Month-to-month,Mailed check,1,Fiber optic,0,0,1,0,1,0,1,86.78,81.19,1,1,298.9,73,8.4,1
CUST-100504,37,0,1,1,Month-to-month,Electronic check,0,No,0,0,0,0,0,0,0,22.68,827.44,1,2,346.2,3,6.9,0
CUST-100505,2,0,1,0,Two year,Mailed check,0,DSL,0,1,0,1,0,1,0,60.37,114.45,3,1,325.5,71,6.2,0
CUST-100506,5,0,0,0,One year,Mailed check,1,Fiber optic,1,1,1,0,0,0,0,94.94,470.95,4,1,64.6,46,6.3,0
CUST-100507,22,0,1,0,Month-to-month,Mailed check,0,Fiber optic,1,1,0,0,0,1,1,99.39,2033.16,5,0,343.3,6,6.1,1
CUST-100508,9,0,1,1,Two year,Mailed check,1,No,1,0,0,0,0,0,0,28.93,240.84,0,0,133.6,24,6.5,0
CUST-100509,15,0,0,0,Two year,Mailed check,0,DSL,1,0,0,0,0,0,0,62.34,860.55,2,0,117.5,5,7.5,0
CUST-100510,15,1,0,1,Month-to-month,Electronic check,1,Fiber optic,1,0,1,0,1,1,0,100.04,1498.14,2,1,209.5,83,6.8,1
CUST-100511,1,0,1,1,One year,Electronic check,1,No,1,0,0,0,0,0,0,28.93,27.71,2,2,151.6,28,6.0,0
CUST-100512,53,0,1,1,Month-to-month,Electronic check,0,Fiber optic,1,1,0,0,0,0,0,78.83,4085.54,4,4,125.6,30,4.7,1
CUST-100513,72,1,1,0,Month-to-month,Bank transfer (auto),1,No,1,0,0,0,0,0,0,25.86,1728.5,4,1,138.5,33,6.3,0
CUST-100514,16,0,0,0,One year,Mailed check,1,DSL,0,0,0,0,0,0,0,45.53,676.38,4,1,191.3,75,5.4,0
CUST-100515,10,0,1,0,Month-to-month,Bank transfer (auto),1,DSL,0,1,0,1,1,1,1,65.64,617.99,0,1,141.7,52,9.4,0
CUST-100516,54,0,0,0,Month-to-month,Electronic check,0,Fiber optic,0,0,1,1,1,1,0,82.13,4118.85,0,1,246.9,71,6.3,0
CUST-100517,13,0,1,0,Month-to-month,Mailed check,0,DSL,0,0,1,1,0,1,1,56.81,682.07,2,1,163.8,86,6.5,0
CUST-100518,23,0,1,1,Month-to-month,Electronic check,0,Fiber optic,0,1,0,0,0,0,1,76.46,1627.15,1,1,102.2,58,9.6,0
CUST-100519,50,0,0,0,Month-to-month,Electronic check,1,DSL,1,0,0,0,0,1,0,54.01,2576.55,2,4,70.1,78,5.4,0
CUST-100520,10,0,0,0,Two year,Credit card (auto),0,Fiber optic,1,1,0,0,0,0,0,71.14,678.89,1,1,217.6,31,5.1,1
CUST-100521,46,0,1,1,Month-to-month,Electronic check,0,No,0,0,0,0,0,0,0,25.05,1105.99,4,1,190.2,82,6.5,0
CUST-100522,27,0,1,0,Month-to-month,Electronic check,1,No,0,0,0,0,0,0,0,26.23,686.51,2,0,217.2,28,5.1,0
CUST-100523,25,0,0,1,One year,Mailed check,1,DSL,0,0,0,1,0,1,0,57.57,1355.83,2,0,186.8,7,8.6,0
CUST-100524,42,0,1,0,Month-to-month,Electronic check,1,DSL,0,0,0,0,0,0,0,32.38,1308.66,3,2,218.9,81,5.4,0
CUST-100525,0,0,0,0,One year,Credit card (auto),1,No,0,0,0,0,0,0,0,18.86,18.84,1,1,116.4,58,6.4,0
CUST-100526,9,0,0,0,Month-to-month,Credit card (auto),0,Fiber optic,0,1,0,0,1,0,1,86.22,754.12,1,0,162.7,16,7.2,0
CUST-100527,5,0,0,0,Month-to-month,Mailed check,1,Fiber optic,1,0,0,1,1,0,1,98.98,487.61,4,4,325.8,55,4.6,1
CUST-100528,8,0,1,0,Month-to-month,Electronic check,1,No,0,0,0,0,0,0,0,33.04,261.79,4,2,204.2,63,5.1,1
CUST-100529,10,0,0,1,Month-to-month,Mailed check,1,Fiber optic,0,0,0,0,0,0,0,70.07,657.06,2,2,277.8,86,5.6,1
CUST-100530,6,0,1,1,One year,Mailed check,0,Fiber optic,0,0,1,0,0,0,0,75.44,424.2,3,0,61.2,18,6.0,0
CUST-100531,14,1,0,0,One year,Mailed check,0,No,1,0,0,0,0,0,0,30.93,405.76,1,0,133.7,82,7.4,0
CUST-100532,8,0,1,0,Month-to-month,Electronic check,1,Fiber optic,1,0,0,1,0,1,0,83.48,635.86,1,2,108.5,25,6.0,0
CUST-100533,13,0,1,0,Month-to-month,Electronic check,1,Fiber optic,0,1,0,0,0,0,0,69.9,903.73,4,1,71.1,87,9.7,1
CUST-100534,16,0,0,0,Two year,Electronic check,1,No,1,0,0,0,0,0,0,33.31,527.25,0,2,174.8,19,6.9,0
CUST-100535,7,1,0,0,Month-to-month,Mailed check,1,Fiber optic,0,0,0,0,0,0,0,74.08,494.85,3,2,137.2,33,6.8,1
CUST-100536,23,0,0,0,Month-to-month,Bank transfer (auto),1,No,1,0,0,0,0,0,0,26.79,589.98,3,0,161.8,79,5.2,0
CUST-100537,28,0,0,0,One year,Credit card (auto),1,DSL,0,0,1,1,1,0,0,49.1,1360.26,1,0,187.1,83,7.1,0
CUST-100538,37,0,1,0,Month-to-month,Electronic check,1,No,1,0,0,0,0,0,0,18.0,642.32,6,1,143.3,4,4.3,1
CUST-100539,6,0,1,0,Two year,Credit card (auto),1,DSL,0,1,0,1,1,1,0,62.56,356.64,0,0,220.3,10,10.0,0
CUST-100540,24,1,0,1,Month-to-month,Electronic check,1,DSL,0,0,0,1,1,1,0,58.27,1292.88,1,1,262.3,63,7.5,0
CUST-100541,33,0,1,0,Two year,Electronic check,0,Fiber optic,0,0,0,1,1,1,0,82.03,2585.32,1,3,14.6,53,5.8,1
CUST-100542,1,0,0,0,Month-to-month,Bank transfer (auto),1,No,1,0,0,0,0,0,0,33.4,31.24,1,0,138.6,1,4.8,0
CUST-100543,14,0,0,0,Month-to-month,Electronic check,0,Fiber optic,1,0,0,1,1,0,0,88.3,1142.49,2,3,253.4,36,7.0,0
CUST-100544,23,0,0,0,Month-to-month,Credit card (auto),1,Fiber optic,0,0,0,0,1,0,0,62.64,1332.73,0,0,116.8,1,8.3,0
CUST-100545,7,0,0,1,Two year,Credit card (auto),0,No,0,0,0,0,0,0,0,32.0,216.6,0,0,320.2,62,8.8,0
CUST-100546,44,0,1,0,Month-to-month,Electronic check,1,Fiber optic,0,1,0,0,0,0,0,59.43,2494.74,5,0,324.8,68,5.3,0
CUST-100547,31,0,0,1,Month-to-month,Electronic check,0,No,1,0,0,0,0,0,0,24.71,755.82,2,1,88.6,83,6.7,0
CUST-100548,5,0,1,0,Two year,Electronic check,1,DSL,0,0,0,1,0,0,0,43.5,211.0,3,0,142.4,85,7.2,0
CUST-100549,14,0,0,0,Month-to-month,Credit card (auto),1,DSL,1,0,0,0,0,0,1,60.42,782.86,4,0,212.5,11,4.6,0
CUST-100550,72,0,1,0,Month-to-month,Electronic check,0,DSL,0,1,1,1,0,0,0,50.79,3505.62,3,2,322.8,44,7.4,0
CUST-100551,19,1,0,0,Month-to-month,Bank transfer (auto),1,No,0,0,0,0,0,0,0,23.97,440.56,2,0,222.3,58,4.4,1
CUST-100552,34,0,0,0,Two year,Electronic check,1,DSL,1,0,1,0,0,0,1,60.13,2017.86,3,4,206.5,61,5.9,0
CUST-100553,59,0,0,0,Month-to-month,Bank transfer (auto),1,Fiber optic,0,0,1,0,1,1,0,87.83,5167.12,3,0,201.5,82,6.0,0
CUST-100554,14,0,0,0,Month-to-month,Electronic check,0,DSL,1,1,0,0,1,0,0,47.64,636.89,1,2,221.5,79,6.6,1
CUST-100555,2,0,0,0,Two year,Credit card (auto),0,DSL,1,0,0,1,1,1,0,65.31,122.7,1,1,182.7,28,8.0,0
CUST-100556,6,0,0,0,One year,Bank transfer (auto),0,Fiber optic,0,0,0,0,0,1,0,78.7,453.17,1,0,182.2,89,8.6,0
CUST-100557,16,0,1,0,Month-to-month,Electronic check,1,DSL,0,0,1,1,1,0,1,56.19,842.36,1,3,164.1,46,6.9,0
CUST-100558,14,0,0,0,One year,Electronic check,1,No,1,0,0,0,0,0,0,29.86,393.75,0,3,176.0,3,6.2,0
CUST-100559,19,0,1,1,Month-to-month,Mailed check,0,No,1,0,0,0,0,0,0,29.66,525.05,2,0,161.4,35,5.6,0
CUST-100560,32,0,1,0,Month-to-month,Bank transfer (auto),1,Fiber optic,0,0,1,1,0,0,0,80.5,2502.67,8,2,306.4,57,2.1,1
CUST-100561,36,0,0,0,Month-to-month,Credit card (auto),1,Fiber optic,0,0,1,0,0,0,0,72.33,2540.48,3,1,243.6,29,5.1,0
CUST-100562,26,0,1,0,One year,Mailed check,0,No,0,0,0,0,0,0,0,24.37,601.55,2,1,181.0,66,7.0,0
CUST-100563,69,0,0,0,One year,Credit card (auto),1,Fiber optic,0,0,1,0,0,0,1,81.09,5151.37,3,0,355.1,54,6.7,0
CUST-100564,72,0,1,0,Month-to-month,Electronic check,0,DSL,0,0,0,0,1,1,0,55.74,3886.19,1,3,15.0,71,6.3,0
CUST-100565,31,0,1,0,Month-to-month,Credit card (auto),0,Fiber optic,0,0,0,0,1,0,0,71.03,2067.2,1,0,147.4,86,6.9,0
CUST-100566,47,0,1,1,Month-to-month,Credit card (auto),0,Fiber optic,1,1,1,0,0,1,0,85.59,3737.85,2,2,183.8,34,7.7,0
CUST-100567,12,1,0,1,One year,Bank transfer (auto),0,Fiber optic,1,0,1,1,0,0,1,94.37,1086.61,4,0,173.6,16,6.7,0
CUST-100568,3,0,1,0,One year,Credit card (auto),1,Fiber optic,0,0,0,1,1,1,1,83.77,237.8,1,2,231.4,2,7.3,0
CUST-100569,20,0,0,1,One year,Mailed check,0,No,0,0,0,0,0,0,0,28.66,544.73,1,2,237.1,3,4.7,1
CUST-100570,62,0,0,0,Two year,Bank transfer (auto),0,Fiber optic,1,0,0,0,1,0,1,99.23,6038.62,2,0,212.2,10,6.6,0
CUST-100571,4,0,0,1,Two year,Electronic check,0,DSL,1,1,0,0,0,0,1,57.76,228.84,3,0,79.4,41,8.3,0
CUST-100572,11,0,0,0,Two year,Electronic check,0,Fiber optic,1,1,0,1,1,1,0,91.06,988.72,3,0,266.4,37,7.3,0
CUST-100573,24,0,1,1,One year,Bank transfer (auto),0,Fiber optic,0,1,0,0,1,0,0,81.66,1894.57,3,0,130.1,69,4.3,0
CUST-100574,14,0,1,0,Month-to-month,Credit card (auto),0,DSL,1,1,0,1,0,0,0,63.83,832.43,2,0,179.6,63,6.9,0
CUST-100575,1,0,0,0,One year,Credit card (auto),0,DSL,1,0,0,0,1,0,0,57.31,54.38,1,1,220.2,79,8.1,0
CUST-100576,72,0,1,1,Month-to-month,Bank transfer (auto),1,Fiber optic,1,0,0,1,1,0,1,94.96,6541.38,2,0,5.0,62,6.4,0
CUST-100577,19,0,1,0,Month-to-month,Credit card (auto),0,Fiber optic,1,0,1,0,0,0,0,86.74,1588.81,3,0,155.2,88,6.6,1
CUST-100578,7,0,1,0,Month-to-month,Credit card (auto),0,DSL,1,1,1,0,0,0,0,57.37,374.28,3,0,5.0,49,9.4,0
CUST-100579,12,0,1,0,Month-to-month,Credit card (auto),1,Fiber optic,0,0,0,1,1,0,1,78.37,887.71,1,2,164.5,82,4.8,1
CUST-100580,1,0,0,0,One year,Electronic check,0,Fiber optic,0,0,1,0,0,1,0,67.8,66.93,1,0,5.0,43,5.2,0
CUST-100581,19,0,0,0,Month-to-month,Mailed check,1,DSL,1,1,0,1,1,0,0,56.36,1069.82,4,0,282.9,3,5.5,0
CUST-100582,40,1,1,0,Month-to-month,Mailed check,0,No,0,0,0,0,0,0,0,18.0,675.57,5,2,130.2,64,3.2,1
CUST-100583,19,0,0,0,Two year,Credit card (auto),1,Fiber optic,0,1,1,0,0,0,1,81.49,1517.81,2,1,116.5,15,7.0,0
CUST-100584,36,0,1,1,One year,Bank transfer (auto),1,DSL,0,1,0,0,0,1,1,63.31,2146.48,1,2,372.9,20,7.0,0
CUST-100585,16,1,1,0,Month-to-month,Credit card (auto),1,No,1,0,0,0,0,0,0,31.69,472.28,2,0,160.6,73,6.4,0
CUST-100586,35,0,1,1,Month-to-month,Credit card (auto),1,Fiber optic,0,1,1,0,0,1,1,90.81,2960.65,4,0,253.0,21,5.8,0
CUST-100587,17,0,0,0,Month-to-month,Bank transfer (auto),0,No,1,0,0,0,0,0,0,26.82,450.09,2,0,75.2,1,6.6,0
CUST-100588,25,0,1,1,Two year,Credit card (auto),1,DSL,1,1,1,0,0,1,0,79.9,1911.16,1,0,84.8,75,7.1,0
CUST-100589,46,0,1,1,Month-to-month,Bank transfer (auto),1,Fiber optic,0,0,1,0,0,1,0,71.87,3208.63,3,1,164.3,54,4.9,0
CUST-100590,72,0,0,1,Two year,Bank transfer (auto),0,Fiber optic,1,0,0,0,0,1,0,81.0,5779.03,1,0,118.7,71,7.0,0
CUST-100591,13,0,0,0,Month-to-month,Mailed check,1,No,1,0,0,0,0,0,0,30.05,378.05,7,2,122.5,44,5.8,1
CUST-100592,72,0,0,0,One year,Credit card (auto),1,No,0,0,0,0,0,0,0,18.0,1192.52,4,2,162.3,74,5.9,0
CUST-100593,3,0,0,1,Month-to-month,Credit card (auto),1,Fiber optic,1,0,1,1,0,0,0,85.2,247.72,9,0,107.8,22,2.9,1
CUST-100594,22,0,1,1,Month-to-month,Bank transfer (auto),0,No,0,0,0,0,0,0,0,18.0,366.48,4,0,31.4,22,5.8,0
CUST-100595,17,0,1,0,Month-to-month,Electronic check,0,DSL,0,1,0,0,0,1,0,51.97,844.93,4,2,211.3,38,3.0,1
CUST-100596,21,0,0,0,Month-to-month,Mailed check,0,Fiber optic,1,0,0,0,0,0,0,86.86,1791.02,6,1,167.7,53,1.9,1
CUST-100597,44,1,1,1,Two year,Credit card (auto),1,Fiber optic,0,1,0,0,1,1,0,84.51,3670.2,1,1,124.8,70,7.0,0
CUST-100598,12,0,0,0,One year,Credit card (auto),1,DSL,1,0,0,0,1,0,0,69.09,790.56,2,0,328.0,44,7.8,0
CUST-100599,72,1,0,0,Month-to-month,Credit card (auto),1,DSL,1,1,0,1,1,1,0,79.53,5537.01,2,0,239.3,34,8.1,0
CUST-100600,19,0,0,1,One year,Bank transfer (auto),1,DSL,0,1,0,0,1,0,1,49.65,926.95,0,1,134.7,70,3.7,0
CUST-100601,35,0,1,0,Month-to-month,Bank transfer (auto),1,DSL,0,1,0,0,0,1,1,51.6,1704.38,3,1,150.9,21,9.4,0
CUST-100602,21,0,1,0,Two year,Electronic check,1,DSL,0,0,0,0,0,0,1,58.11,1178.95,3,1,5.0,63,5.5,0
CUST-100603,18,0,1,0,Month-to-month,Bank transfer (auto),0,DSL,1,1,0,0,0,0,0,56.93,960.83,4,1,89.2,18,5.9,0
CUST-100604,14,0,1,0,Month-to-month,Mailed check,0,Fiber optic,0,0,0,0,0,0,0,61.15,802.44,2,1,201.5,45,5.9,0
CUST-100605,1,1,0,0,Month-to-month,Credit card (auto),1,Fiber optic,0,0,0,0,0,0,1,80.23,75.44,2,1,311.7,26,7.1,1
CUST-100606,72,0,1,0,Month-to-month,Electronic check,0,DSL,0,0,0,1,0,0,1,63.25,4362.3,2,3,110.6,48,4.5,0
CUST-100607,25,0,0,0,Two year,Credit card (auto),1,Fiber optic,0,1,0,1,0,0,1,92.45,2143.84,1,0,143.0,20,5.0,0
CUST-100608,66,0,0,1,Month-to-month,Mailed check,0,DSL,1,1,0,0,0,0,0,60.5,3915.85,2,1,176.8,32,9.4,0
CUST-100609,72,0,0,1,Month-to-month,Electronic check,1,Fiber optic,0,0,0,0,1,1,0,86.15,5863.9,1,0,196.7,5,7.5,0
CUST-100610,37,0,0,1,Two year,Bank transfer (auto),0,No,0,0,0,0,0,0,0,23.13,842.62,2,1,75.0,64,5.3,0
CUST-100611,12,1,0,0,Month-to-month,Bank transfer (auto),1,Fiber optic,1,0,0,0,0,1,1,81.22,905.74,1,1,64.3,61,6.8,1
CUST-100612,15,0,0,0,Month-to-month,Credit card (auto),0,Fiber optic,0,0,0,0,0,0,1,81.19,1187.27,7,0,405.8,21,7.2,1
CUST-100613,2,0,0,1,One year,Bank transfer (auto),0,Fiber optic,0,0,0,0,1,1,1,82.22,163.67,0,0,33.3,37,9.3,0
CUST-100614,57,0,1,0,Month-to-month,Bank transfer (auto),1,DSL,0,0,1,0,0,1,0,65.12,3681.51,3,3,295.0,16,6.6,0
CUST-100615,28,0,0,0,Two year,Electronic check,1,Fiber optic,1,0,1,0,0,0,0,80.45,2234.86,6,0,213.0,79,3.7,1
CUST-100616,66,1,0,0,One year,Credit card (auto),0,DSL,1,0,1,0,1,0,1,65.1,4034.49,0,0,170.0,25,6.7,0
CUST-100617,58,1,1,0,Month-to-month,Credit card (auto),1,Fiber optic,0,0,0,0,1,0,1,72.51,4040.36,1,1,201.6,50,7.3,0
CUST-100618,1,0,1,0,Month-to-month,Credit card (auto),1,No,1,0,0,0,0,0,0,32.36,32.29,2,2,332.4,5,6.8,0
CUST-100619,42,1,0,0,Month-to-month,Electronic check,0,No,0,0,0,0,0,0,0,31.42,1225.54,3,3,185.8,30,7.8,0
CUST-100620,4,0,1,0,Month-to-month,Bank transfer (auto),1,Fiber optic,1,1,0,1,1,0,0,96.32,380.75,2,0,224.0,36,6.4,0
CUST-100621,2,0,0,0,One year,Electronic check,1,Fiber optic,0,0,1,0,1,1,0,84.01,163.28,1,1,329.9,87,7.5,0
CUST-100622,27,0,0,0,One year,Credit card (auto),1,Fiber optic,0,0,0,0,0,1,0,71.81,1828.76,2,1,266.6,34,7.3,0
CUST-100623,15,0,1,0,Month-to-month,Electronic check,1,Fiber optic,1,1,0,0,0,1,1,87.58,1233.32,8,2,25.5,71,4.4,0
CUST-100624,38,0,0,1,One year,Electronic check,1,No,0,0,0,0,0,0,0,27.36,1037.47,3,0,27.0,0,7.6,0
CUST-100625,72,0,1,1,Month-to-month,Electronic check,1,Fiber optic,0,1,0,0,0,1,0,75.23,5003.37,3,3,199.4,24,9.2,0
CUST-100626,13,0,0,1,Two year,Bank transfer (auto),0,Fiber optic,0,0,0,1,1,0,0,66.51,837.35,3,0,105.8,78,7.6,1
CUST-100627,22,1,1,0,Month-to-month,Bank transfer (auto),1,DSL,0,0,0,1,1,0,0,72.05,1499.73,4,0,195.1,25,3.8,0
CUST-100628,0,1,1,0,Two year,Bank transfer (auto),0,Fiber optic,0,0,0,0,0,1,0,76.28,74.61,0,1,210.1,29,8.1,0
CUST-100629,6,0,1,0,Month-to-month,Mailed check,0,Fiber optic,1,1,0,0,1,0,0,84.76,503.02,0,2,335.8,89,8.7,0
CUST-100630,27,0,0,0,Month-to-month,Credit card (auto),0,DSL,0,0,0,0,0,1,1,50.02,1331.29,3,2,147.2,38,4.7,1
CUST-100631,0,0,0,1,Month-to-month,Mailed check,1,Fiber optic,0,1,0,1,0,0,0,82.33,81.27,2,0,161.2,5,7.0,0
CUST-100632,25,0,1,1,Two year,Electronic check,1,No,1,0,0,0,0,0,0,21.11,525.28,3,2,75.6,66,4.4,0
CUST-100633,24,0,1,0,Two year,Bank transfer (auto),1,Fiber optic,0,0,0,0,0,1,0,70.79,1671.08,0,0,169.4,71,9.2,1
CUST-100634,2,0,0,0,One year,Mailed check,0,DSL,1,0,0,1,1,1,1,73.61,142.43,2,0,76.8,33,8.5,0
CUST-100635,62,0,0,1,Month-to-month,Bank transfer (auto),0,DSL,0,1,0,0,0,1,1,53.25,3098.2,3,1,224.3,11,5.7,0
CUST-100636,35,0,1,0,One year,Mailed check,1,Fiber optic,0,0,0,0,0,1,1,71.98,2375.34,0,0,140.9,50,8.0,0
CUST-100637,58,0,1,1,Month-to-month,Bank transfer (auto),0,DSL,1,0,0,0,0,1,1,58.86,3188.66,5,0,149.5,78,4.4,0
CUST-100638,4,0,1,1,One year,Electronic check,1,DSL,1,1,1,1,0,0,0,64.83,252.53,3,2,248.9,7,3.6,0
CUST-100639,34,1,1,0,Month-to-month,Mailed check,1,DSL,0,1,0,1,0,1,0,57.06,1796.17,6,2,177.2,57,5.8,0
CUST-100640,10,0,0,1,Two year,Mailed check,1,Fiber optic,0,1,0,1,0,1,0,81.9,760.28,1,0,250.9,88,5.3,0
CUST-100641,72,0,0,1,One year,Bank transfer (auto),1,DSL,1,1,0,0,1,0,0,63.7,4406.44,2,0,117.1,29,5.6,0
CUST-100642,16,0,1,1,Month-to-month,Electronic check,0,DSL,0,0,0,0,1,1,0,49.84,754.9,1,1,248.1,26,6.8,0
CUST-100643,23,0,1,0,One year,Electronic check,0,No,0,0,0,0,0,0,0,21.79,497.93,2,2,80.4,7,5.4,0
CUST-100644,8,0,0,0,Month-to-month,Electronic check,1,No,0,0,0,0,0,0,0,18.0,142.0,2,0,256.6,88,3.7,1
CUST-100645,15,0,1,0,Month-to-month,Mailed check,1,No,0,0,0,0,0,0,0,19.29,275.42,3,0,116.5,25,5.7,0
CUST-100646,33,0,0,0,Month-to-month,Electronic check,0,DSL,0,0,0,0,0,0,1,45.7,1495.59,2,1,76.5,15,5.7,0
CUST-100647,26,0,0,0,Month-to-month,Bank transfer (auto),0,DSL,0,0,0,0,0,0,1,38.65,971.44,4,0,192.8,17,6.8,0
CUST-100648,0,0,1,0,Month-to-month,Electronic check,1,Fiber optic,0,1,0,0,1,0,1,85.33,81.69,1,1,324.1,59,9.1,1
CUST-100649,1,0,0,0,One year,Mailed check,1,No,0,0,0,0,0,0,0,26.41,26.02,5,2,179.8,6,6.0,1
CUST-100650,15,0,0,1,One year,Bank transfer (auto),0,Fiber optic,0,1,1,0,0,0,1,85.05,1274.15,1,0,181.5,55,5.9,1
CUST-100651,36,0,1,0,Month-to-month,Mailed check,1,No,1,0,0,0,0,0,0,20.6,725.62,2,1,56.5,64,7.1,0
CUST-100652,22,0,0,0,Two year,Bank transfer (auto),1,Fiber optic,1,1,0,1,0,0,0,79.05,1697.21,2,0,412.6,27,7.7,0
CUST-100653,5,0,0,0,Two year,Bank transfer (auto),1,No,1,0,0,0,0,0,0,33.1,162.56,1,0,67.8,71,6.5,0
CUST-100654,39,0,1,0,Month-to-month,Bank transfer (auto),1,No,1,0,0,0,0,0,0,30.5,1135.56,5,1,203.7,57,4.4,0
CUST-100655,72,0,0,0,Month-to-month,Mailed check,1,DSL,0,0,0,1,1,0,0,54.95,3879.49,3,0,206.2,7,4.7,0
CUST-100656,10,0,1,0,Two year,Mailed check,1,Fiber optic,1,0,1,0,0,0,1,92.12,884.92,0,1,166.2,32,5.3,0
CUST-100657,16,0,0,0,Month-to-month,Electronic check,1,Fiber optic,0,0,0,1,0,0,1,83.04,1317.97,2,1,227.7,10,6.4,0
CUST-100658,14,0,0,0,Month-to-month,Mailed check,1,DSL,0,1,1,0,0,0,0,54.77,758.22,6,0,251.2,5,6.1,0
CUST-100659,8,0,1,0,Two year,Credit card (auto),0,Fiber optic,0,1,0,0,0,0,0,82.88,615.61,1,3,9.9,17,6.6,0
CUST-100660,10,0,0,0,One year,Electronic check,1,Fiber optic,0,0,0,0,0,1,0,84.81,810.19,2,0,329.2,78,7.7,0
CUST-100661,9,0,1,0,Two year,Electronic check,1,Fiber optic,0,0,1,1,1,1,0,95.7,840.66,3,2,108.3,50,5.3,1
CUST-100662,5,1,1,0,Two year,Bank transfer (auto),0,No,1,0,0,0,0,0,0,32.6,151.35,1,0,140.1,12,5.7,0
CUST-100663,1,1,1,1,Month-to-month,Bank transfer (auto),0,DSL,0,0,0,0,0,1,0,50.2,47.51,1,1,107.7,23,6.8,0
CUST-100664,8,0,0,0,One year,Credit card (auto),0,No,0,0,0,0,0,0,0,20.29,153.95,2,1,76.2,15,7.3,0
CUST-100665,52,0,0,0,Two year,Electronic check,1,DSL,0,0,0,1,1,0,0,58.5,2959.91,0,3,293.6,46,6.2,0
CUST-100666,9,0,1,0,Month-to-month,Credit card (auto),0,No,0,0,0,0,0,0,0,18.0,150.15,6,1,151.7,58,3.1,1
CUST-100667,6,0,0,1,Month-to-month,Bank transfer (auto),0,DSL,1,0,0,0,1,0,0,57.14,338.7,4,0,255.9,88,7.8,1
CUST-100668,37,0,1,0,Month-to-month,Credit card (auto),0,Fiber optic,0,0,0,1,0,0,1,75.39,2657.98,6,1,259.7,71,4.2,1
CUST-100669,12,0,1,0,One year,Mailed check,1,No,0,0,0,0,0,0,0,19.57,216.22,3,1,314.4,28,7.4,0
CUST-100670,34,0,0,1,One year,Electronic check,1,DSL,1,1,1,0,0,1,0,61.58,2082.37,2,4,63.4,20,6.6,0
CUST-100671,28,0,0,0,Two year,Electronic check,1,No,0,0,0,0,0,0,0,18.71,507.68,1,1,126.3,12,6.1,0
CUST-100672,28,0,1,1,Month-to-month,Credit card (auto),0,Fiber optic,0,0,0,0,0,0,1,72.15,1887.23,2,0,220.5,13,5.7,0
CUST-100673,9,0,1,0,One year,Electronic check,1,Fiber optic,1,0,1,0,0,0,0,88.93,790.0,2,6,270.8,0,5.0,1
CUST-100674,21,1,0,1,Month-to-month,Electronic check,1,Fiber optic,0,0,0,0,0,0,0,76.97,1592.26,3,1,94.0,39,2.7,1
CUST-100675,70,0,1,1,Two year,Electronic check,0,DSL,1,0,0,1,0,0,0,60.95,4219.85,3,2,80.2,37,7.9,0
CUST-100676,33,0,1,1,One year,Credit card (auto),0,Fiber optic,1,1,1,1,1,0,0,87.14,2780.49,4,0,238.2,15,6.6,0
CUST-100677,29,1,0,0,One year,Electronic check,0,DSL,1,1,0,1,1,1,0,74.6,2092.82,1,1,184.5,44,8.2,0
CUST-100678,15,0,0,1,Month-to-month,Mailed check,0,Fiber optic,0,1,1,0,1,1,0,93.26,1381.91,0,0,116.3,11,6.0,0
CUST-100679,28,0,1,0,Month-to-month,Bank transfer (auto),1,Fiber optic,1,0,0,0,0,0,0,76.04,2065.39,8,0,48.3,15,6.6,1
CUST-100680,18,0,1,0,Month-to-month,Credit card (auto),0,DSL,0,0,1,1,0,1,0,63.11,1045.3,1,0,85.8,72,6.2,0
CUST-100681,4,0,1,1,Two year,Credit card (auto),1,DSL,0,0,0,1,0,1,0,59.63,232.18,4,1,232.7,40,5.3,0
CUST-100682,9,0,0,0,Month-to-month,Bank transfer (auto),1,Fiber optic,0,0,0,0,0,1,0,64.8,580.66,4,0,278.6,23,5.8,1
CUST-100683,4,0,1,1,Two year,Electronic check,1,DSL,0,0,0,1,0,0,0,55.27,212.75,0,2,273.5,75,5.5,0
CUST-100684,26,0,1,0,Month-to-month,Electronic check,0,Fiber optic,1,0,0,0,0,1,1,85.72,2077.87,3,4,92.3,89,4.3,1
CUST-100685,2,0,1,0,Month-to-month,Electronic check,1,No,0,0,0,0,0,0,0,18.0,35.99,4,2,278.7,34,6.8,1
CUST-100686,2,1,0,0,Month-to-month,Mailed check,1,DSL,0,1,1,0,1,0,0,59.46,113.87,3,0,295.2,14,7.9,1
CUST-100687,5,0,0,0,Month-to-month,Mailed check,1,Fiber optic,1,0,0,1,0,1,0,84.69,401.07,1,0,213.6,54,7.2,1
CUST-100688,11,0,0,0,Month-to-month,Mailed check,0,No,0,0,0,0,0,0,0,25.12,274.05,1,0,191.6,12,5.5,0
CUST-100689,4,0,0,0,Month-to-month,Mailed check,0,No,0,0,0,0,0,0,0,23.68,92.3,3,1,234.0,54,5.3,1
CUST-100690,31,0,0,1,Month-to-month,Bank transfer (auto),1,DSL,0,0,0,0,0,1,0,52.77,1563.03,0,0,39.5,11,7.5,0
CUST-100691,19,0,1,1,One year,Electronic check,1,No,1,0,0,0,0,0,0,23.32,420.81,1,2,19.8,37,6.7,0
CUST-100692,72,0,0,1,Month-to-month,Credit card (auto),0,DSL,0,0,0,0,1,0,1,51.66,3687.31,1,1,172.4,73,8.0,0
CUST-100693,72,1,1,0,One year,Credit card (auto),1,Fiber optic,0,1,1,0,0,0,0,77.17,5252.39,2,0,167.1,25,5.1,0
CUST-100694,17,0,0,0,One year,Electronic check,1,Fiber optic,0,1,0,0,0,0,0,78.4,1273.87,2,1,5.0,31,6.7,0
CUST-100695,15,0,1,0,Month-to-month,Mailed check,1,DSL,0,0,0,1,0,0,1,62.26,889.33,4,0,198.6,60,7.8,0
CUST-100696,3,0,0,0,Month-to-month,Credit card (auto),0,Fiber optic,1,1,1,1,0,0,1,99.29,297.19,6,0,266.6,45,5.5,0
CUST-100697,40,0,1,0,Month-to-month,Credit card (auto),0,DSL,1,0,0,0,0,0,0,48.02,1902.06,5,0,301.0,29,6.6,0
CUST-100698,72,0,1,1,Month-to-month,Mailed check,1,Fiber optic,0,1,0,0,1,0,0,76.44,5370.36,1,0,209.2,29,6.2,1
CUST-100699,16,0,1,0,Month-to-month,Electronic check,0,Fiber optic,1,0,0,0,0,0,1,84.97,1314.56,6,1,132.5,76,5.8,1
CUST-100700,38,0,0,1,One year,Credit card (auto),1,No,0,0,0,0,0,0,0,26.97,983.88,3,1,288.4,17,5.7,0
CUST-100701,1,0,0,0,Month-to-month,Bank transfer (auto),0,Fiber optic,0,0,1,0,0,1,1,82.86,76.93,0,0,286.7,56,4.7,1
CUST-100702,72,0,1,0,Two year,Bank transfer (auto),1,Fiber optic,1,1,0,0,1,0,0,91.05,6502.26,1,1,196.2,40,10.0,0
CUST-100703,3,0,0,0,One year,Electronic check,1,DSL,0,1,1,0,1,0,0,49.16,147.21,0,3,243.2,1,7.6,0
CUST-100704,36,0,1,1,Month-to-month,Credit card (auto),1,No,0,0,0,0,0,0,0,18.0,634.62,2,0,245.2,36,8.4,0
CUST-100705,1,1,0,0,One year,Bank transfer (auto),1,Fiber optic,0,0,1,0,0,1,0,83.35,78.59,2,0,369.6,5,7.6,0
CUST-100706,8,0,0,1,Month-to-month,Mailed check,1,DSL,0,1,1,0,0,0,0,39.63,301.6,7,2,5.0,57,2.9,1
CUST-100707,10,1,1,0,Month-to-month,Bank transfer (auto),0,Fiber optic,0,0,0,1,1,1,0,90.03,886.74,4,3,256.6,26,4.8,1
CUST-100708,25,0,1,1,Two year,Mailed check,0,DSL,1,0,0,0,0,0,1,59.81,1475.55,1,1,162.4,24,6.7,0
CUST-100709,2,0,1,0,Month-to-month,Mailed check,1,DSL,1,1,0,1,1,1,0,71.52,135.1,3,0,185.5,36,10.0,1
CUST-100710,11,0,0,0,Month-to-month,Bank transfer (auto),0,DSL,0,0,1,0,1,1,1,50.77,544.19,1,1,251.6,82,7.4,1
CUST-100711,6,0,1,1,Two year,Bank transfer (auto),0,Fiber optic,1,0,0,0,0,1,1,92.68,553.57,0,1,181.3,18,5.4,0
CUST-100712,3,0,1,1,Two year,Credit card (auto),0,DSL,0,0,0,0,0,1,1,65.77,193.14,2,0,203.8,56,5.3,0
CUST-100713,40,0,0,0,Month-to-month,Bank transfer (auto),1,Fiber optic,0,0,1,0,1,0,1,82.01,3125.11,5,2,162.4,83,7.2,0
CUST-100714,12,1,0,0,One year,Electronic check,1,DSL,1,0,0,0,0,0,0,50.07,576.89,1,1,227.8,3,6.1,0
CUST-100715,2,0,0,1,One year,Electronic check,0,DSL,0,1,0,0,0,0,0,47.75,93.72,4,0,217.2,9,5.1,0
CUST-100716,14,0,1,0,One year,Bank transfer (auto),1,DSL,1,1,0,0,0,1,0,66.5,858.74,1,0,94.4,4,7.1,0
CUST-100717,5,0,0,1,Month-to-month,Electronic check,1,Fiber optic,0,0,1,1,1,1,1,98.58,487.89,2,1,223.4,49,9.9,1
CUST-100718,0,0,1,0,Two year,Bank transfer (auto),1,DSL,1,1,1,1,0,0,0,69.95,65.18,0,0,247.3,35,7.6,1
CUST-100719,3,0,0,0,Month-to-month,Mailed check,1,DSL,0,0,1,0,0,1,0,52.44,155.92,0,1,204.0,63,8.5,0
CUST-100720,29,0,1,0,Month-to-month,Mailed check,1,DSL,0,0,0,0,0,0,0,51.58,1494.99,2,1,288.4,0,6.9,0
CUST-100721,0,0,1,0,Month-to-month,Electronic check,1,No,0,0,0,0,0,0,0,18.0,16.63,8,2,170.2,37,3.2,1
CUST-100722,11,0,0,0,Month-to-month,Mailed check,1,DSL,0,0,0,0,0,1,0,56.59,620.6,5,1,92.3,86,4.9,1
CUST-100723,17,0,0,1,Month-to-month,Electronic check,1,DSL,0,0,1,1,0,0,0,61.91,987.39,1,1,191.7,61,7.6,0
CUST-100724,7,0,0,0,Month-to-month,Bank transfer (auto),1,Fiber optic,0,0,0,1,0,1,0,76.64,513.54,3,0,176.4,55,2.5,1
CUST-100725,19,0,0,0,Month-to-month,Electronic check,1,Fiber optic,0,1,0,0,0,0,0,85.05,1497.35,4,3,51.2,70,4.1,1
CUST-100726,44,0,0,0,Two year,Credit card (auto),1,DSL,0,0,0,0,0,0,0,51.01,2106.59,2,1,243.2,7,4.9,0
CUST-100727,15,1,1,1,Month-to-month,Mailed check,1,No,1,0,0,0,0,0,0,28.02,394.9,3,1,359.7,12,6.6,0
CUST-100728,14,0,0,1,Month-to-month,Credit card (auto),1,Fiber optic,0,1,0,0,0,0,1,76.95,1007.15,3,1,175.8,51,5.2,0
CUST-100729,4,1,0,0,Two year,Credit card (auto),0,Fiber optic,0,0,0,0,0,1,1,83.69,330.63,2,1,124.2,27,5.6,0
CUST-100730,15,0,0,1,Month-to-month,Credit card (auto),1,Fiber optic,1,0,0,1,0,0,0,78.67,1177.81,3,0,5.0,60,6.4,0
CUST-100731,56,0,1,0,One year,Credit card (auto),1,No,1,0,0,0,0,0,0,36.7,1940.93,0,0,215.0,34,4.7,0
CUST-100732,14,0,1,0,Month-to-month,Electronic check,1,DSL,0,0,0,0,1,1,0,50.63,694.02,2,2,265.5,60,4.1,0
CUST-100733,17,0,0,1,One year,Electronic check,0,No,0,0,0,0,0,0,0,34.79,551.3,3,1,150.1,54,7.0,0
CUST-100734,69,0,0,0,Month-to-month,Bank transfer (auto),1,DSL,0,0,0,0,1,0,0,51.3,3524.25,1,1,167.5,55,6.3,0
CUST-100735,10,0,0,0,Month-to-month,Bank transfer (auto),0,Fiber optic,0,0,1,0,0,0,0,66.55,649.39,6,0,23.7,54,2.9,1
CUST-100736,1,0,1,0,One year,Bank transfer (auto),1,DSL,0,0,1,0,0,0,0,57.35,55.97,2,2,203.7,59,6.5,1
CUST-100737,50,1,1,0,Month-to-month,Bank transfer (auto),1,Fiber optic,0,0,0,0,0,1,1,76.69,3603.41,0,0,76.7,3,6.8,0
CUST-100738,17,0,0,0,Month-to-month,Electronic check,1,No,1,0,0,0,0,0,0,18.0,294.37,5,1,231.4,68,6.9,0
CUST-100739,3,0,1,0,Month-to-month,Electronic check,1,Fiber optic,0,0,1,1,0,0,0,90.36,258.22,5,1,191.9,77,5.7,1
CUST-100740,2,0,1,1,One year,Bank transfer (auto),0,DSL,0,0,0,0,1,0,0,65.93,130.47,3,1,161.0,32,4.7,1
CUST-100741,16,0,1,0,Month-to-month,Bank transfer (auto),0,Fiber optic,0,0,0,0,0,1,1,82.18,1278.73,2,0,285.0,10,5.8,0
CUST-100742,38,0,0,0,One year,Credit card (auto),1,No,1,0,0,0,0,0,0,31.9,1142.35,2,1,77.9,66,6.9,0
CUST-100743,1,0,1,1,One year,Bank transfer (auto),1,DSL,1,1,1,0,0,0,1,69.31,64.34,7,0,342.9,64,5.8,0
CUST-100744,2,0,1,1,Month-to-month,Electronic check,0,DSL,1,0,1,0,1,0,1,70.24,138.31,1,1,222.0,31,8.2,0
CUST-100745,3,0,0,0,Two year,Electronic check,1,Fiber optic,0,0,0,0,1,0,1,77.19,214.26,2,1,178.3,11,5.7,1
CUST-100746,4,0,0,0,Two year,Mailed check,1,Fiber optic,1,1,0,0,0,1,0,86.99,332.98,4,0,130.2,49,7.0,0
CUST-100747,24,0,0,0,Month-to-month,Mailed check,1,DSL,1,0,1,0,0,0,0,56.37,1314.82,3,1,264.1,21,8.8,0
CUST-100748,1,0,0,0,Month-to-month,Bank transfer (auto),1,DSL,0,0,0,1,1,0,1,58.54,56.67,2,0,138.1,67,8.2,0
CUST-100749,46,0,0,0,Month-to-month,Bank transfer (auto),0,Fiber optic,1,0,0,1,0,0,0,75.29,3219.39,4,0,289.3,89,6.6,0
CUST-100750,60,0,1,0,Two year,Credit card (auto),1,No,1,0,0,0,0,0,0,33.83,1972.55,0,0,303.6,75,6.7,0
CUST-100751,72,1,1,0,Month-to-month,Mailed check,0,DSL,0,0,1,1,0,0,0,54.66,3696.31,3,0,104.7,40,7.3,0
CUST-100752,0,0,0,0,Month-to-month,Electronic check,0,Fiber optic,0,1,0,0,0,1,1,87.82,84.71,4,1,224.5,1,3.8,1
CUST-100753,5,0,0,0,Two year,Mailed check,1,No,1,0,0,0,0,0,0,31.03,145.82,1,1,47.1,57,6.8,0
CUST-100754,18,0,1,0,One year,Electronic check,1,DSL,0,0,0,1,0,0,0,35.92,614.85,1,0,277.6,65,5.6,0
CUST-100755,2,0,0,1,Month-to-month,Electronic check,1,DSL,0,0,0,1,0,1,0,56.75,111.19,3,1,215.9,61,5.2,1
CUST-100756,72,0,0,0,One year,Mailed check,1,DSL,0,0,0,1,1,1,0,63.49,4298.31,1,1,165.7,50,8.0,0
CUST-100757,72,0,1,1,One year,Mailed check,1,Fiber optic,1,0,1,0,1,0,0,81.93,5829.21,0,0,6.9,0,4.5,0
CUST-100758,16,1,0,0,Month-to-month,Electronic check,1,Fiber optic,1,0,0,0,0,0,1,82.55,1263.08,5,1,235.0,4,3.4,1
CUST-100759,48,1,0,0,Month-to-month,Bank transfer (auto),0,No,0,0,0,0,0,0,0,18.0,863.47,3,0,179.7,88,5.3,0
CUST-100760,50,0,1,0,One year,Bank transfer (auto),1,Fiber optic,0,1,0,0,0,1,0,81.42,3944.05,4,1,82.0,50,2.3,0
CUST-100761,18,0,1,0,Month-to-month,Electronic check,1,DSL,1,1,0,1,0,1,0,65.65,1102.28,4,0,204.9,9,6.2,0
CUST-100762,12,0,0,1,Two year,Bank transfer (auto),1,Fiber optic,1,1,0,0,0,0,0,72.11,847.94,3,2,309.2,30,5.1,1
CUST-100763,48,0,1,0,Month-to-month,Electronic check,0,Fiber optic,0,0,0,1,0,1,1,77.66,3611.51,5,4,318.9,67,5.3,1
CUST-100764,14,0,1,0,One year,Mailed check,1,Fiber optic,1,1,1,0,0,0,0,90.76,1181.02,1,0,158.1,5,7.4,0
CUST-100765,60,0,0,0,One year,Bank transfer (auto),0,No,0,0,0,0,0,0,0,22.7,1260.49,1,1,73.9,61,6.2,0
CUST-100766,24,0,1,0,Month-to-month,Mailed check,0,Fiber optic,1,0,1,0,0,1,0,101.37,2398.76,6,0,271.4,9,4.0,1
CUST-100767,16,0,0,0,Month-to-month,Bank transfer (auto),0,Fiber optic,1,1,1,1,0,1,0,96.19,1475.93,2,0,55.4,28,8.2,0
CUST-100768,12,0,0,0,Two year,Mailed check,0,DSL,1,0,0,0,0,0,1,47.27,553.34,3,1,94.1,88,6.6,0
CUST-100769,8,0,0,0,One year,Electronic check,0,Fiber optic,0,0,0,0,1,0,0,83.26,639.49,2,1,246.2,89,8.2,0
CUST-100770,5,1,0,0,Month-to-month,Mailed check,1,Fiber optic,1,0,0,0,0,0,0,84.3,415.69,2,0,289.9,61,6.2,1
CUST-100771,0,0,0,1,Month-to-month,Mailed check,0,Fiber optic,0,0,0,1,0,1,0,74.44,69.45,4,0,240.9,15,5.2,0
CUST-100772,7,0,1,0,Month-to-month,Electronic check,1,No,1,0,0,0,0,0,0,33.11,215.29,2,2,160.7,26,5.3,0
CUST-100773,0,0,0,1,Month-to-month,Mailed check,1,No,0,0,0,0,0,0,0,21.94,20.87,3,2,240.5,60,8.0,0
CUST-100774,6,0,1,0,Month-to-month,Electronic check,0,Fiber optic,0,0,0,0,0,1,0,69.42,400.51,3,1,285.0,65,8.3,1
CUST-100775,72,0,0,0,One year,Mailed check,1,No,0,0,0,0,0,0,0,21.93,1530.92,3,0,227.1,2,6.5,0
CUST-100776,59,1,1,0,Month-to-month,Bank transfer (auto),1,Fiber optic,0,0,1,0,0,0,1,75.65,4190.58,8,1,5.0,8,2.2,1
CUST-100777,58,0,1,0,One year,Credit card (auto),1,Fiber optic,0,0,0,1,1,0,1,74.94,4262.3,0,1,126.7,35,7.6,0
CUST-100778,10,0,0,0,Two year,Credit card (auto),1,DSL,1,0,0,0,0,0,1,56.61,554.11,3,2,267.2,39,6.1,0
CUST-100779,72,1,1,1,Two year,Bank transfer (auto),0,No,1,0,0,0,0,0,0,32.11,2217.74,0,0,121.0,72,8.5,0
CUST-100780,28,0,1,1,Two year,Credit card (auto),0,No,0,0,0,0,0,0,0,19.87,532.87,3,0,265.6,87,4.7,0
CUST-100781,1,0,0,0,Month-to-month,Bank transfer (auto),1,Fiber optic,0,1,1,0,0,1,0,79.8,78.0,1,0,219.8,76,7.6,1
CUST-100782,6,1,0,0,Month-to-month,Bank transfer (auto),1,Fiber optic,1,0,1,1,0,1,0,94.91,569.34,5,0,212.6,38,9.9,1
CUST-100783,26,0,1,1,Month-to-month,Credit card (auto),1,DSL,0,0,0,0,0,0,1,48.37,1195.09,6,1,291.4,78,3.2,1
CUST-100784,4,0,1,1,Month-to-month,Credit card (auto),0,DSL,0,1,0,0,0,1,1,53.28,200.75,2,1,160.0,11,7.4,1
CUST-100785,3,0,0,0,Two year,Bank transfer (auto),1,No,1,0,0,0,0,0,0,29.53,84.91,4,0,248.1,25,6.8,0
CUST-100786,34,0,1,0,One year,Credit card (auto),0,Fiber optic,0,1,0,1,0,0,0,77.82,2486.23,1,0,166.8,39,5.6,0
CUST-100787,0,0,0,0,One year,Mailed check,0,Fiber optic,0,1,0,0,0,1,0,90.19,83.41,1,1,216.4,9,7.8,0
CUST-100788,1,0,0,0,Month-to-month,Credit card (auto),1,DSL,1,0,1,0,0,1,1,72.01,71.74,0,0,266.4,87,7.2,1
CUST-100789,47,1,1,0,Month-to-month,Mailed check,1,Fiber optic,0,0,1,1,1,1,1,97.51,4345.46,1,1,104.9,3,7.9,0
CUST-100790,8,0,1,0,Two year,Electronic check,1,Fiber optic,0,0,0,0,0,1,1,68.55,526.93,2,0,201.9,11,6.3,0
CUST-100791,65,0,0,0,Month-to-month,Electronic check,0,No,1,0,0,0,0,0,0,32.58,1965.74,2,0,86.2,29,6.9,0
CUST-100792,37,0,0,0,Month-to-month,Bank transfer (auto),0,Fiber optic,0,1,1,1,0,0,0,89.02,3224.11,6,1,147.1,11,5.5,0
CUST-100793,28,1,0,0,One year,Electronic check,0,DSL,1,0,0,0,0,0,0,43.33,1162.84,2,3,139.9,26,5.4,1
CUST-100794,10,0,1,0,One year,Electronic check,1,DSL,1,1,0,0,0,0,1,57.01,532.6,1,2,119.7,81,6.2,0
CUST-100795,4,0,0,0,Month-to-month,Mailed check,0,No,0,0,0,0,0,0,0,18.0,67.76,5,0,264.4,22,5.3,0
CUST-100796,2,0,0,0,Month-to-month,Bank transfer (auto),1,No,0,0,0,0,0,0,0,26.5,51.37,2,0,181.9,19,6.0,1
CUST-100797,34,0,0,0,One year,Electronic check,1,Fiber optic,1,1,0,1,0,0,0,94.34,3172.21,1,3,413.5,0,5.9,0
CUST-100798,3,1,1,1,Two year,Bank transfer (auto),1,DSL,0,0,0,1,1,1,0,54.08,150.66,1,0,186.4,20,5.4,0
CUST-100799,5,1,0,0,Month-to-month,Bank transfer (auto),1,Fiber optic,1,0,0,0,0,0,0,71.08,332.33,2,1,130.4,47,5.3,0
CUST-100800,18,0,1,0,One year,Bank transfer (auto),1,Fiber optic,1,1,1,0,0,0,0,74.19,1320.8,1,1,254.5,39,4.7,0
CUST-100801,1,0,0,0,Month-to-month,Bank transfer (auto),1,Fiber optic,0,0,1,1,0,0,0,69.2,67.72,4,0,226.3,4,7.2,0
CUST-100802,26,0,0,1,One year,Electronic check,1,DSL,0,0,1,1,1,0,0,54.23,1401.74,1,3,271.6,59,7.1,0
CUST-100803,2,0,0,0,One year,Credit card (auto),0,No,1,0,0,0,0,0,0,24.18,45.1,5,0,141.9,36,6.1,1
CUST-100804,5,0,0,0,Two year,Credit card (auto),0,Fiber optic,0,0,1,0,0,1,1,83.47,405.86,0,1,149.6,33,6.3,0
CUST-100805,2,0,0,0,One year,Mailed check,0,Fiber optic,0,1,1,0,1,0,0,87.08,163.46,0,0,205.0,5,6.6,0
CUST-100806,56,0,0,0,Month-to-month,Electronic check,0,DSL,0,0,0,1,0,1,1,59.9,3167.23,4,1,168.9,56,4.9,0
CUST-100807,72,1,0,1,Month-to-month,Mailed check,0,DSL,1,0,1,0,1,0,1,62.52,4335.36,4,1,286.3,5,5.0,0
CUST-100808,32,0,0,0,Two year,Credit card (auto),1,DSL,1,0,0,0,0,1,0,56.88,1730.25,1,0,78.9,25,4.6,0
CUST-100809,28,0,0,1,Month-to-month,Credit card (auto),0,Fiber optic,0,1,0,1,0,0,0,74.05,2001.7,3,0,262.1,84,6.3,0
CUST-100810,7,0,0,1,One year,Credit card (auto),1,No,0,0,0,0,0,0,0,18.0,119.79,5,0,363.3,85,4.6,1
CUST-100811,27,0,0,1,Month-to-month,Credit card (auto),1,Fiber optic,0,0,0,0,0,1,1,77.48,2050.55,1,0,261.2,64,6.9,0
CUST-100812,28,0,0,1,Month-to-month,Bank transfer (auto),1,No,1,0,0,0,0,0,0,32.55,855.69,4,1,267.6,56,4.3,1
CUST-100813,34,0,1,0,One year,Electronic check,1,Fiber optic,0,0,0,1,0,0,0,79.97,2517.19,0,3,187.3,54,4.6,0
CUST-100814,38,0,1,0,Month-to-month,Electronic check,1,DSL,0,0,1,0,1,0,1,53.52,1998.59,3,0,80.5,51,6.5,0
CUST-100815,40,0,1,0,Two year,Electronic check,1,Fiber optic,0,0,1,1,0,0,0,79.11,3137.69,4,2,5.0,45,2.6,1
CUST-100816,0,1,0,0,Month-to-month,Electronic check,0,Fiber optic,1,1,0,1,1,1,0,100.27,98.85,2,1,224.0,19,8.3,1
CUST-100817,28,1,1,1,Month-to-month,Electronic check,0,No,0,0,0,0,0,0,0,19.18,513.3,3,2,172.2,89,5.8,1
CUST-100818,23,0,1,0,Month-to-month,Mailed check,1,Fiber optic,1,0,0,0,0,1,1,84.85,1864.74,2,1,69.6,42,5.7,0
CUST-100819,49,0,0,0,Month-to-month,Credit card (auto),1,DSL,0,0,0,0,0,1,0,55.53,2570.51,5,0,334.8,83,5.2,0
CUST-100820,3,0,0,1,One year,Electronic check,0,Fiber optic,0,0,0,0,1,1,0,82.86,237.99,0,2,140.0,64,8.8,1
CUST-100821,27,0,1,0,Month-to-month,Credit card (auto),1,Fiber optic,1,0,1,0,0,0,1,86.77,2161.87,1,0,192.3,37,6.6,1
CUST-100822,15,1,1,0,Month-to-month,Credit card (auto),1,Fiber optic,1,0,1,1,1,1,1,94.96,1386.81,1,0,197.1,57,7.3,1
CUST-100823,16,1,1,1,Two year,Electronic check,1,DSL,1,0,0,0,0,0,0,43.5,679.48,3,0,248.6,19,5.2,0
CUST-100824,4,0,1,0,Month-to-month,Electronic check,0,Fiber optic,0,1,0,0,0,0,0,75.62,298.07,3,1,226.2,78,7.9,1
CUST-100825,35,0,1,0,Month-to-month,Mailed check,1,No,1,0,0,0,0,0,0,31.67,1077.05,5,0,94.5,65,5.9,0
CUST-100826,17,0,1,0,Two year,Credit card (auto),1,DSL,0,0,1,0,0,1,0,47.69,757.4,5,1,48.9,38,6.9,0
CUST-100827,3,0,0,0,One year,Bank transfer (auto),1,Fiber optic,0,0,1,0,0,0,1,84.93,251.9,2,0,173.8,77,3.9,1
CUST-100828,72,1,0,0,Month-to-month,Electronic check,1,DSL,1,1,1,0,0,0,1,64.48,4410.53,2,3,148.3,51,4.5,0
CUST-100829,22,0,1,0,Two year,Bank transfer (auto),1,DSL,0,0,0,1,0,1,0,43.55,930.49,1,1,249.2,11,6.6,0
CUST-100830,12,0,0,0,Month-to-month,Credit card (auto),1,DSL,0,1,1,0,0,0,1,61.44,690.89,2,0,116.1,9,7.7,0
CUST-100831,72,0,0,0,Month-to-month,Electronic check,0,DSL,1,0,1,0,0,0,1,61.43,4214.13,2,1,205.4,2,7.6,0
CUST-100832,45,0,0,0,Month-to-month,Bank transfer (auto),1,Fiber optic,1,0,0,0,0,1,0,81.62,3563.9,2,0,267.0,22,6.5,0
CUST-100833,37,0,0,0,Two year,Mailed check,1,Fiber optic,1,0,1,1,1,0,0,96.54,3473.72,1,1,54.4,8,5.9,0
CUST-100834,2,1,0,0,Month-to-month,Electronic check,1,Fiber optic,1,0,0,1,0,0,0,91.55,172.9,4,1,216.9,40,4.4,1
CUST-100835,27,0,1,0,Two year,Credit card (auto),0,DSL,0,0,0,0,1,0,1,57.5,1502.46,0,0,194.7,56,9.4,0
CUST-100836,52,0,0,0,Month-to-month,Electronic check,1,Fiber optic,1,0,0,0,0,0,1,80.04,3830.41,2,2,132.5,51,6.7,0
CUST-100837,16,0,1,0,Month-to-month,Credit card (auto),0,Fiber optic,1,0,1,1,0,0,0,76.62,1186.07,3,1,34.1,45,7.2,1
CUST-100838,35,0,0,0,Two year,Bank transfer (auto),0,Fiber optic,1,0,0,0,0,0,0,81.74,2839.72,3,0,5.0,43,8.6,0
CUST-100839,8,0,1,1,Two year,Electronic check,0,No,1,0,0,0,0,0,0,28.32,218.06,2,1,149.3,86,2.2,1
CUST-100840,4,0,1,0,Month-to-month,Bank transfer (auto),0,Fiber optic,0,0,0,0,0,0,0,65.32,249.57,1,0,198.5,28,5.5,1
CUST-100841,52,0,1,1,Month-to-month,Electronic check,1,Fiber optic,1,0,0,1,0,1,0,83.89,4177.55,4,3,218.2,84,3.4,0
CUST-100842,13,0,0,0,One year,Electronic check,1,DSL,0,1,0,1,0,0,0,62.98,758.91,4,4,130.7,19,2.2,0
CUST-100843,17,0,0,0,Month-to-month,Electronic check,0,DSL,1,0,0,0,0,0,0,58.72,952.0,0,4,287.3,37,6.8,1
CUST-100844,9,0,1,0,Month-to-month,Credit card (auto),0,DSL,1,0,0,1,1,0,1,73.29,650.59,1,0,276.9,42,5.7,0
CUST-100845,17,1,1,1,Month-to-month,Credit card (auto),0,No,1,0,0,0,0,0,0,34.34,581.04,3,1,141.2,6,5.0,0
CUST-100846,8,0,0,1,Two year,Electronic check,0,DSL,1,1,0,0,0,0,1,63.57,475.19,3,0,160.7,58,6.3,1
CUST-100847,1,0,1,0,Month-to-month,Mailed check,0,Fiber optic,1,0,1,0,0,0,0,76.3,74.45,0,1,167.2,28,6.9,1
CUST-100848,48,0,1,0,Month-to-month,Credit card (auto),0,Fiber optic,1,0,0,0,0,1,0,83.14,3834.25,3,0,191.9,81,8.1,0
CUST-100849,4,0,0,1,Month-to-month,Bank transfer (auto),1,DSL,1,0,0,1,0,0,0,61.44,244.6,2,0,220.4,67,7.0,0
CUST-100850,9,0,1,1,Month-to-month,Electronic check,1,DSL,1,0,0,0,0,0,0,52.32,450.33,4,1,327.3,26,2.7,0
CUST-100851,47,0,0,1,Month-to-month,Mailed check,1,DSL,1,0,1,0,0,0,0,59.1,2604.24,0,0,86.8,21,6.3,0
CUST-100852,26,0,0,0,Month-to-month,Mailed check,0,DSL,0,0,0,0,1,0,1,57.36,1377.43,2,1,145.1,87,5.5,0
CUST-100853,21,0,1,0,One year,Electronic check,0,No,0,0,0,0,0,0,0,25.82,531.43,1,2,198.9,1,8.8,0
CUST-100854,52,0,0,0,Month-to-month,Mailed check,0,DSL,1,0,0,0,0,1,0,63.18,3211.64,3,0,101.0,85,8.0,0
CUST-100855,4,1,1,1,Month-to-month,Bank transfer (auto),1,Fiber optic,0,0,1,1,1,1,0,85.81,341.22,2,0,135.3,17,6.8,1
CUST-100856,16,0,1,0,Two year,Bank transfer (auto),0,DSL,1,0,0,0,1,1,0,54.09,800.39,1,1,349.6,18,6.0,0
CUST-100857,15,1,1,0,Month-to-month,Mailed check,1,Fiber optic,1,0,1,1,0,0,0,96.22,1441.29,2,1,280.5,64,6.8,1
CUST-100858,72,0,0,0,Month-to-month,Bank transfer (auto),1,DSL,0,0,0,1,0,1,0,55.94,3764.9,2,0,219.4,17,7.1,0
CUST-100859,41,0,0,0,Month-to-month,Bank transfer (auto),0,Fiber optic,1,0,0,0,1,0,1,85.25,3372.51,2,1,168.0,62,6.5,0
CUST-100860,5,0,0,1,One year,Bank transfer (auto),0,DSL,0,0,0,0,0,0,0,33.85,163.36,1,0,100.6,4,3.6,0
CUST-100861,4,0,1,0,One year,Electronic check,0,No,0,0,0,0,0,0,0,24.29,89.7,0,2,251.7,41,6.1,0
CUST-100862,11,0,0,1,One year,Mailed check,0,Fiber optic,0,0,0,0,1,1,1,86.48,922.67,0,2,259.1,59,6.3,0
CUST-100863,5,0,1,0,One year,Mailed check,1,DSL,0,1,0,0,1,0,1,56.84,269.18,1,1,114.0,38,6.3,0
CUST-100864,11,0,0,0,Month-to-month,Mailed check,0,Fiber optic,1,1,0,0,0,0,1,89.31,969.47,3,1,231.6,37,3.8,1
CUST-100865,3,0,0,0,Two year,Bank transfer (auto),1,No,0,0,0,0,0,0,0,28.46,82.19,3,3,43.2,26,6.5,0
CUST-100866,22,0,1,0,Month-to-month,Bank transfer (auto),1,Fiber optic,1,1,0,0,0,0,0,74.91,1525.98,3,0,261.5,18,6.3,0
CUST-100867,5,0,1,0,Month-to-month,Mailed check,0,No,1,0,0,0,0,0,0,34.76,167.74,3,0,81.7,34,5.2,0
CUST-100868,6,0,0,1,Month-to-month,Bank transfer (auto),1,DSL,0,0,0,0,1,1,0,48.41,289.53,3,0,265.7,89,4.7,1
CUST-100869,72,0,1,0,Month-to-month,Bank transfer (auto),0,No,1,0,0,0,0,0,0,20.92,1484.27,4,0,261.0,33,4.8,0
CUST-100870,41,0,0,0,Month-to-month,Bank transfer (auto),1,No,1,0,0,0,0,0,0,26.39,1060.08,1,0,341.5,59,7.2,0
CUST-100871,51,0,1,1,Month-to-month,Bank transfer (auto),1,Fiber optic,0,1,0,1,0,0,1,91.71,4641.0,1,0,253.5,13,8.5,0
CUST-100872,2,0,0,0,One year,Credit card (auto),1,Fiber optic,1,0,0,1,0,1,0,82.34,160.77,3,0,351.9,3,7.7,0
CUST-100873,7,0,1,0,One year,Bank transfer (auto),1,DSL,0,1,1,1,0,0,0,57.67,376.72,1,0,103.6,33,5.8,0
CUST-100874,11,0,0,0,One year,Electronic check,1,DSL,0,0,0,1,1,0,0,45.14,471.79,1,0,78.4,65,10.0,0
CUST-100875,42,0,0,0,Month-to-month,Credit card (auto),0,Fiber optic,0,0,1,0,0,0,0,77.61,3023.81,1,3,196.0,27,9.1,0
CUST-100876,23,0,1,0,Month-to-month,Electronic check,1,No,0,0,0,0,0,0,0,18.0,397.22,5,0,51.5,53,3.7,0
CUST-100877,0,0,0,0,Two year,Bank transfer (auto),1,DSL,0,0,0,0,1,0,1,51.27,48.21,2,0,414.9,59,5.4,0
CUST-100878,8,0,0,0,Month-to-month,Credit card (auto),0,Fiber optic,0,0,1,1,1,0,0,88.9,694.82,2,0,301.7,38,6.7,1
CUST-100879,41,0,0,0,Month-to-month,Electronic check,0,DSL,0,0,0,0,0,0,0,40.91,1553.68,3,3,114.2,21,6.9,0
CUST-100880,72,0,0,0,Month-to-month,Electronic check,0,DSL,0,0,1,0,0,0,1,56.55,3770.82,2,1,86.0,9,8.0,0
CUST-100881,10,0,1,0,Month-to-month,Electronic check,0,Fiber optic,1,1,0,1,0,1,0,93.38,930.15,2,3,179.4,44,6.5,1
CUST-100882,15,0,0,0,Month-to-month,Credit card (auto),0,No,0,0,0,0,0,0,0,21.44,317.74,3,1,177.3,64,6.9,0
CUST-100883,22,0,1,0,One year,Mailed check,1,DSL,0,0,1,0,0,1,0,47.86,998.44,3,0,39.7,70,6.3,0
CUST-100884,15,0,1,0,Two year,Credit card (auto),1,DSL,0,0,0,0,0,1,0,50.57,698.24,4,0,190.7,55,6.3,0
CUST-100885,40,0,0,0,Two year,Electronic check,1,DSL,0,0,0,0,0,0,1,48.41,1825.67,1,4,201.7,6,6.4,0
CUST-100886,53,0,1,1,Month-to-month,Electronic check,0,Fiber optic,0,0,1,1,0,1,1,86.37,4303.53,2,0,360.8,75,5.7,0
CUST-100887,5,0,0,0,Month-to-month,Electronic check,1,Fiber optic,0,0,0,0,0,0,0,74.31,363.94,3,0,215.5,22,9.0,1
CUST-100888,19,1,0,0,One year,Credit card (auto),0,DSL,1,0,0,0,0,0,1,49.92,908.44,1,1,276.7,0,8.1,0
CUST-100889,3,0,0,0,Month-to-month,Electronic check,1,DSL,1,0,0,0,0,0,1,53.57,155.18,1,1,236.2,66,7.7,0
CUST-100890,4,0,0,0,Month-to-month,Credit card (auto),1,DSL,0,0,0,0,0,1,0,49.43,195.99,4,0,228.3,63,5.5,0
CUST-100891,15,0,0,0,One year,Bank transfer (auto),1,DSL,1,1,0,0,0,0,0,66.64,952.92,2,2,120.0,57,5.4,1
CUST-100892,9,0,0,0,Month-to-month,Credit card (auto),0,No,1,0,0,0,0,0,0,18.0,149.13,1,0,86.7,64,4.7,1
CUST-100893,2,1,1,0,Month-to-month,Mailed check,1,Fiber optic,0,1,0,0,0,1,1,84.67,168.71,2,1,211.5,1,6.1,0
CUST-100894,18,0,1,0,Month-to-month,Mailed check,0,DSL,0,0,0,0,0,1,1,52.92,916.84,7,0,144.6,79,5.1,0
CUST-100895,32,0,1,0,One year,Electronic check,0,Fiber optic,0,0,0,0,0,0,1,79.04,2349.62,2,2,95.2,33,4.4,0
CUST-100896,31,0,1,0,Month-to-month,Mailed check,1,DSL,0,0,1,1,0,1,0,54.2,1658.3,2,1,198.4,58,5.7,1
CUST-100897,9,0,1,0,Month-to-month,Bank transfer (auto),0,DSL,0,1,1,0,0,1,0,57.26,482.04,2,1,84.7,42,6.0,0
CUST-100898,19,0,0,0,Month-to-month,Electronic check,0,Fiber optic,0,1,0,0,0,0,0,69.11,1282.11,3,3,315.8,33,6.6,1
CUST-100899,5,0,1,0,Two year,Credit card (auto),0,Fiber optic,0,0,0,0,0,0,1,72.0,340.92,3,1,132.1,35,6.8,0
CUST-100900,6,1,0,1,Two year,Electronic check,1,DSL,1,0,1,0,1,1,1,74.79,446.47,1,1,5.0,21,5.9,1
CUST-100901,9,1,1,0,Two year,Electronic check,0,DSL,1,0,0,0,0,0,1,59.94,520.97,1,2,272.6,55,5.9,1
CUST-100902,68,0,1,0,Two year,Bank transfer (auto),0,DSL,0,0,1,1,1,0,0,56.88,3645.11,0,0,328.6,27,7.0,0
CUST-100903,13,1,0,1,Month-to-month,Mailed check,0,Fiber optic,0,0,1,0,1,0,0,84.36,1040.73,1,0,165.1,32,5.9,1
CUST-100904,21,0,1,0,Month-to-month,Electronic check,1,Fiber optic,1,0,0,0,0,0,1,97.09,1952.36,7,1,177.3,50,3.8,1
CUST-100905,18,0,1,0,Month-to-month,Credit card (auto),0,Fiber optic,0,0,0,0,1,1,0,74.24,1324.97,1,2,142.6,9,7.0,0
CUST-100906,33,1,1,0,Month-to-month,Electronic check,0,DSL,0,0,0,1,0,0,0,52.66,1658.9,4,3,351.2,32,3.0,1
CUST-100907,70,0,0,0,One year,Bank transfer (auto),1,Fiber optic,1,1,0,0,0,0,0,82.81,5603.51,3,0,167.9,3,7.0,0
CUST-100908,10,0,1,0,Month-to-month,Electronic check,0,No,1,0,0,0,0,0,0,34.51,322.56,3,3,72.5,62,4.1,1
CUST-100909,32,0,1,1,Two year,Electronic check,1,DSL,1,0,0,0,0,0,1,54.2,1622.07,0,2,121.5,66,4.9,0
CUST-100910,10,0,0,1,Month-to-month,Mailed check,1,Fiber optic,1,1,1,0,1,1,1,106.53,990.63,3,1,256.3,83,5.6,1
CUST-100911,50,0,0,0,One year,Credit card (auto),0,Fiber optic,1,0,0,1,1,1,1,95.37,4455.83,0,1,283.7,0,7.1,0
CUST-100912,4,0,0,0,Two year,Bank transfer (auto),1,Fiber optic,0,0,1,0,0,0,0,73.12,277.04,4,1,256.3,32,6.1,1
CUST-100913,3,0,1,1,Month-to-month,Electronic check,1,No,0,0,0,0,0,0,0,20.97,59.49,2,2,145.9,72,5.2,1
CUST-100914,18,0,0,1,One year,Electronic check,0,No,0,0,0,0,0,0,0,20.95,369.43,3,1,211.9,66,6.5,0
CUST-100915,2,0,0,1,One year,Credit card (auto),0,Fiber optic,1,0,0,1,1,0,0,81.59,158.47,0,1,61.9,25,7.6,1
CUST-100916,8,0,0,0,One year,Electronic check,1,Fiber optic,0,0,1,0,0,0,1,79.2,596.1,0,0,153.4,22,8.7,1
CUST-100917,19,0,1,0,Two year,Bank transfer (auto),1,Fiber optic,1,1,0,1,0,1,0,99.54,1778.83,5,1,106.0,77,5.1,0
CUST-100918,7,0,1,1,Month-to-month,Electronic check,1,Fiber optic,1,0,1,0,0,1,0,80.01,527.92,4,1,394.3,32,4.8,1
CUST-100919,63,0,0,1,Month-to-month,Electronic check,1,No,1,0,0,0,0,0,0,30.83,1847.37,3,3,129.9,32,8.8,0
CUST-100920,19,0,0,0,Two year,Electronic check,0,Fiber optic,0,0,0,1,0,1,1,89.62,1637.64,2,1,248.6,16,7.5,1
CUST-100921,16,0,1,1,One year,Electronic check,1,DSL,0,1,0,1,0,0,1,58.33,909.88,0,1,299.4,45,6.1,0
CUST-100922,18,1,0,0,One year,Bank transfer (auto),0,DSL,0,1,0,0,1,1,1,61.6,1071.15,0,0,263.7,59,9.1,0
CUST-100923,30,0,0,1,Month-to-month,Mailed check,1,No,0,0,0,0,0,0,0,20.06,568.72,3,1,125.7,19,8.5,0
CUST-100924,9,0,1,0,Month-to-month,Credit card (auto),0,DSL,1,0,0,0,0,0,1,51.92,448.89,2,1,375.5,76,6.5,0
CUST-100925,34,0,0,1,Month-to-month,Electronic check,1,Fiber optic,0,1,1,1,0,1,0,86.77,2920.0,1,5,132.8,55,6.0,1
CUST-100926,61,0,0,0,Two year,Mailed check,0,Fiber optic,0,0,0,0,0,1,0,84.74,4991.4,2,1,158.2,25,5.3,0
CUST-100927,49,0,0,0,Month-to-month,Mailed check,0,No,1,0,0,0,0,0,0,27.24,1239.39,2,1,343.5,71,7.7,0
CUST-100928,17,0,1,0,Month-to-month,Electronic check,0,No,0,0,0,0,0,0,0,20.08,328.0,9,2,229.7,53,4.2,1
CUST-100929,6,0,1,1,Month-to-month,Electronic check,1,DSL,1,0,1,1,0,0,0,56.4,337.32,4,0,188.1,27,3.8,1
CUST-100930,8,1,0,0,Month-to-month,Electronic check,0,Fiber optic,1,0,0,1,1,0,0,89.43,689.83,4,2,188.5,83,5.5,1
CUST-100931,39,0,1,0,Month-to-month,Electronic check,1,No,0,0,0,0,0,0,0,18.0,653.33,6,3,17.5,84,4.2,1
CUST-100932,22,0,1,1,One year,Mailed check,0,DSL,0,0,1,1,1,0,1,61.82,1340.31,0,0,13.0,33,7.2,0
CUST-100933,9,0,1,1,Month-to-month,Electronic check,0,Fiber optic,1,1,0,0,1,0,0,70.71,600.16,3,0,231.0,6,6.4,0
CUST-100934,1,1,0,0,Month-to-month,Mailed check,1,Fiber optic,0,0,0,0,0,0,1,74.65,70.91,4,2,155.6,48,3.1,1
CUST-100935,47,1,0,1,Month-to-month,Mailed check,1,Fiber optic,0,1,0,0,1,1,0,84.46,3960.16,1,1,104.1,13,10.0,0
CUST-100936,4,0,1,0,Month-to-month,Mailed check,1,Fiber optic,1,0,0,0,0,0,1,77.99,291.99,2,1,224.0,78,5.9,1
CUST-100937,14,0,0,0,Two year,Electronic check,0,DSL,1,1,0,1,0,0,0,58.78,780.84,2,2,73.5,34,8.2,0
CUST-100938,8,0,0,0,Two year,Mailed check,1,Fiber optic,1,0,0,0,0,1,0,78.4,625.26,2,1,182.2,16,5.6,0
CUST-100939,10,0,0,1,One year,Mailed check,1,DSL,1,1,0,1,1,0,0,70.53,699.52,1,0,120.0,28,5.6,0
CUST-100940,2,0,1,0,Two year,Credit card (auto),0,Fiber optic,0,1,0,1,0,1,1,84.74,156.13,3,2,253.9,77,5.9,1
CUST-100941,8,0,0,0,Month-to-month,Electronic check,0,Fiber optic,1,1,0,1,1,1,0,104.27,819.2,3,1,153.2,68,7.7,1
CUST-100942,60,1,0,0,Two year,Electronic check,1,DSL,0,0,0,1,1,0,0,62.57,3486.2,1,1,270.6,8,6.1,0
CUST-100943,15,0,1,0,Month-to-month,Credit card (auto),1,Fiber optic,0,0,1,1,0,0,1,83.83,1215.48,2,1,142.3,11,7.8,0
CUST-100944,14,0,0,1,One year,Electronic check,1,DSL,0,1,0,0,0,0,0,58.75,803.29,4,0,93.0,27,5.3,0
CUST-100945,21,0,0,0,One year,Electronic check,0,DSL,0,0,0,0,0,1,0,58.2,1172.78,2,1,183.4,50,4.7,0
CUST-100946,10,0,0,1,Month-to-month,Credit card (auto),1,Fiber optic,0,0,1,1,0,0,0,81.4,813.82,2,0,272.4,8,6.9,0
CUST-100947,9,0,0,0,Month-to-month,Bank transfer (auto),1,Fiber optic,1,0,0,0,0,1,0,77.18,666.87,3,1,86.3,21,7.7,0
CUST-100948,0,0,1,1,Month-to-month,Bank transfer (auto),0,Fiber optic,1,1,0,0,0,0,0,84.7,78.84,7,1,83.3,20,7.4,1
CUST-100949,38,0,0,1,Month-to-month,Electronic check,1,DSL,0,1,1,0,0,1,0,59.85,2098.97,5,0,103.1,45,3.8,0
CUST-100950,29,0,1,0,Month-to-month,Electronic check,0,Fiber optic,0,1,0,0,0,0,1,75.75,2138.76,5,0,330.7,28,4.8,1
CUST-100951,12,0,0,0,Two year,Electronic check,0,DSL,1,0,0,1,0,0,1,74.07,847.23,0,1,117.0,32,6.2,0
CUST-100952,24,0,0,1,Month-to-month,Bank transfer (auto),0,DSL,0,0,1,1,1,1,0,66.86,1563.0,4,1,287.0,74,5.3,1
CUST-100953,12,0,0,0,One year,Mailed check,1,DSL,0,1,0,1,0,0,1,51.35,598.74,1,0,161.8,47,7.3,0
CUST-100954,3,0,0,0,Month-to-month,Bank transfer (auto),1,DSL,0,0,0,1,1,1,1,65.46,186.73,0,1,131.0,42,10.0,1
CUST-100955,4,1,0,0,Month-to-month,Credit card (auto),1,Fiber optic,0,0,1,1,0,1,0,83.84,318.61,2,0,244.1,14,9.4,1
CUST-100956,72,1,0,1,Month-to-month,Credit card (auto),1,No,0,0,0,0,0,0,0,22.66,1563.96,1,0,174.7,29,10.0,0
CUST-100957,30,0,1,0,Month-to-month,Electronic check,1,DSL,0,1,0,0,1,1,0,57.52,1650.58,2,2,278.7,57,7.9,1
CUST-100958,11,0,0,0,Month-to-month,Bank transfer (auto),1,Fiber optic,1,0,0,0,0,0,0,70.46,726.48,5,1,115.0,64,5.1,1
CUST-100959,34,0,1,0,Month-to-month,Bank transfer (auto),1,DSL,1,0,1,1,0,0,1,72.89,2282.93,3,1,201.2,68,4.3,1
CUST-100960,17,0,0,0,Month-to-month,Credit card (auto),1,DSL,0,1,0,0,0,1,0,64.81,1086.76,2,0,78.8,45,4.1,0
CUST-100961,37,0,0,0,Month-to-month,Credit card (auto),1,Fiber optic,0,1,1,1,0,0,0,81.03,2958.81,4,1,40.5,29,7.0,0
CUST-100962,26,0,1,1,Two year,Bank transfer (auto),1,DSL,0,0,0,1,0,1,0,53.19,1353.56,2,1,129.4,8,6.4,0
CUST-100963,34,0,0,0,Two year,Bank transfer (auto),0,Fiber optic,1,1,1,0,0,0,0,93.78,3033.24,1,2,158.5,67,9.0,0
CUST-100964,0,0,0,1,Month-to-month,Electronic check,1,DSL,0,1,1,0,1,1,0,60.17,57.84,2,1,144.6,84,6.6,0
CUST-100965,72,0,0,1,One year,Bank transfer (auto),0,No,1,0,0,0,0,0,0,33.15,2203.56,1,0,60.9,25,8.7,0
CUST-100966,1,0,0,0,Two year,Bank transfer (auto),0,Fiber optic,1,0,0,0,0,1,0,82.1,81.79,0,2,151.5,12,8.2,1
CUST-100967,12,0,1,0,Month-to-month,Bank transfer (auto),0,Fiber optic,0,0,0,0,0,1,1,74.16,841.19,4,0,149.9,66,2.5,1
CUST-100968,3,0,0,1,Month-to-month,Bank transfer (auto),0,DSL,1,0,0,0,0,1,1,58.53,171.08,2,0,316.4,30,6.9,0
CUST-100969,5,0,1,0,Month-to-month,Mailed check,0,DSL,0,0,0,1,0,1,1,58.25,278.4,4,2,225.0,54,5.1,1
CUST-100970,13,0,0,0,Month-to-month,Mailed check,1,Fiber optic,0,0,1,1,0,1,0,83.71,1007.66,5,0,16.3,39,3.7,1
CUST-100971,11,0,0,1,Two year,Credit card (auto),1,Fiber optic,1,0,0,1,0,0,1,80.13,859.68,3,0,119.7,43,8.8,0
CUST-100972,69,0,0,1,Two year,Electronic check,0,Fiber optic,1,0,0,1,0,0,1,88.18,5715.36,4,1,231.5,70,6.3,0
CUST-100973,12,1,0,0,Month-to-month,Credit card (auto),0,Fiber optic,1,0,1,1,1,0,0,78.26,911.29,5,1,134.4,18,8.2,1
CUST-100974,72,0,1,0,Month-to-month,Bank transfer (auto),1,Fiber optic,0,0,0,0,0,0,1,78.54,5582.67,1,0,109.2,70,7.2,0
CUST-100975,21,1,1,0,Two year,Mailed check,0,Fiber optic,0,1,0,0,1,0,0,83.64,1665.89,0,2,76.0,29,7.7,0
CUST-100976,12,0,0,1,Month-to-month,Mailed check,0,DSL,1,1,0,0,0,0,1,57.41,681.32,2,1,184.6,46,6.9,1
CUST-100977,22,0,0,0,Month-to-month,Bank transfer (auto),0,No,0,0,0,0,0,0,0,20.34,424.82,2,1,341.0,4,6.5,1
CUST-100978,21,0,1,1,Month-to-month,Credit card (auto),1,Fiber optic,1,0,0,0,0,1,0,79.86,1592.56,3,1,97.0,26,7.3,0
CUST-100979,7,0,0,0,Two year,Electronic check,1,DSL,1,0,0,1,1,1,1,68.61,476.39,2,1,284.8,52,6.9,0
CUST-100980,7,0,1,0,One year,Credit card (auto),1,DSL,0,0,0,0,1,1,0,52.46,358.77,1,1,218.6,6,5.0,0
CUST-100981,55,1,0,0,One year,Credit card (auto),1,Fiber optic,1,1,1,0,0,0,1,90.66,4825.01,2,0,128.3,28,9.2,0
CUST-100982,2,0,0,0,One year,Mailed check,1,Fiber optic,0,1,0,0,0,0,1,75.88,141.32,2,2,224.3,44,5.0,0
CUST-100983,17,0,0,1,Month-to-month,Electronic check,1,No,1,0,0,0,0,0,0,29.54,463.86,4,4,41.3,16,4.4,1
CUST-100984,72,0,0,0,Month-to-month,Electronic check,0,Fiber optic,1,1,1,0,0,0,1,100.56,7074.9,4,1,239.9,7,5.6,0
CUST-100985,9,0,1,1,Two year,Electronic check,1,DSL,0,0,1,0,0,1,1,61.29,525.87,1,0,163.6,12,4.7,0
CUST-100986,40,0,1,0,Two year,Electronic check,0,DSL,0,0,1,0,0,0,0,48.36,1790.21,1,1,173.1,53,6.3,0
CUST-100987,9,0,1,1,Month-to-month,Electronic check,1,Fiber optic,1,0,0,0,0,1,1,94.34,786.27,2,1,183.4,75,5.4,1
CUST-100988,72,0,1,1,Month-to-month,Credit card (auto),0,Fiber optic,1,0,0,0,0,1,1,93.89,6229.86,5,1,263.6,12,5.8,0
CUST-100989,4,0,0,0,Two year,Bank transfer (auto),0,No,0,0,0,0,0,0,0,25.29,97.19,0,1,105.3,83,8.4,0
CUST-100990,13,0,0,1,Month-to-month,Credit card (auto),0,Fiber optic,0,0,1,0,0,0,1,81.5,1041.4,4,1,5.0,64,3.6,1
CUST-100991,17,0,0,0,Month-to-month,Bank transfer (auto),1,No,0,0,0,0,0,0,0,22.57,375.89,1,0,5.0,50,6.0,0
CUST-100992,33,0,1,0,Month-to-month,Bank transfer (auto),1,Fiber optic,1,0,0,1,0,0,1,91.0,2825.39,2,0,146.1,37,6.1,1
CUST-100993,21,0,0,1,Month-to-month,Credit card (auto),0,Fiber optic,0,1,1,0,0,0,0,86.04,1760.65,3,0,381.6,40,9.0,0
CUST-100994,37,0,1,1,One year,Electronic check,0,Fiber optic,0,0,0,0,0,1,0,70.4,2594.86,2,1,144.7,81,5.7,0
CUST-100995,4,0,1,0,One year,Bank transfer (auto),0,Fiber optic,0,0,1,0,1,0,0,78.15,307.64,2,0,310.1,88,3.7,0
CUST-100996,38,0,1,1,Month-to-month,Credit card (auto),1,Fiber optic,1,0,0,1,0,0,1,92.45,3351.3,6,0,115.3,19,5.2,1
CUST-100997,59,0,0,0,Month-to-month,Credit card (auto),1,No,0,0,0,0,0,0,0,20.66,1192.49,2,1,248.1,30,7.3,0
CUST-100998,34,0,1,0,Month-to-month,Mailed check,1,DSL,0,1,0,0,0,0,1,54.56,1731.0,6,1,124.2,28,3.9,0
CUST-100999,9,0,1,0,Month-to-month,Credit card (auto),1,No,0,0,0,0,0,0,0,25.25,223.24,1,1,56.3,86,5.3,1
CUST-101000,5,0,1,0,Month-to-month,Mailed check,0,Fiber optic,0,1,0,0,1,1,1,82.37,385.94,1,0,181.7,31,7.0,0
CUST-101001,8,0,0,0,Month-to-month,Electronic check,1,Fiber optic,1,1,0,0,0,0,0,88.19,670.42,4,3,199.4,72,5.6,1
CUST-101002,3,0,1,0,Two year,Electronic check,0,DSL,0,1,0,1,1,1,1,62.04,180.15,1,0,200.1,25,6.8,0
CUST-101003,26,0,0,0,Two year,Mailed check,1,DSL,1,0,0,1,0,0,0,55.32,1387.71,4,0,277.6,11,7.3,0
CUST-101004,19,0,1,0,Month-to-month,Electronic check,1,Fiber optic,1,0,0,0,1,1,1,82.1,1505.41,4,3,229.1,31,5.1,1
CUST-101005,19,0,1,0,One year,Electronic check,1,DSL,1,0,1,0,0,1,1,63.75,1190.28,1,1,296.7,58,8.0,0
CUST-101006,23,0,0,1,Two year,Electronic check,0,DSL,0,1,0,0,0,0,1,57.43,1239.22,4,1,296.0,35,4.7,0
CUST-101007,55,1,1,0,Month-to-month,Credit card (auto),0,DSL,0,1,0,0,0,0,1,55.15,3001.17,4,2,176.9,85,7.0,0
CUST-101008,2,0,0,1,Two year,Credit card (auto),0,DSL,0,0,0,0,0,1,0,48.04,88.67,2,0,17.1,15,5.0,0
CUST-101009,12,0,1,1,Month-to-month,Credit card (auto),1,No,0,0,0,0,0,0,0,22.63,253.11,0,0,139.8,23,7.9,0
CUST-101010,6,0,1,0,One year,Bank transfer (auto),1,Fiber optic,0,0,0,0,0,0,0,72.7,435.17,1,0,224.4,48,6.6,0
CUST-101011,30,0,1,1,Month-to-month,Credit card (auto),0,Fiber optic,0,0,0,0,0,1,1,72.57,2135.02,2,0,191.2,32,4.5,1
CUST-101012,51,0,1,1,Month-to-month,Mailed check,0,No,0,0,0,0,0,0,0,26.57,1262.82,2,0,335.8,11,7.2,0
CUST-101013,8,0,0,0,One year,Mailed check,1,Fiber optic,1,0,1,0,0,1,1,94.98,726.3,2,1,299.4,34,7.1,0
CUST-101014,15,0,0,0,One year,Mailed check,1,No,0,0,0,0,0,0,0,18.0,248.56,2,1,237.4,8,6.0,0
CUST-101015,1,0,1,0,Month-to-month,Electronic check,1,No,1,0,0,0,0,0,0,37.73,36.28,1,1,204.1,14,7.7,0
CUST-101016,15,0,0,0,One year,Bank transfer (auto),0,Fiber optic,1,0,0,0,0,0,0,76.33,1143.34,5,0,153.0,29,6.6,1
CUST-101017,9,1,0,0,Two year,Mailed check,1,Fiber optic,0,0,0,1,0,1,0,72.64,635.28,3,1,247.7,74,5.6,0
CUST-101018,23,0,0,1,Two year,Credit card (auto),1,No,0,0,0,0,0,0,0,18.0,401.06,0,0,176.2,31,6.8,0
CUST-101019,16,0,0,1,One year,Electronic check,1,DSL,0,0,0,0,0,1,0,40.1,632.8,2,2,79.5,65,7.6,0
CUST-101020,39,0,1,1,Month-to-month,Electronic check,0,Fiber optic,1,0,0,1,0,0,1,84.11,3169.15,2,0,284.3,85,5.5,0
CUST-101021,13,0,0,1,Month-to-month,Mailed check,1,DSL,1,0,0,1,1,0,0,57.53,726.5,0,2,5.7,32,10.0,1
CUST-101022,15,0,0,0,Month-to-month,Electronic check,1,DSL,0,0,0,0,0,1,1,47.28,669.34,2,1,117.0,60,5.5,1
CUST-101023,45,1,1,0,Two year,Credit card (auto),0,DSL,0,1,0,0,0,1,1,56.6,2458.16,2,0,143.3,52,8.8,0
CUST-101024,14,1,1,0,One year,Bank transfer (auto),1,No,1,0,0,0,0,0,0,37.14,508.92,1,1,94.9,57,5.9,0
CUST-101025,24,0,0,0,Two year,Mailed check,1,DSL,0,0,0,1,1,1,0,54.3,1252.66,0,0,96.9,69,6.3,0
CUST-101026,6,0,1,1,Month-to-month,Bank transfer (auto),1,Fiber optic,1,0,0,1,0,1,1,89.53,511.67,1,0,195.5,52,7.9,1
CUST-101027,34,0,0,0,Two year,Mailed check,1,Fiber optic,0,1,1,1,0,1,0,91.41,2911.68,1,1,136.7,23,6.3,0
CUST-101028,25,0,1,0,Two year,Electronic check,1,Fiber optic,0,0,0,0,0,0,0,80.82,1898.61,2,1,224.3,80,3.1,1
CUST-101029,26,0,0,0,One year,Mailed check,1,No,0,0,0,0,0,0,0,21.12,545.56,3,0,187.9,54,7.4,0
CUST-101030,27,1,0,0,Two year,Electronic check,1,No,0,0,0,0,0,0,0,22.74,571.25,2,2,186.1,55,6.8,0
CUST-101031,23,0,0,0,Month-to-month,Bank transfer (auto),0,Fiber optic,0,0,0,1,0,0,0,79.56,1775.64,3,0,234.9,71,3.9,0
CUST-101032,2,0,1,0,Month-to-month,Credit card (auto),0,Fiber optic,1,0,1,0,0,0,0,85.42,167.22,2,0,93.0,22,4.9,1
CUST-101033,9,0,0,0,Month-to-month,Electronic check,1,No,1,0,0,0,0,0,0,18.04,151.97,5,1,5.0,89,5.0,1
CUST-101034,50,0,0,0,Month-to-month,Bank transfer (auto),0,Fiber optic,0,1,0,0,1,0,1,78.9,3683.72,3,1,245.1,41,5.9,0
CUST-101035,42,1,1,0,Month-to-month,Bank transfer (auto),1,Fiber optic,0,1,0,1,0,0,0,83.23,3274.45,3,0,162.7,81,7.8,0
CUST-101036,41,0,0,1,One year,Mailed check,0,DSL,0,0,0,0,0,0,1,46.28,1828.83,4,0,223.3,82,6.5,0
CUST-101037,70,0,1,0,Month-to-month,Mailed check,1,DSL,0,0,0,0,1,0,0,41.69,2729.43,2,1,5.0,49,6.1,0
CUST-101038,20,1,0,0,Month-to-month,Mailed check,1,No,0,0,0,0,0,0,0,18.37,346.2,3,1,126.5,16,4.5,1
CUST-101039,19,0,0,0,Month-to-month,Mailed check,1,Fiber optic,1,0,1,0,0,0,1,90.3,1627.16,6,0,163.4,4,3.3,1
CUST-101040,17,0,0,0,One year,Mailed check,1,Fiber optic,1,0,0,0,0,0,1,85.56,1342.89,3,3,192.7,0,6.5,1
CUST-101041,2,0,0,0,Two year,Electronic check,1,DSL,1,0,1,1,1,0,0,66.78,123.17,1,2,272.4,75,5.3,1
CUST-101042,18,0,0,0,Month-to-month,Mailed check,1,Fiber optic,0,0,0,0,1,1,1,72.42,1199.98,3,0,122.7,38,6.3,0
CUST-101043,32,0,0,1,One year,Bank transfer (auto),0,No,1,0,0,0,0,0,0,29.23,926.72,2,1,5.0,86,6.2,0
CUST-101044,8,0,1,1,Two year,Mailed check,1,No,0,0,0,0,0,0,0,18.0,143.06,3,1,94.9,35,4.1,1
CUST-101045,54,0,0,0,One year,Credit card (auto),1,Fiber optic,0,0,0,1,0,0,1,82.34,4293.68,1,0,148.9,1,7.2,0
CUST-101046,24,1,0,0,One year,Electronic check,0,Fiber optic,0,0,0,0,0,1,0,76.73,1700.5,3,3,216.3,78,6.6,1
CUST-101047,29,0,1,0,One year,Mailed check,1,DSL,1,0,1,0,0,1,0,58.72,1638.62,2,1,211.2,38,6.2,0
CUST-101048,23,1,0,0,Two year,Bank transfer (auto),1,DSL,0,0,0,0,0,1,0,41.42,943.35,2,2,74.5,70,4.3,0
CUST-101049,41,1,1,0,Month-to-month,Bank transfer (auto),1,DSL,1,0,1,0,0,0,0,64.31,2605.69,4,1,269.5,16,6.5,0
CUST-101050,15,0,1,1,One year,Credit card (auto),1,Fiber optic,1,0,0,1,0,1,0,88.76,1287.8,3,1,41.0,35,5.0,0
CUST-101051,19,0,0,0,Month-to-month,Electronic check,0,No,1,0,0,0,0,0,0,22.4,395.55,5,1,404.2,70,4.0,0
CUST-101052,7,0,1,0,Month-to-month,Mailed check,1,No,0,0,0,0,0,0,0,28.85,191.35,4,2,159.9,71,8.1,1
CUST-101053,17,0,1,0,One year,Bank transfer (auto),1,DSL,0,1,0,0,1,1,0,58.76,998.06,1,1,73.1,19,4.9,0
CUST-101054,7,0,1,0,Two year,Bank transfer (auto),0,Fiber optic,0,0,1,1,1,1,1,88.62,611.68,2,0,138.9,25,5.3,0
CUST-101055,43,0,1,0,Two year,Credit card (auto),0,DSL,1,1,0,0,0,1,1,72.86,3062.2,2,2,90.0,42,6.7,0
CUST-101056,20,0,0,0,Two year,Credit card (auto),0,Fiber optic,0,0,0,0,1,1,1,88.29,1669.27,2,1,96.1,79,6.5,0
CUST-101057,20,0,1,0,One year,Electronic check,1,No,0,0,0,0,0,0,0,23.53,439.95,2,2,245.4,54,6.3,1
CUST-101058,38,0,0,0,Month-to-month,Bank transfer (auto),1,No,0,0,0,0,0,0,0,21.49,779.25,4,2,273.7,12,5.6,0
CUST-101059,6,0,0,0,Two year,Bank transfer (auto),0,No,0,0,0,0,0,0,0,18.0,101.38,4,0,146.7,88,5.6,0
CUST-101060,6,0,1,1,Month-to-month,Bank transfer (auto),1,Fiber optic,1,0,0,1,0,0,1,80.6,457.89,3,0,161.6,65,7.5,0
CUST-101061,72,0,0,0,Month-to-month,Electronic check,0,Fiber optic,1,0,0,0,1,1,0,84.59,5998.32,2,2,68.5,80,7.5,0
CUST-101062,22,1,1,0,Month-to-month,Credit card (auto),0,No,0,0,0,0,0,0,0,18.0,369.76,1,2,274.7,50,6.1,0
CUST-101063,20,1,1,1,One year,Bank transfer (auto),0,Fiber optic,0,1,0,1,0,0,1,85.2,1601.84,4,2,131.1,40,5.2,0
CUST-101064,0,0,1,0,One year,Electronic check,1,DSL,1,1,0,0,1,1,1,70.51,66.31,0,2,266.5,60,7.7,0
CUST-101065,12,0,1,0,Two year,Electronic check,0,DSL,0,0,0,1,1,0,0,54.3,647.12,1,3,196.8,52,6.3,0
CUST-101066,55,0,1,0,Month-to-month,Bank transfer (auto),0,DSL,0,0,0,0,0,0,1,58.89,3006.4,3,1,132.8,20,7.6,0
CUST-101067,40,0,1,0,Two year,Credit card (auto),0,DSL,0,0,1,1,0,0,0,47.13,1803.66,3,0,79.5,7,7.4,0
CUST-101068,12,0,1,0,One year,Mailed check,0,Fiber optic,1,0,0,0,0,1,1,87.81,1047.9,2,1,333.5,69,7.0,1
CUST-101069,25,0,1,1,Two year,Credit card (auto),0,Fiber optic,0,0,0,1,0,0,0,67.67,1672.9,0,0,224.8,3,9.0,0
CUST-101070,11,0,1,0,Month-to-month,Mailed check,1,DSL,0,1,0,1,0,0,0,61.64,659.52,3,0,175.6,70,7.1,1
CUST-101071,14,0,0,0,One year,Mailed check,0,DSL,1,0,0,1,0,0,1,55.83,762.64,0,0,275.0,9,7.4,0
CUST-101072,10,0,0,0,One year,Bank transfer (auto),0,DSL,1,0,1,0,0,0,1,73.36,715.99,3,2,196.6,11,5.6,1
CUST-101073,6,1,0,0,Month-to-month,Electronic check,0,No,0,0,0,0,0,0,0,18.0,100.42,2,5,144.4,67,5.5,1
CUST-101074,19,0,0,0,Month-to-month,Electronic check,0,DSL,0,0,0,1,1,0,1,60.36,1060.69,4,1,45.7,71,8.0,0
CUST-101075,16,0,0,0,Month-to-month,Bank transfer (auto),0,DSL,0,0,0,1,0,0,1,57.06,840.39,4,0,61.7,79,6.2,0
CUST-101076,72,1,0,0,Month-to-month,Electronic check,0,Fiber optic,1,0,0,1,0,0,0,87.69,6055.43,4,2,253.7,30,3.6,1
CUST-101077,3,0,1,1,Month-to-month,Electronic check,1,Fiber optic,1,0,0,0,1,1,0,80.57,235.94,3,1,126.1,55,5.4,1
CUST-101078,14,0,1,1,One year,Electronic check,0,DSL,1,0,0,1,0,0,0,50.37,675.7,1,2,93.3,49,7.6,0
CUST-101079,35,0,1,1,One year,Electronic check,1,Fiber optic,0,0,1,0,0,0,1,76.21,2455.79,4,1,242.8,35,4.6,0
CUST-101080,17,1,1,1,One year,Electronic check,0,Fiber optic,1,1,1,1,1,0,0,100.16,1662.23,1,1,146.7,20,7.5,0
CUST-101081,64,0,1,1,Month-to-month,Mailed check,1,Fiber optic,0,1,0,0,0,1,0,79.03,4813.14,4,0,136.4,40,6.8,0
CUST-101082,12,0,1,1,Month-to-month,Credit card (auto),1,Fiber optic,0,0,0,1,0,0,1,85.48,1009.65,6,2,52.6,8,4.9,1
CUST-101083,4,0,0,0,One year,Bank transfer (auto),1,DSL,0,1,1,0,0,0,0,49.0,194.99,2,0,71.8,87,6.6,1
CUST-101084,52,0,1,0,One year,Bank transfer (auto),0,DSL,1,0,0,0,1,1,0,60.48,3009.05,2,1,178.4,44,5.5,0
CUST-101085,2,0,0,0,One year,Electronic check,0,Fiber optic,1,0,0,1,1,1,1,95.54,182.92,2,2,169.4,50,7.3,1
CUST-101086,13,0,0,0,One year,Electronic check,0,DSL,1,0,0,0,1,1,0,61.23,757.68,3,1,144.0,81,5.0,0
CUST-101087,10,0,0,0,Two year,Credit card (auto),1,DSL,0,0,1,0,0,0,1,57.53,548.74,3,3,318.5,60,6.0,0
CUST-101088,22,0,1,0,Two year,Bank transfer (auto),1,DSL,0,0,0,1,0,0,0,56.93,1214.35,4,1,175.5,58,2.9,1
CUST-101089,31,0,1,1,One year,Credit card (auto),0,Fiber optic,0,1,1,0,0,0,0,75.48,2290.83,3,0,209.7,29,5.3,1
CUST-101090,15,0,0,1,Month-to-month,Mailed check,0,No,1,0,0,0,0,0,0,25.22,360.11,4,1,63.4,14,5.6,0
CUST-101091,45,0,1,0,Month-to-month,Bank transfer (auto),0,Fiber optic,0,0,0,1,0,0,0,76.29,3224.63,4,0,161.7,8,5.7,0
CUST-101092,1,0,0,0,One year,Mailed check,1,No,0,0,0,0,0,0,0,22.01,20.44,3,1,155.9,34,6.9,0
CUST-101093,9,0,0,0,Month-to-month,Electronic check,1,Fiber optic,0,0,0,0,0,1,1,85.47,752.81,2,2,127.4,80,3.6,1
CUST-101094,21,1,0,0,Month-to-month,Credit card (auto),0,Fiber optic,0,1,1,0,1,0,0,84.06,1682.53,2,0,366.7,63,6.1,0
CUST-101095,11,1,0,0,Month-to-month,Electronic check,1,DSL,0,0,0,0,0,1,0,48.28,518.82,2,0,159.1,39,5.1,0
CUST-101096,4,0,1,0,Two year,Mailed check,0,DSL,0,0,0,1,0,1,1,69.0,261.86,0,0,201.3,67,8.6,0
CUST-101097,5,0,0,0,Month-to-month,Electronic check,0,DSL,0,1,0,0,1,1,1,64.98,315.92,2,1,228.8,9,5.7,0
CUST-101098,12,0,0,0,One year,Bank transfer (auto),0,DSL,0,0,0,0,0,0,0,49.3,564.72,4,1,163.3,43,5.3,0
CUST-101099,10,0,0,0,Two year,Credit card (auto),1,Fiber optic,1,1,0,1,0,0,1,82.04,816.26,1,1,175.1,19,7.0,0
CUST-101100,31,0,1,0,One year,Mailed check,1,Fiber optic,0,0,0,1,1,0,1,82.67,2455.53,0,0,249.6,31,6.8,0
CUST-101101,28,1,1,0,Month-to-month,Credit card (auto),0,DSL,0,1,0,1,0,1,0,65.28,1779.98,5,2,55.2,2,5.8,1
CUST-101102,27,0,1,1,Two year,Electronic check,0,Fiber optic,1,1,1,0,0,0,0,87.69,2286.08,2,0,317.8,62,5.9,0
CUST-101103,23,0,1,0,One year,Credit card (auto),1,DSL,0,0,1,0,1,1,1,62.59,1420.06,0,0,211.3,3,5.3,0
CUST-101104,34,1,1,1,Month-to-month,Bank transfer (auto),1,No,0,0,0,0,0,0,0,18.0,597.99,2,1,312.9,23,5.0,0
CUST-101105,71,0,0,0,One year,Credit card (auto),0,No,1,0,0,0,0,0,0,27.22,1841.22,0,0,236.9,28,4.8,0
CUST-101106,8,0,0,0,Month-to-month,Bank transfer (auto),1,DSL,1,0,1,0,0,0,0,65.02,485.08,4,0,18.4,36,6.0,0
CUST-101107,52,0,0,1,One year,Mailed check,1,DSL,1,0,1,0,0,1,0,62.08,3079.67,0,0,99.1,57,7.0,0
CUST-101108,0,0,0,1,Two year,Mailed check,0,No,0,0,0,0,0,0,0,22.88,22.72,2,2,141.7,21,5.6,0
CUST-101109,72,1,0,0,Month-to-month,Credit card (auto),1,No,0,0,0,0,0,0,0,18.09,1276.61,2,0,44.6,0,7.2,0
CUST-101110,3,0,0,1,Two year,Credit card (auto),1,No,0,0,0,0,0,0,0,18.04,51.58,2,1,161.2,8,7.0,0
CUST-101111,3,0,0,0,Month-to-month,Bank transfer (auto),1,DSL,1,0,0,1,0,0,1,62.38,177.83,3,0,70.1,38,4.8,1
CUST-101112,14,0,0,1,Two year,Bank transfer (auto),1,Fiber optic,1,0,0,0,1,0,0,85.53,1106.37,2,2,149.4,15,6.8,0
CUST-101113,4,1,0,0,One year,Mailed check,1,DSL,0,0,0,0,1,0,1,58.7,221.71,1,0,98.8,44,5.9,1
CUST-101114,0,0,0,1,Month-to-month,Electronic check,1,Fiber optic,1,0,1,0,0,0,0,86.79,84.35,3,1,159.7,74,3.8,1
CUST-101115,0,0,1,1,Two year,Electronic check,1,DSL,1,0,1,0,0,1,0,60.04,59.57,3,1,283.8,81,7.4,1
CUST-101116,8,0,1,1,Two year,Bank transfer (auto),1,Fiber optic,1,0,1,0,0,0,0,83.79,652.55,1,0,109.4,29,6.7,0
CUST-101117,42,1,0,1,Month-to-month,Bank transfer (auto),1,Fiber optic,1,0,0,0,0,0,0,70.42,2728.87,1,0,196.1,19,7.5,0
CUST-101118,3,0,0,0,One year,Bank transfer (auto),0,No,1,0,0,0,0,0,0,29.57,83.93,1,0,95.9,87,5.3,0
CUST-101119,22,0,0,0,Month-to-month,Bank transfer (auto),0,DSL,0,0,1,1,1,1,1,55.52,1199.8,2,1,225.6,25,7.1,0
CUST-101120,41,1,0,0,Month-to-month,Mailed check,0,No,1,0,0,0,0,0,0,18.95,766.5,2,2,118.3,85,5.7,0
CUST-101121,5,0,0,1,Month-to-month,Electronic check,1,Fiber optic,0,1,0,0,0,0,1,80.23,372.06,2,2,214.2,63,6.1,1
CUST-101122,8,0,0,0,Month-to-month,Electronic check,1,No,0,0,0,0,0,0,0,23.24,174.98,3,0,5.0,48,8.3,0
CUST-101123,72,0,1,0,Month-to-month,Electronic check,0,Fiber optic,1,1,0,0,0,0,0,75.26,5125.33,0,1,56.6,64,4.7,0
CUST-101124,29,0,1,1,Month-to-month,Bank transfer (auto),1,DSL,0,1,1,1,0,0,1,66.35,1907.54,2,1,222.5,83,7.2,0
CUST-101125,17,0,1,0,Two year,Bank transfer (auto),0,No,0,0,0,0,0,0,0,19.03,312.53,1,1,290.2,43,8.1,0
CUST-101126,45,0,1,1,Month-to-month,Credit card (auto),0,Fiber optic,1,1,0,1,0,0,0,93.82,3947.24,4,2,264.7,85,6.1,0
CUST-101127,3,0,1,1,Two year,Electronic check,1,DSL,0,0,1,0,1,1,0,67.25,194.95,2,2,198.4,6,7.8,0
CUST-101128,37,0,1,0,Month-to-month,Credit card (auto),1,DSL,0,1,0,0,0,1,1,45.1,1632.19,1,0,119.0,24,6.0,0
CUST-101129,33,0,1,0,Month-to-month,Bank transfer (auto),0,No,1,0,0,0,0,0,0,39.54,1238.16,0,0,64.3,54,7.2,0
CUST-101130,11,1,1,1,One year,Electronic check,1,No,0,0,0,0,0,0,0,25.5,279.18,2,0,162.5,76,7.6,1
CUST-101131,9,0,1,0,Month-to-month,Bank transfer (auto),0,Fiber optic,0,0,0,1,0,0,1,82.65,733.63,4,1,80.0,78,4.8,1
CUST-101132,20,0,1,1,Month-to-month,Credit card (auto),0,DSL,1,0,0,0,0,1,1,60.03,1164.49,5,0,134.3,21,3.5,0
CUST-101133,35,0,1,0,Two year,Mailed check,1,Fiber optic,1,0,1,0,1,0,0,90.13,2997.93,1,0,217.1,0,10.0,0
CUST-101134,39,0,0,0,Month-to-month,Bank transfer (auto),1,DSL,0,0,0,0,1,1,0,56.23,2019.49,3,2,122.9,18,6.9,0
CUST-101135,54,0,0,0,Month-to-month,Electronic check,0,Fiber optic,0,0,0,0,0,0,0,75.18,3758.22,0,1,136.7,85,7.9,0
CUST-101136,5,0,0,1,One year,Electronic check,1,Fiber optic,1,0,0,0,0,0,0,80.22,394.85,1,1,157.2,57,6.6,0
CUST-101137,7,0,0,0,Month-to-month,Electronic check,0,Fiber optic,0,0,1,1,0,0,1,86.91,603.27,2,1,216.0,33,7.0,1
CUST-101138,32,0,0,1,One year,Electronic check,1,No,0,0,0,0,0,0,0,24.54,730.24,0,0,146.6,19,6.6,0
CUST-101139,5,0,0,1,Month-to-month,Bank transfer (auto),0,No,0,0,0,0,0,0,0,18.0,83.45,2,2,285.4,47,6.1,0
CUST-101140,0,1,0,0,Month-to-month,Electronic check,0,DSL,1,0,1,0,0,0,0,55.86,54.46,2,1,246.7,25,6.5,1
CUST-101141,6,0,1,0,Month-to-month,Bank transfer (auto),1,Fiber optic,1,0,0,0,0,1,0,82.61,478.13,3,1,286.9,0,6.4,1
CUST-101142,9,0,0,0,Month-to-month,Credit card (auto),0,Fiber optic,0,0,0,0,0,1,1,76.8,656.28,4,0,210.9,3,5.3,0
CUST-101143,9,0,0,1,One year,Credit card (auto),0,DSL,1,0,1,0,1,0,0,68.85,585.43,1,0,317.0,60,6.9,0
CUST-101144,27,0,0,0,Two year,Electronic check,0,Fiber optic,0,1,0,0,0,0,1,88.8,2252.66,2,2,194.2,86,7.1,0
CUST-101145,24,0,0,1,One year,Electronic check,1,DSL,0,0,1,0,0,1,1,59.44,1335.23,1,2,223.0,81,6.8,0
CUST-101146,14,1,1,1,Month-to-month,Mailed check,1,DSL,0,0,1,1,0,0,1,59.42,780.48,4,1,31.4,62,6.7,1
CUST-101147,31,1,1,0,Two year,Electronic check,1,No,1,0,0,0,0,0,0,28.78,844.44,3,0,211.4,15,4.6,0
CUST-101148,16,0,0,0,One year,Mailed check,1,DSL,0,0,0,0,0,0,1,40.19,617.89,4,0,232.3,40,6.6,0
CUST-101149,25,1,0,1,Month-to-month,Bank transfer (auto),1,Fiber optic,0,0,0,0,0,0,0,64.81,1617.46,4,4,213.9,12,3.5,1
CUST-101150,72,0,0,1,Month-to-month,Bank transfer (auto),1,DSL,0,0,0,0,0,0,1,44.38,2947.07,3,0,254.0,69,8.0,0
CUST-101151,34,0,1,0,Month-to-month,Electronic check,0,Fiber optic,1,1,0,0,1,0,0,91.92,3066.04,2,2,206.7,32,6.7,1
CUST-101152,8,0,1,0,Month-to-month,Electronic check,0,Fiber optic,0,0,1,0,1,0,1,81.21,603.17,3,1,168.1,9,6.2,1
CUST-101153,4,0,1,0,Month-to-month,Credit card (auto),1,No,0,0,0,0,0,0,0,19.62,75.66,5,0,295.3,87,5.7,0
CUST-101154,68,0,0,0,Month-to-month,Credit card (auto),1,DSL,0,0,0,1,0,0,0,48.55,3087.35,2,0,79.2,81,7.0,0
CUST-101155,26,1,1,1,Two year,Bank transfer (auto),1,Fiber optic,0,1,0,0,0,0,1,77.49,1855.61,1,0,246.9,78,8.3,1
CUST-101156,43,0,1,0,Month-to-month,Bank transfer (auto),0,No,0,0,0,0,0,0,0,32.6,1303.81,2,1,174.6,12,7.8,0
CUST-101157,21,0,1,1,Month-to-month,Bank transfer (auto),1,DSL,1,0,1,0,0,1,1,67.19,1323.48,5,2,215.2,19,2.7,1
CUST-101158,21,0,0,0,Two year,Electronic check,0,DSL,1,0,1,0,0,0,1,70.47,1396.36,2,2,129.8,56,5.7,0
CUST-101159,72,0,0,1,Month-to-month,Credit card (auto),0,Fiber optic,0,1,0,0,1,0,1,79.33,5339.38,1,0,231.3,64,6.8,0
CUST-101160,60,1,0,0,Month-to-month,Electronic check,1,No,0,0,0,0,0,0,0,18.0,1019.59,3,1,89.3,68,5.0,0
CUST-101161,2,0,0,1,Month-to-month,Bank transfer (auto),0,DSL,0,0,0,0,0,1,0,54.9,103.63,6,0,142.1,7,3.4,1
CUST-101162,5,0,1,0,One year,Electronic check,1,DSL,0,0,0,0,0,1,0,50.48,250.55,6,6,201.0,74,3.7,1
CUST-101163,11,0,0,1,Month-to-month,Bank transfer (auto),1,No,0,0,0,0,0,0,0,23.81,257.01,2,1,104.9,9,4.6,0
CUST-101164,10,0,0,0,One year,Bank transfer (auto),0,Fiber optic,0,1,1,0,0,1,0,94.37,882.28,2,2,273.6,45,7.4,1
CUST-101165,5,0,1,0,Two year,Bank transfer (auto),1,DSL,0,0,0,0,0,0,0,46.16,224.28,3,0,270.8,33,5.2,0
CUST-101166,27,0,0,0,One year,Mailed check,1,Fiber optic,0,1,0,0,1,1,1,90.39,2325.41,3,1,124.6,48,7.0,0
CUST-101167,13,0,1,0,Two year,Bank transfer (auto),0,DSL,1,0,1,0,0,0,1,60.01,746.58,3,1,241.0,76,4.9,0
CUST-101168,52,0,1,0,One year,Bank transfer (auto),0,Fiber optic,0,0,1,0,0,0,0,75.34,3708.58,0,0,130.0,2,6.1,0
CUST-101169,10,0,1,0,One year,Bank transfer (auto),0,DSL,0,1,0,1,0,0,0,55.62,540.91,2,0,315.0,11,6.2,1
CUST-101170,18,0,1,0,Month-to-month,Mailed check,1,Fiber optic,1,0,0,0,0,0,0,80.97,1343.8,3,1,5.0,45,4.6,1
CUST-101171,13,0,0,0,Month-to-month,Mailed check,0,Fiber optic,1,1,0,0,0,1,1,93.27,1152.01,1,0,250.3,14,8.5,0
CUST-101172,26,1,0,0,Month-to-month,Bank transfer (auto),1,DSL,1,0,1,0,1,0,0,52.72,1345.34,1,1,255.6,79,7.4,0
CUST-101173,7,1,1,1,Month-to-month,Electronic check,1,Fiber optic,0,0,0,0,0,1,0,83.67,585.41,1,1,119.2,73,7.6,1
CUST-101174,42,0,0,0,Month-to-month,Bank transfer (auto),1,No,0,0,0,0,0,0,0,20.54,803.0,2,0,215.7,54,6.1,0
CUST-101175,72,0,0,0,One year,Electronic check,0,Fiber optic,0,0,0,1,0,0,1,88.52,6034.03,0,4,123.2,1,7.6,0
CUST-101176,2,1,1,1,Month-to-month,Bank transfer (auto),0,No,1,0,0,0,0,0,0,23.06,43.86,3,1,120.5,48,6.6,0
CUST-101177,0,0,0,0,One year,Mailed check,1,No,0,0,0,0,0,0,0,18.0,17.35,3,0,268.3,71,5.0,0
CUST-101178,13,0,0,0,Month-to-month,Credit card (auto),1,DSL,0,0,1,1,0,0,0,52.79,657.97,1,1,313.1,60,6.8,0
CUST-101179,19,0,0,1,Two year,Electronic check,0,Fiber optic,0,1,0,0,0,1,0,76.54,1434.4,2,3,100.3,61,6.9,0
CUST-101180,31,0,0,1,Month-to-month,Mailed check,1,No,0,0,0,0,0,0,0,22.17,667.45,3,0,272.1,15,5.5,0
CUST-101181,13,0,1,0,One year,Electronic check,1,Fiber optic,0,1,1,0,0,1,0,90.05,1153.42,2,1,262.7,49,7.4,0
CUST-101182,15,0,0,0,One year,Credit card (auto),1,Fiber optic,0,1,1,0,0,0,0,87.25,1279.02,0,1,41.8,33,5.3,0
CUST-101183,22,0,0,1,Month-to-month,Electronic check,1,DSL,0,0,0,0,0,1,0,46.7,1022.92,2,1,120.9,43,6.1,1
CUST-101184,12,1,0,1,Two year,Mailed check,1,No,0,0,0,0,0,0,0,18.0,211.46,3,2,92.8,44,5.1,0
CUST-101185,72,0,1,0,Two year,Electronic check,0,DSL,0,0,0,0,0,0,0,49.61,3314.64,3,3,187.6,37,7.3,0
CUST-101186,2,0,0,0,One year,Credit card (auto),1,Fiber optic,1,0,1,0,0,0,1,80.67,157.33,4,1,113.3,56,4.4,1
CUST-101187,3,0,0,1,Two year,Electronic check,0,No,1,0,0,0,0,0,0,32.02,88.63,2,3,180.0,59,5.9,0
CUST-101188,18,0,1,1,Month-to-month,Bank transfer (auto),0,Fiber optic,0,0,1,0,0,1,1,82.08,1380.13,3,1,261.9,16,7.7,0
CUST-101189,7,0,0,0,Two year,Electronic check,1,Fiber optic,1,0,0,0,1,0,1,84.35,587.44,3,0,223.4,9,6.9,0
CUST-101190,42,0,1,0,Two year,Mailed check,0,Fiber optic,1,0,0,0,0,0,0,61.12,2557.9,0,0,121.0,16,6.1,0
CUST-101191,10,0,0,0,One year,Electronic check,0,No,1,0,0,0,0,0,0,29.59,274.79,1,1,261.9,26,7.6,0
CUST-101192,5,0,0,0,Two year,Bank transfer (auto),0,Fiber optic,1,1,1,0,0,0,1,98.51,468.79,2,0,263.0,52,9.1,0
CUST-101193,4,0,0,0,One year,Electronic check,0,Fiber optic,0,0,0,0,1,0,0,67.39,269.31,3,3,267.5,38,5.9,0
CUST-101194,23,0,1,0,Month-to-month,Credit card (auto),1,DSL,1,0,0,1,1,1,0,68.2,1452.35,4,2,257.6,79,7.8,0
CUST-101195,4,1,0,0,One year,Mailed check,0,DSL,0,0,1,0,0,0,0,52.5,208.51,1,0,73.2,66,7.6,0
CUST-101196,14,0,0,0,Month-to-month,Bank transfer (auto),0,DSL,0,0,0,1,0,1,0,50.83,710.64,1,0,253.5,77,9.4,0
CUST-101197,27,0,1,1,One year,Electronic check,0,Fiber optic,0,0,1,1,0,1,0,86.09,2302.53,2,2,150.2,8,6.7,0
CUST-101198,31,0,0,1,Month-to-month,Electronic check,1,Fiber optic,1,0,1,0,1,0,0,92.38,2822.08,1,4,148.2,52,9.1,0
CUST-101199,12,0,1,1,One year,Credit card (auto),0,DSL,1,0,1,1,1,0,0,67.6,783.38,0,0,178.8,86,7.1,0
CUST-101200,1,0,1,1,Month-to-month,Bank transfer (auto),1,DSL,1,1,0,1,0,0,1,69.82,69.33,4,2,184.5,67,5.7,1
CUST-101201,11,0,1,1,Month-to-month,Bank transfer (auto),0,DSL,0,0,1,0,0,0,1,52.43,535.25,1,1,15.4,88,5.4,1
CUST-101202,13,0,0,0,Month-to-month,Bank transfer (auto),1,No,1,0,0,0,0,0,0,32.87,397.0,4,0,223.2,44,6.8,1
CUST-101203,15,0,0,0,Month-to-month,Electronic check,1,DSL,0,0,0,0,0,0,0,34.72,507.94,4,2,190.0,37,5.6,1
CUST-101204,7,1,1,1,One year,Credit card (auto),1,Fiber optic,0,0,1,0,1,0,0,83.62,538.92,0,0,197.3,40,8.5,0
CUST-101205,72,0,0,0,Month-to-month,Mailed check,0,No,1,0,0,0,0,0,0,35.39,2474.62,0,1,49.4,54,7.7,0
CUST-101206,33,0,0,0,Month-to-month,Credit card (auto),0,No,0,0,0,0,0,0,0,18.0,575.82,6,0,104.9,84,5.8,0
CUST-101207,2,1,1,1,Month-to-month,Bank transfer (auto),1,Fiber optic,1,0,1,0,0,0,0,77.84,150.85,1,0,143.8,46,8.0,1
CUST-101208,2,0,1,0,Month-to-month,Electronic check,0,DSL,0,0,0,0,1,1,0,63.71,118.98,1,2,212.0,11,8.1,1
CUST-101209,14,0,0,1,Month-to-month,Bank transfer (auto),1,DSL,1,0,0,1,0,0,0,59.82,831.79,4,0,254.4,43,6.4,0
CUST-101210,38,0,0,0,Month-to-month,Credit card (auto),1,DSL,0,0,1,0,0,0,0,40.36,1501.05,2,2,117.6,20,6.4,1
CUST-101211,2,0,1,0,One year,Electronic check,1,Fiber optic,0,0,1,1,1,1,1,91.18,171.87,1,0,251.0,16,6.2,0
CUST-101212,39,0,1,1,One year,Mailed check,1,DSL,0,0,0,0,0,1,1,43.67,1648.43,3,2,121.7,68,7.1,0
CUST-101213,26,0,0,1,Two year,Bank transfer (auto),1,DSL,0,0,0,0,0,1,0,48.15,1191.53,3,1,136.6,20,4.8,0
CUST-101214,40,0,0,0,Month-to-month,Electronic check,1,DSL,1,0,0,0,1,1,1,66.33,2602.58,0,0,165.8,27,7.4,0
CUST-101215,41,0,0,0,Month-to-month,Electronic check,1,Fiber optic,1,1,1,0,1,0,0,95.18,3744.72,2,1,133.3,39,7.0,0
CUST-101216,33,0,0,0,Month-to-month,Bank transfer (auto),1,DSL,1,0,0,0,0,0,0,53.17,1654.89,3,0,208.6,8,4.5,1
CUST-101217,23,1,0,0,One year,Credit card (auto),1,Fiber optic,0,0,0,0,0,0,0,79.58,1803.47,4,0,116.6,45,4.2,1
CUST-101218,50,1,1,0,Month-to-month,Bank transfer (auto),1,DSL,1,0,1,0,0,1,1,67.18,3197.2,2,0,223.2,15,5.6,0
CUST-101219,24,0,0,0,Month-to-month,Credit card (auto),1,Fiber optic,0,1,1,1,0,1,0,76.56,1836.82,3,1,186.4,67,6.8,0
CUST-101220,20,0,0,0,One year,Electronic check,1,DSL,0,0,0,0,0,0,0,48.69,926.45,1,1,64.8,62,7.1,0
CUST-101221,18,0,1,0,Month-to-month,Electronic check,1,Fiber optic,1,0,1,0,1,1,1,96.65,1679.85,1,2,258.8,17,6.0,0
CUST-101222,34,0,0,0,Month-to-month,Electronic check,0,Fiber optic,0,1,0,1,0,0,0,77.97,2523.72,5,2,214.5,62,6.9,0
CUST-101223,8,0,0,0,One year,Mailed check,0,Fiber optic,1,0,0,0,0,1,0,88.83,684.2,2,0,199.6,79,6.0,1
CUST-101224,72,0,1,0,Two year,Bank transfer (auto),1,DSL,1,0,0,1,0,0,0,62.49,4496.06,4,0,129.4,10,7.8,0
CUST-101225,39,0,0,0,Month-to-month,Electronic check,1,Fiber optic,0,1,0,0,0,1,0,73.82,2674.44,3,1,43.2,20,5.8,0
CUST-101226,4,0,1,1,Month-to-month,Mailed check,0,Fiber optic,1,0,0,0,1,0,0,84.13,331.51,2,1,211.2,21,5.8,0
CUST-101227,30,0,0,1,Month-to-month,Bank transfer (auto),0,Fiber optic,0,0,1,0,1,1,0,92.62,2753.77,3,1,419.2,6,9.8,0
CUST-101228,32,0,0,1,Month-to-month,Bank transfer (auto),1,DSL,1,0,0,1,1,0,0,62.46,1946.11,0,1,5.0,84,4.7,1
CUST-101229,3,0,1,0,Month-to-month,Bank transfer (auto),0,No,1,0,0,0,0,0,0,20.27,58.34,1,0,262.9,24,7.3,1
CUST-101230,13,0,0,1,Month-to-month,Bank transfer (auto),1,Fiber optic,1,1,1,1,0,0,0,93.88,1175.71,2,2,80.5,81,5.2,1
CUST-101231,8,0,1,0,Month-to-month,Credit card (auto),1,Fiber optic,1,0,1,0,0,1,1,89.64,699.06,3,0,233.7,83,4.6,1
CUST-101232,5,1,0,0,Month-to-month,Bank transfer (auto),0,DSL,1,0,0,0,1,1,0,62.2,309.83,2,0,86.4,85,6.9,0
CUST-101233,7,0,1,1,One year,Credit card (auto),1,Fiber optic,0,0,0,0,0,0,0,64.25,426.2,5,0,236.5,39,7.5,0
CUST-101234,33,0,0,0,Two year,Credit card (auto),0,DSL,1,1,0,0,1,0,1,68.52,2245.83,0,0,286.8,43,8.6,0
CUST-101235,17,0,1,1,Month-to-month,Credit card (auto),1,Fiber optic,0,0,0,0,0,0,0,66.52,1065.72,2,1,184.5,35,4.2,1
CUST-101236,8,0,1,1,One year,Electronic check,1,DSL,0,0,1,1,0,0,1,63.34,484.37,2,3,223.5,84,4.2,0
CUST-101237,6,0,0,0,Two year,Mailed check,1,DSL,0,1,0,1,0,0,1,66.6,381.7,1,1,201.4,6,6.1,0
CUST-101238,43,0,0,0,Month-to-month,Mailed check,0,Fiber optic,0,1,0,0,0,1,0,80.12,3217.55,0,1,112.2,75,5.9,0
CUST-101239,15,0,0,1,One year,Electronic check,1,Fiber optic,0,0,1,1,0,1,0,77.8,1091.33,2,2,168.6,2,7.8,1
CUST-101240,29,0,1,0,Month-to-month,Bank transfer (auto),1,DSL,0,0,1,1,0,0,1,53.97,1547.76,1,2,227.1,54,7.1,0
CUST-101241,13,1,0,0,Two year,Electronic check,0,No,0,0,0,0,0,0,0,21.06,273.57,3,0,296.6,17,5.6,0
CUST-101242,7,1,1,0,Month-to-month,Bank transfer (auto),1,No,1,0,0,0,0,0,0,29.92,208.55,5,0,128.1,73,5.4,1
CUST-101243,34,0,0,1,Month-to-month,Credit card (auto),1,Fiber optic,1,1,1,1,1,1,0,97.34,3100.92,4,0,222.5,35,5.2,0
CUST-101244,17,0,0,0,Two year,Mailed check,1,Fiber optic,1,0,1,1,0,1,0,90.3,1447.67,1,0,148.7,69,6.2,0
CUST-101245,25,0,1,1,One year,Credit card (auto),1,Fiber optic,1,0,1,0,0,1,0,90.48,2103.81,2,1,235.8,81,4.7,1
CUST-101246,45,0,0,0,Month-to-month,Bank transfer (auto),1,Fiber optic,0,1,0,0,0,0,0,80.92,3552.82,3,0,244.3,28,6.5,0
CUST-101247,62,0,0,0,One year,Credit card (auto),1,Fiber optic,0,1,0,0,0,1,1,83.45,4761.74,2,1,169.2,37,5.9,0
CUST-101248,31,0,1,0,Two year,Electronic check,1,Fiber optic,0,0,1,0,0,0,1,82.67,2497.0,1,2,217.9,7,6.4,1
CUST-101249,23,0,1,1,Month-to-month,Credit card (auto),1,DSL,0,1,1,0,1,0,0,58.48,1265.93,2,0,46.3,7,8.5,0
CUST-101250,38,0,0,0,Month-to-month,Electronic check,0,DSL,0,0,1,0,0,0,1,55.88,2075.93,4,2,230.9,51,5.1,0
CUST-101251,8,0,0,0,Month-to-month,Credit card (auto),1,Fiber optic,0,1,1,0,0,1,0,79.59,595.19,2,1,213.8,86,3.3,1
CUST-101252,9,0,0,0,Two year,Electronic check,1,Fiber optic,0,0,1,0,0,1,0,81.35,728.24,1,4,273.5,8,8.1,0
CUST-101253,31,0,1,1,Month-to-month,Electronic check,1,Fiber optic,0,1,0,1,0,1,1,96.2,2770.14,5,3,14.8,51,5.2,0
CUST-101254,9,0,0,0,Month-to-month,Electronic check,0,DSL,0,1,0,1,0,0,0,56.2,466.8,3,1,170.7,59,4.5,1
CUST-101255,9,0,1,0,Month-to-month,Bank transfer (auto),0,Fiber optic,1,1,0,0,0,0,0,85.02,711.11,3,0,70.9,67,6.2,0
CUST-101256,51,0,1,0,Month-to-month,Credit card (auto),1,Fiber optic,1,0,1,0,0,1,0,81.66,3912.52,3,0,74.8,7,7.4,0
CUST-101257,41,1,1,0,Month-to-month,Bank transfer (auto),0,DSL,1,0,0,0,0,1,0,59.55,2379.13,1,0,5.0,30,6.4,0
CUST-101258,10,0,0,1,Month-to-month,Bank transfer (auto),1,No,0,0,0,0,0,0,0,18.0,171.93,4,0,202.8,4,5.7,0
CUST-101259,15,1,0,0,Month-to-month,Electronic check,1,Fiber optic,0,0,0,1,0,1,0,82.92,1190.07,5,2,126.4,17,4.7,1
CUST-101260,42,0,0,1,Month-to-month,Credit card (auto),1,No,1,0,0,0,0,0,0,36.63,1488.15,2,1,189.9,62,8.4,0
CUST-101261,2,0,0,1,Month-to-month,Mailed check,1,Fiber optic,0,0,0,0,1,0,0,71.32,138.95,1,0,191.6,17,10.0,0
CUST-101262,31,0,0,0,Month-to-month,Credit card (auto),1,Fiber optic,0,0,1,0,0,0,1,77.57,2350.53,3,1,218.1,8,7.2,0
CUST-101263,5,0,1,1,Month-to-month,Credit card (auto),1,No,0,0,0,0,0,0,0,25.73,122.71,2,1,236.2,8,8.5,0
CUST-101264,47,0,0,0,One year,Mailed check,0,Fiber optic,0,1,1,0,0,0,1,78.57,3434.62,1,0,297.3,82,5.1,0
CUST-101265,15,0,0,0,Month-to-month,Mailed check,0,DSL,0,0,0,0,0,1,1,56.81,790.41,2,2,174.5,78,5.5,1
CUST-101266,4,0,1,0,Month-to-month,Bank transfer (auto),0,No,0,0,0,0,0,0,0,18.0,67.72,5,0,148.3,75,4.4,0
CUST-101267,0,0,1,1,One year,Credit card (auto),1,Fiber optic,0,0,0,1,0,0,0,77.94,72.77,4,1,75.9,26,6.5,0
CUST-101268,1,1,0,0,One year,Bank transfer (auto),0,Fiber optic,0,0,0,0,0,0,1,73.04,69.45,1,0,224.6,73,8.4,1
CUST-101269,10,1,1,1,One year,Credit card (auto),1,DSL,1,0,1,0,1,1,1,54.48,544.44,2,0,107.7,18,6.6,0
CUST-101270,37,0,1,0,Two year,Credit card (auto),1,No,1,0,0,0,0,0,0,21.7,758.03,3,0,196.8,55,5.8,0
CUST-101271,1,0,0,0,Month-to-month,Electronic check,0,No,0,0,0,0,0,0,0,19.44,19.35,4,1,359.3,77,5.7,1
CUST-101272,32,1,1,1,Month-to-month,Bank transfer (auto),1,Fiber optic,1,0,0,1,0,0,0,93.7,2913.35,4,1,41.9,84,4.6,1
CUST-101273,54,0,0,0,Month-to-month,Bank transfer (auto),0,DSL,0,0,1,0,0,0,0,48.04,2397.21,3,0,78.2,32,4.0,0
CUST-101274,10,0,0,0,Month-to-month,Electronic check,1,Fiber optic,1,1,0,0,0,0,0,78.2,766.63,1,1,188.6,50,8.1,1
CUST-101275,32,0,0,1,Two year,Credit card (auto),1,DSL,0,1,1,1,1,0,0,64.87,2028.8,1,1,78.8,25,6.5,0
CUST-101276,0,0,0,0,One year,Electronic check,1,Fiber optic,0,1,1,0,0,0,0,60.5,59.06,3,2,288.4,43,5.5,0
CUST-101277,3,0,1,1,One year,Bank transfer (auto),0,Fiber optic,0,0,1,1,0,0,0,86.65,242.02,1,1,90.2,55,7.5,0
CUST-101278,7,0,1,1,Two year,Mailed check,1,DSL,1,0,0,1,0,0,0,61.2,394.84,2,0,173.1,7,5.1,0
CUST-101279,13,0,0,0,Two year,Credit card (auto),0,No,0,0,0,0,0,0,0,18.0,230.73,0,2,218.8,27,9.1,0
CUST-101280,30,0,1,0,Month-to-month,Mailed check,1,Fiber optic,1,0,0,0,1,1,1,95.84,2816.69,5,0,58.5,21,6.5,0
CUST-101281,42,0,0,1,Two year,Bank transfer (auto),0,Fiber optic,1,0,1,0,0,0,0,84.31,3422.88,3,0,183.8,56,5.3,0
CUST-101282,11,0,0,1,Month-to-month,Electronic check,0,Fiber optic,0,0,1,1,0,0,1,82.7,892.35,3,1,301.8,43,7.4,0
CUST-101283,17,0,1,0,Month-to-month,Credit card (auto),0,No,1,0,0,0,0,0,0,31.28,513.77,6,0,224.8,66,7.2,0
CUST-101284,72,1,0,0,Month-to-month,Mailed check,1,Fiber optic,0,0,1,1,0,0,0,78.47,5465.71,4,0,145.1,42,3.5,1
CUST-101285,19,1,1,0,Two year,Bank transfer (auto),1,No,1,0,0,0,0,0,0,29.02,549.7,0,0,241.7,68,3.0,0
CUST-101286,13,0,0,0,One year,Credit card (auto),1,DSL,0,1,0,0,0,0,0,52.83,639.83,1,2,5.0,71,6.3,1
CUST-101287,41,0,1,0,Month-to-month,Mailed check,1,DSL,1,0,0,0,1,0,1,59.74,2311.98,2,0,128.1,1,6.9,0
CUST-101288,72,0,0,0,Two year,Electronic check,0,Fiber optic,0,0,0,1,0,0,0,73.74,4932.27,2,1,43.6,87,6.6,0
CUST-101289,13,0,0,0,Month-to-month,Electronic check,1,DSL,1,0,0,1,0,0,0,50.49,616.08,4,0,200.0,23,7.8,1
CUST-101290,26,0,1,0,One year,Bank transfer (auto),0,Fiber optic,0,0,1,1,1,1,1,84.79,2177.13,1,0,185.9,22,7.6,0
CUST-101291,59,0,0,1,Month-to-month,Electronic check,1,Fiber optic,1,0,0,1,0,1,0,76.8,4429.08,6,2,97.7,72,4.3,1
CUST-101292,11,0,0,0,Month-to-month,Electronic check,0,DSL,0,0,0,0,1,0,1,56.19,596.84,2,3,271.6,34,7.3,0
CUST-101293,14,0,1,0,Month-to-month,Electronic check,0,DSL,0,0,1,0,0,1,1,56.61,742.54,3,1,5.0,72,7.8,0
CUST-101294,19,1,0,0,Two year,Mailed check,0,DSL,1,0,0,0,0,1,1,54.94,1000.49,4,1,325.3,30,3.3,1
CUST-101295,21,0,0,0,Two year,Mailed check,1,DSL,1,0,0,1,1,0,1,64.19,1300.42,1,1,269.0,88,8.6,0
CUST-101296,32,0,0,1,Month-to-month,Mailed check,0,DSL,0,0,0,1,0,1,1,52.14,1552.16,2,0,188.0,86,6.1,0
CUST-101297,29,0,1,0,Month-to-month,Bank transfer (auto),1,DSL,0,1,1,0,0,1,0,59.6,1600.39,5,0,130.7,30,7.1,0
CUST-101298,13,0,1,0,Month-to-month,Bank transfer (auto),1,No,0,0,0,0,0,0,0,25.92,314.92,4,0,154.8,36,4.7,0
CUST-101299,62,0,1,1,One year,Mailed check,0,DSL,1,0,1,0,1,0,0,69.96,4265.5,0,0,206.3,77,6.5,0
CUST-101300,14,0,1,0,Month-to-month,Credit card (auto),1,DSL,0,0,0,0,1,0,0,48.57,656.44,1,0,119.5,4,8.3,0
CUST-101301,6,0,0,0,One year,Mailed check,0,No,1,0,0,0,0,0,0,26.94,157.12,1,1,165.0,3,8.1,1
CUST-101302,23,0,0,1,Month-to-month,Credit card (auto),1,Fiber optic,0,0,0,1,1,0,0,68.17,1455.79,6,1,207.0,57,7.2,0
CUST-101303,44,0,0,1,Month-to-month,Bank transfer (auto),1,DSL,0,0,0,0,1,0,0,40.73,1693.74,1,0,230.3,65,5.3,0
CUST-101304,8,0,1,0,Two year,Mailed check,0,No,1,0,0,0,0,0,0,36.01,270.51,2,0,299.4,13,7.0,1
CUST-101305,21,0,0,1,One year,Bank transfer (auto),1,No,0,0,0,0,0,0,0,21.04,434.28,3,3,310.2,42,6.5,0
CUST-101306,10,0,1,0,Month-to-month,Electronic check,0,Fiber optic,0,0,0,0,0,0,0,76.74,714.71,7,1,170.8,56,2.5,1
CUST-101307,1,0,1,0,Month-to-month,Credit card (auto),0,Fiber optic,1,0,0,0,0,0,0,66.69,62.79,7,0,36.7,83,2.7,1
CUST-101308,7,0,1,0,Month-to-month,Bank transfer (auto),1,Fiber optic,0,0,0,1,0,1,0,78.54,536.37,4,1,176.6,34,5.9,1
CUST-101309,28,0,0,1,Month-to-month,Electronic check,1,No,0,0,0,0,0,0,0,18.0,490.08,4,1,297.2,55,5.8,0
CUST-101310,34,0,0,0,Month-to-month,Mailed check,1,Fiber optic,0,0,1,1,0,1,1,74.98,2523.69,4,0,168.7,4,6.2,0
CUST-101311,6,0,1,1,One year,Bank transfer (auto),1,No,0,0,0,0,0,0,0,18.0,106.68,3,0,322.2,77,5.6,1
CUST-101312,24,0,1,1,Month-to-month,Electronic check,0,DSL,0,0,1,0,0,0,0,60.44,1431.96,4,4,67.8,56,4.1,1
CUST-101313,13,1,0,1,Month-to-month,Electronic check,0,Fiber optic,0,0,0,1,0,0,0,69.66,887.73,5,2,216.4,88,7.4,0
CUST-101314,22,0,1,1,Month-to-month,Credit card (auto),1,No,0,0,0,0,0,0,0,27.51,564.08,4,1,216.3,16,5.1,0
CUST-101315,1,0,1,0,Month-to-month,Mailed check,1,DSL,1,1,0,0,1,0,0,60.45,58.25,4,0,333.9,80,6.7,1
CUST-101316,4,0,0,0,Month-to-month,Electronic check,1,DSL,0,0,1,0,0,0,0,56.88,211.42,3,0,184.1,41,4.7,1
CUST-101317,5,0,1,0,Two year,Electronic check,1,No,1,0,0,0,0,0,0,32.09,154.02,2,0,218.3,36,7.8,0
CUST-101318,8,1,0,0,Month-to-month,Bank transfer (auto),1,Fiber optic,0,0,0,1,1,1,1,95.91,754.0,3,1,240.8,26,6.3,0
CUST-101319,13,0,1,1,One year,Bank transfer (auto),0,Fiber optic,0,0,1,0,0,0,1,76.14,951.08,3,1,82.3,13,6.7,1
CUST-101320,14,0,0,1,Month-to-month,Bank transfer (auto),1,No,0,0,0,0,0,0,0,21.6,286.57,2,0,126.3,50,8.4,0
CUST-101321,13,1,0,0,Month-to-month,Credit card (auto),0,DSL,0,0,0,1,0,1,0,54.72,711.31,3,0,209.0,9,6.1,1
CUST-101322,3,0,0,0,Month-to-month,Electronic check,1,Fiber optic,0,0,1,0,0,0,0,89.74,254.34,0,4,195.2,87,9.5,1
CUST-101323,69,0,1,1,One year,Electronic check,0,Fiber optic,1,1,0,0,0,1,0,92.39,5958.47,2,2,153.4,64,8.1,0
CUST-101324,10,0,1,0,Month-to-month,Electronic check,0,DSL,0,0,1,0,0,0,0,48.64,467.32,1,0,215.3,12,6.8,0
CUST-101325,19,0,0,0,One year,Mailed check,0,DSL,1,1,0,0,0,1,1,78.7,1429.84,4,0,193.9,29,5.2,0
CUST-101326,48,0,0,0,Month-to-month,Electronic check,1,Fiber optic,1,1,1,0,1,1,1,113.2,5147.49,2,2,265.5,49,5.3,0
CUST-101327,3,0,0,0,One year,Mailed check,1,Fiber optic,0,0,1,0,0,1,1,79.64,225.0,3,1,131.1,28,5.1,1
CUST-101328,20,1,0,1,Month-to-month,Credit card (auto),1,Fiber optic,0,1,0,0,0,1,0,80.68,1612.89,2,1,206.7,19,4.6,0
CUST-101329,12,0,1,0,Month-to-month,Electronic check,1,Fiber optic,1,0,1,0,1,0,0,84.71,964.9,2,0,145.1,34,8.2,0
CUST-101330,40,0,0,0,One year,Credit card (auto),0,Fiber optic,0,0,0,1,0,0,0,65.06,2509.5,0,1,132.9,61,7.9,0
CUST-101331,16,0,1,0,Month-to-month,Credit card (auto),0,DSL,0,0,1,0,0,1,0,55.1,817.16,4,0,294.5,59,5.9,1
CUST-101332,10,0,1,0,Month-to-month,Mailed check,0,DSL,0,0,0,0,0,0,0,26.68,255.38,5,0,265.4,67,6.6,0
CUST-101333,0,1,0,0,One year,Credit card (auto),1,Fiber optic,0,0,1,0,0,0,1,79.48,76.32,3,2,189.1,67,5.6,0
CUST-101334,65,0,1,0,One year,Bank transfer (auto),1,Fiber optic,0,0,1,0,1,0,0,78.69,4849.21,1,2,130.5,71,6.2,0
CUST-101335,3,0,1,1,One year,Mailed check,0,No,1,0,0,0,0,0,0,27.62,76.48,1,0,297.7,37,7.8,0
CUST-101336,23,1,1,1,Month-to-month,Bank transfer (auto),1,Fiber optic,0,0,1,1,1,0,1,86.72,1919.31,1,1,343.1,0,6.4,1
CUST-101337,9,1,1,0,Month-to-month,Electronic check,1,Fiber optic,1,0,0,0,1,0,1,84.41,701.53,6,3,50.2,18,6.2,1
CUST-101338,72,1,0,0,Month-to-month,Mailed check,1,No,0,0,0,0,0,0,0,18.0,1215.26,2,1,124.3,50,6.5,0
CUST-101339,4,0,0,1,Month-to-month,Credit card (auto),0,Fiber optic,0,1,0,1,0,1,1,79.6,316.85,8,0,130.4,10,7.5,0
CUST-101340,65,0,1,0,Month-to-month,Bank transfer (auto),1,Fiber optic,1,1,0,0,1,0,1,91.16,5614.76,4,1,159.3,66,6.6,0
CUST-101341,72,0,0,0,Month-to-month,Mailed check,0,No,1,0,0,0,0,0,0,27.7,1901.91,2,1,143.9,48,5.1,0
CUST-101342,8,0,1,0,Month-to-month,Bank transfer (auto),1,DSL,1,1,0,0,0,0,0,62.66,482.25,1,0,166.3,15,7.3,0
CUST-101343,3,1,1,0,Month-to-month,Credit card (auto),0,Fiber optic,0,1,1,1,1,0,1,89.65,266.28,3,1,238.7,69,7.0,1
CUST-101344,26,0,0,1,Month-to-month,Electronic check,0,Fiber optic,0,0,1,0,0,0,1,72.55,1774.44,2,1,151.9,56,6.1,1
CUST-101345,7,0,0,0,Month-to-month,Electronic check,0,Fiber optic,1,1,1,0,0,0,1,89.63,625.09,3,2,141.0,2,6.9,1
CUST-101346,9,1,0,1,Month-to-month,Electronic check,1,No,0,0,0,0,0,0,0,18.0,158.7,5,2,169.1,35,6.6,1
CUST-101347,32,1,1,1,Month-to-month,Credit card (auto),1,DSL,0,1,1,0,0,1,1,64.06,1906.51,4,0,201.0,51,6.3,0
CUST-101348,51,0,0,1,One year,Bank transfer (auto),1,DSL,0,0,0,0,0,1,0,52.93,2646.35,2,0,188.6,11,7.7,0
CUST-101349,22,1,0,1,Month-to-month,Electronic check,1,DSL,0,1,1,0,0,0,1,66.42,1429.13,3,2,207.5,56,6.1,0
CUST-101350,39,0,1,1,Month-to-month,Bank transfer (auto),1,No,0,0,0,0,0,0,0,21.66,819.31,1,2,175.8,24,5.5,0
CUST-101351,3,0,1,0,Two year,Mailed check,0,Fiber optic,0,1,0,1,1,0,0,76.73,219.09,0,0,127.4,77,5.4,0
CUST-101352,60,0,1,1,Month-to-month,Electronic check,1,Fiber optic,0,0,0,0,0,0,1,70.35,4151.35,1,0,207.9,52,9.0,0
CUST-101353,3,1,1,0,Month-to-month,Credit card (auto),0,DSL,0,1,1,0,0,0,0,52.89,156.89,2,0,39.7,21,8.9,0
CUST-101354,3,1,0,1,One year,Bank transfer (auto),0,Fiber optic,1,1,0,1,0,0,1,87.28,242.37,1,0,230.1,3,5.9,1
CUST-101355,7,0,1,0,One year,Electronic check,0,Fiber optic,1,0,1,0,0,1,1,84.45,561.45,0,1,260.1,16,4.8,0
CUST-101356,18,0,1,0,Two year,Credit card (auto),0,DSL,0,0,1,0,0,0,0,45.85,794.79,1,1,81.8,69,6.3,0
CUST-101357,4,0,0,0,Two year,Electronic check,1,Fiber optic,1,0,0,0,0,0,0,83.8,334.68,1,2,263.0,3,6.2,0
CUST-101358,62,0,0,0,One year,Electronic check,1,DSL,1,0,0,0,0,0,1,59.73,3553.07,2,3,311.1,40,4.3,0
CUST-101359,6,1,0,0,Month-to-month,Mailed check,1,DSL,0,1,0,0,0,0,1,59.11,335.49,2,1,101.6,74,6.0,0
CUST-101360,51,0,1,0,Month-to-month,Electronic check,0,Fiber optic,1,1,1,1,0,0,0,86.76,4105.09,4,2,203.6,49,7.3,1
CUST-101361,60,0,1,0,Month-to-month,Bank transfer (auto),1,Fiber optic,1,1,0,0,0,0,0,90.72,5272.95,5,2,145.1,28,5.3,0
CUST-101362,14,0,1,0,Month-to-month,Electronic check,1,DSL,0,1,0,0,1,0,0,56.07,772.69,2,3,164.0,19,5.4,0
CUST-101363,54,0,1,0,Two year,Electronic check,0,Fiber optic,1,0,1,1,0,0,1,93.91,5067.21,1,0,132.1,29,7.5,0
CUST-101364,40,0,0,0,Month-to-month,Credit card (auto),1,Fiber optic,0,0,0,0,0,0,0,69.65,2706.05,2,0,68.1,53,6.1,1
CUST-101365,13,1,1,0,Two year,Electronic check,0,No,0,0,0,0,0,0,0,18.0,226.74,2,3,307.8,86,4.5,1
CUST-101366,40,0,1,0,Month-to-month,Mailed check,0,Fiber optic,0,0,1,1,0,0,0,87.26,3369.17,1,0,174.4,11,4.8,1
CUST-101367,28,0,0,0,Month-to-month,Electronic check,1,No,0,0,0,0,0,0,0,21.82,599.25,2,4,189.9,89,6.3,1
CUST-101368,8,0,0,0,Two year,Credit card (auto),0,Fiber optic,0,1,1,1,0,0,1,81.88,629.17,2,0,242.9,28,4.9,0
CUST-101369,72,1,1,1,Month-to-month,Electronic check,1,No,1,0,0,0,0,0,0,40.42,2741.83,2,1,227.0,37,6.7,0
CUST-101370,23,0,1,0,Month-to-month,Electronic check,1,DSL,1,0,0,0,1,1,1,66.6,1452.99,2,1,135.7,62,9.4,0
CUST-101371,45,0,0,0,Month-to-month,Credit card (auto),0,Fiber optic,1,0,1,0,0,0,1,84.76,3723.79,6,1,138.2,32,6.0,0
CUST-101372,14,0,1,0,Month-to-month,Electronic check,1,Fiber optic,1,0,0,0,1,0,1,81.13,1119.91,2,3,156.8,73,6.4,1
CUST-101373,26,1,0,1,Month-to-month,Credit card (auto),0,Fiber optic,1,0,0,1,1,0,1,87.71,2210.82,0,1,275.7,12,9.2,0
CUST-101374,7,0,0,0,One year,Bank transfer (auto),0,No,0,0,0,0,0,0,0,18.0,123.27,2,0,143.0,67,8.1,0
CUST-101375,9,0,1,0,Two year,Credit card (auto),0,Fiber optic,1,0,1,0,0,0,1,84.31,698.16,1,0,128.3,49,9.2,0
CUST-101376,34,0,0,0,One year,Electronic check,1,DSL,1,1,0,0,0,0,1,61.23,2075.63,3,3,128.2,81,4.8,0
CUST-101377,49,0,1,0,Two year,Credit card (auto),1,Fiber optic,1,0,0,0,0,0,1,85.81,3930.89,1,0,183.5,33,5.6,0
CUST-101378,72,1,1,0,Two year,Electronic check,1,Fiber optic,1,0,0,0,0,1,1,76.07,5154.29,2,2,209.6,52,4.1,0
CUST-101379,17,1,0,1,Month-to-month,Electronic check,1,DSL,1,0,0,0,0,0,1,52.66,842.15,3,1,421.6,6,7.1,1
CUST-101380,1,0,0,1,One year,Bank transfer (auto),1,DSL,0,1,0,0,1,1,0,51.08,48.14,1,1,76.8,37,8.7,0
CUST-101381,4,0,0,0,One year,Electronic check,1,Fiber optic,0,1,0,0,1,0,0,84.42,315.66,2,1,80.3,60,3.7,0
CUST-101382,5,1,0,0,Month-to-month,Mailed check,0,DSL,1,0,0,0,0,1,1,66.03,304.32,5,0,320.5,49,7.0,1
CUST-101383,72,1,1,0,Month-to-month,Bank transfer (auto),1,DSL,0,0,0,0,0,0,0,33.53,2404.11,0,3,5.0,14,7.0,0
CUST-101384,9,0,0,1,One year,Electronic check,1,No,0,0,0,0,0,0,0,18.33,157.23,2,1,267.9,49,5.3,0
CUST-101385,9,0,1,1,Two year,Electronic check,0,No,1,0,0,0,0,0,0,36.39,305.21,0,1,114.7,45,8.3,0
CUST-101386,65,0,0,0,Two year,Mailed check,1,Fiber optic,0,0,1,0,0,0,1,83.42,5182.34,1,2,167.5,39,6.8,0
CUST-101387,19,1,0,0,Month-to-month,Mailed check,1,No,1,0,0,0,0,0,0,25.91,475.06,6,1,166.9,41,5.7,0
CUST-101388,10,0,1,0,One year,Bank transfer (auto),1,No,0,0,0,0,0,0,0,22.56,221.11,1,0,312.9,89,5.6,0
CUST-101389,1,0,0,1,Month-to-month,Bank transfer (auto),1,Fiber optic,1,1,1,1,1,1,0,105.28,101.17,5,2,148.8,31,4.3,1
CUST-101390,2,0,1,0,Two year,Mailed check,1,Fiber optic,1,0,0,0,0,1,1,97.57,189.71,1,1,253.0,52,6.6,1
CUST-101391,6,0,1,0,One year,Mailed check,1,No,1,0,0,0,0,0,0,25.39,142.54,3,0,138.9,6,5.8,0
CUST-101392,6,0,1,0,Two year,Electronic check,1,Fiber optic,0,1,1,0,0,0,1,91.66,543.9,5,2,109.6,61,4.9,1
CUST-101393,15,0,0,0,Two year,Electronic check,1,DSL,0,0,0,0,1,1,0,50.7,751.8,0,1,122.7,89,9.2,0
CUST-101394,22,0,0,1,Month-to-month,Electronic check,1,DSL,0,0,0,0,0,0,0,41.4,843.83,4,1,138.5,61,6.1,0
CUST-101395,7,0,1,0,Two year,Bank transfer (auto),0,Fiber optic,1,0,0,1,0,1,0,85.9,571.06,2,0,61.7,61,5.6,0
CUST-101396,21,0,0,0,One year,Electronic check,0,DSL,1,1,1,1,0,0,1,71.96,1490.95,3,1,153.9,59,6.2,0
CUST-101397,13,1,1,1,Month-to-month,Bank transfer (auto),1,DSL,0,0,0,0,0,0,1,54.03,661.88,4,0,299.3,6,8.3,0
CUST-101398,43,0,1,0,Month-to-month,Electronic check,0,Fiber optic,0,0,0,1,0,1,1,82.92,3308.11,3,0,247.1,82,5.3,1
CUST-101399,18,0,1,1,One year,Electronic check,0,DSL,0,1,0,0,0,0,1,50.94,847.44,3,0,176.4,78,4.6,0
CUST-101400,17,0,1,1,Month-to-month,Electronic check,0,DSL,1,0,0,1,0,1,0,56.86,904.48,3,0,215.5,36,5.9,0
CUST-101401,12,0,1,0,Month-to-month,Mailed check,1,No,1,0,0,0,0,0,0,31.56,355.12,3,1,147.9,10,5.1,0
CUST-101402,16,0,0,0,One year,Bank transfer (auto),1,DSL,0,0,0,1,1,1,0,58.73,920.57,2,2,187.3,31,6.8,0
CUST-101403,9,0,1,0,Month-to-month,Bank transfer (auto),1,Fiber optic,1,0,0,0,0,0,1,84.27,698.64,2,2,213.4,27,5.9,1
CUST-101404,7,1,1,1,Month-to-month,Credit card (auto),1,Fiber optic,0,0,0,1,0,1,0,81.37,549.37,3,1,59.0,4,6.5,1
CUST-101405,21,1,0,1,One year,Mailed check,0,No,0,0,0,0,0,0,0,28.37,592.04,1,0,223.1,85,6.4,0
CUST-101406,10,0,1,0,Month-to-month,Electronic check,0,DSL,1,1,1,1,0,1,1,82.22,818.33,1,2,221.6,51,5.9,1
CUST-101407,9,0,0,1,One year,Credit card (auto),1,DSL,0,1,1,0,1,1,1,71.99,627.27,3,0,120.7,59,6.7,0
CUST-101408,72,0,0,1,Month-to-month,Bank transfer (auto),0,Fiber optic,0,0,1,0,0,0,1,78.09,5352.0,3,0,133.7,54,4.5,0
CUST-101409,28,0,1,1,Two year,Electronic check,0,Fiber optic,1,0,0,0,1,1,0,79.32,2101.19,1,2,267.7,9,7.9,0
CUST-101410,12,1,1,0,Month-to-month,Electronic check,0,No,1,0,0,0,0,0,0,25.12,290.1,4,2,282.9,85,9.0,1
CUST-101411,27,0,0,0,Two year,Mailed check,0,DSL,1,0,0,0,0,0,0,52.45,1398.56,4,1,145.1,43,5.2,0
CUST-101412,43,0,1,1,One year,Mailed check,1,DSL,0,1,0,0,0,0,0,45.4,1833.19,5,2,236.7,47,7.1,0
CUST-101413,72,0,0,1,Two year,Bank transfer (auto),1,DSL,0,0,1,0,0,0,0,52.89,3558.52,1,0,315.0,61,8.5,0
CUST-101414,20,0,0,1,Month-to-month,Electronic check,0,Fiber optic,0,0,0,0,1,1,1,83.9,1568.24,2,1,198.4,62,7.2,0
CUST-101415,1,1,0,1,Month-to-month,Credit card (auto),1,DSL,1,0,0,0,0,0,0,47.61,45.69,3,1,66.9,55,4.0,1
CUST-101416,17,0,1,0,Month-to-month,Mailed check,0,DSL,1,0,0,0,1,0,1,70.16,1130.67,1,0,137.9,62,5.5,0
CUST-101417,2,0,0,0,Month-to-month,Bank transfer (auto),0,Fiber optic,0,0,0,1,1,1,1,90.65,180.3,2,0,48.2,38,5.3,0
CUST-101418,72,0,0,0,Month-to-month,Electronic check,0,DSL,0,1,1,0,0,0,1,59.11,4052.21,6,1,292.9,78,3.1,1
CUST-101419,4,1,1,0,One year,Bank transfer (auto),1,DSL,0,1,1,1,0,1,0,69.53,270.72,1,0,364.1,48,5.7,0
CUST-101420,2,0,0,0,Month-to-month,Credit card (auto),0,DSL,0,0,1,0,0,0,1,49.28,97.31,3,2,215.7,29,3.9,0
CUST-101421,55,0,0,0,Month-to-month,Electronic check,1,No,1,0,0,0,0,0,0,24.26,1315.52,2,2,100.9,30,5.6,0
CUST-101422,14,0,0,0,Month-to-month,Bank transfer (auto),0,Fiber optic,0,0,0,0,0,1,0,72.35,946.76,2,1,260.8,51,8.4,1
CUST-101423,17,0,1,0,One year,Electronic check,1,Fiber optic,0,0,1,1,0,1,1,91.15,1515.54,2,2,100.6,27,4.4,1
CUST-101424,14,0,1,1,One year,Mailed check,0,Fiber optic,0,0,0,0,1,0,0,76.48,1038.87,0,0,351.4,37,7.0,0
CUST-101425,64,0,1,0,Month-to-month,Credit card (auto),0,No,1,0,0,0,0,0,0,46.77,2863.27,8,1,106.9,19,3.7,1
CUST-101426,21,0,0,0,Month-to-month,Bank transfer (auto),1,DSL,0,1,1,1,0,0,0,52.68,1091.23,3,0,195.4,67,5.6,0
CUST-101427,15,0,0,0,Month-to-month,Bank transfer (auto),1,DSL,1,0,0,0,0,1,0,58.02,826.06,1,1,261.2,25,6.1,0
CUST-101428,3,0,1,0,One year,Electronic check,1,No,0,0,0,0,0,0,0,18.41,51.08,4,2,195.2,44,6.2,0
CUST-101429,70,0,0,0,One year,Credit card (auto),0,Fiber optic,0,0,1,0,1,0,0,81.66,5268.36,1,1,20.0,62,6.1,0
CUST-101430,6,0,0,0,Month-to-month,Bank transfer (auto),0,No,1,0,0,0,0,0,0,33.21,193.46,1,1,222.5,25,5.6,0
CUST-101431,66,0,0,1,Month-to-month,Electronic check,0,Fiber optic,0,1,0,0,0,0,1,80.4,5078.32,2,1,107.1,84,6.9,0
CUST-101432,1,0,0,0,One year,Credit card (auto),1,Fiber optic,0,0,1,0,0,0,0,76.71,75.28,0,0,201.7,51,7.9,0
CUST-101433,49,0,0,0,One year,Electronic check,1,Fiber optic,0,0,0,1,0,0,0,72.34,3515.18,1,2,69.1,48,6.7,0
CUST-101434,13,0,1,1,Month-to-month,Electronic check,1,DSL,0,0,1,0,1,0,0,63.81,804.93,2,0,200.3,71,6.1,1
CUST-101435,72,0,0,0,Month-to-month,Credit card (auto),1,No,0,0,0,0,0,0,0,18.0,1249.72,2,0,237.1,6,4.6,0
CUST-101436,43,0,1,0,Month-to-month,Electronic check,0,Fiber optic,1,1,1,0,1,0,1,77.21,3102.88,3,2,274.8,15,4.3,0
CUST-101437,3,0,0,0,One year,Electronic check,1,DSL,0,1,1,0,0,0,0,50.41,145.96,0,1,256.2,52,5.9,0
CUST-101438,3,0,1,0,Month-to-month,Electronic check,1,DSL,1,1,0,0,0,0,0,71.8,206.93,2,4,315.7,56,6.3,1
CUST-101439,9,1,1,1,One year,Credit card (auto),0,Fiber optic,1,0,0,0,0,0,0,70.9,618.06,1,2,237.6,87,7.1,0
CUST-101440,72,0,1,0,One year,Electronic check,1,DSL,1,0,0,0,0,0,1,60.39,4170.56,2,3,155.8,65,6.0,0
CUST-101441,22,1,0,0,Two year,Mailed check,0,DSL,1,1,0,1,0,1,0,61.71,1311.13,1,0,192.6,80,6.6,0
CUST-101442,21,0,1,0,Two year,Electronic check,1,DSL,0,0,0,1,0,0,0,52.29,1076.51,2,1,247.3,63,5.2,0
CUST-101443,43,0,0,0,Month-to-month,Mailed check,1,No,1,0,0,0,0,0,0,34.64,1476.59,2,1,37.2,77,4.9,0
CUST-101444,30,0,1,1,One year,Electronic check,1,Fiber optic,1,0,0,1,0,1,1,88.75,2560.11,2,1,5.0,24,6.0,0
CUST-101445,29,0,1,0,One year,Credit card (auto),1,DSL,1,0,0,1,0,0,0,65.18,1868.92,2,2,208.2,72,6.1,0
CUST-101446,46,0,1,1,Two year,Bank transfer (auto),0,DSL,0,1,0,0,0,0,0,56.0,2493.34,1,1,372.7,17,6.9,0
CUST-101447,20,0,1,0,Month-to-month,Credit card (auto),0,Fiber optic,0,0,0,1,0,0,0,76.41,1449.29,6,2,280.5,24,4.0,1
CUST-101448,32,1,1,0,Month-to-month,Bank transfer (auto),1,Fiber optic,1,1,0,0,1,0,1,91.07,2766.68,7,0,153.5,62,5.0,0
CUST-101449,12,0,1,0,Two year,Electronic check,0,DSL,0,0,0,1,0,0,0,48.16,567.0,1,1,270.3,89,6.8,0
CUST-101450,18,1,0,1,Month-to-month,Electronic check,1,No,1,0,0,0,0,0,0,23.12,398.95,4,3,155.2,50,5.1,0
CUST-101451,23,0,0,0,Two year,Mailed check,0,DSL,0,1,0,1,0,1,1,56.26,1271.02,2,0,108.5,58,6.2,0
CUST-101452,12,0,1,1,Month-to-month,Mailed check,1,DSL,1,1,0,0,0,1,0,65.51,759.19,1,0,64.3,40,7.0,1
CUST-101453,41,0,1,0,Month-to-month,Bank transfer (auto),0,DSL,1,0,0,0,1,0,0,59.57,2255.48,3,0,169.5,55,8.9,0
CUST-101454,57,0,0,0,Two year,Electronic check,0,No,0,0,0,0,0,0,0,22.49,1229.06,2,0,110.0,20,4.6,0
CUST-101455,4,1,0,0,One year,Bank transfer (auto),0,No,1,0,0,0,0,0,0,34.06,130.73,2,1,258.6,42,7.4,0
CUST-101456,44,1,1,0,One year,Electronic check,1,Fiber optic,1,0,1,0,0,0,1,86.86,3733.03,3,1,41.3,75,6.1,0
CUST-101457,2,1,0,0,Month-to-month,Mailed check,1,Fiber optic,1,0,0,0,1,0,0,90.52,178.05,1,0,240.7,33,6.9,0
CUST-101458,6,1,0,0,Month-to-month,Credit card (auto),1,DSL,0,0,0,1,0,1,0,44.22,246.62,1,0,104.3,23,6.8,0
CUST-101459,20,0,0,1,Month-to-month,Electronic check,0,DSL,0,0,0,0,0,0,0,55.78,1081.54,2,3,197.3,18,3.9,0
CUST-101460,46,0,0,0,One year,Electronic check,0,DSL,0,1,0,0,0,0,1,53.81,2415.69,2,0,121.2,66,5.0,0
CUST-101461,72,1,1,0,Month-to-month,Electronic check,1,No,0,0,0,0,0,0,0,18.0,1279.25,5,0,267.6,51,5.3,0
CUST-101462,25,0,0,0,Month-to-month,Mailed check,1,Fiber optic,0,0,0,1,1,0,0,78.33,1879.5,1,0,157.3,3,9.7,0
CUST-101463,1,0,0,0,Month-to-month,Bank transfer (auto),1,Fiber optic,0,0,0,0,0,1,0,83.99,77.54,2,1,249.3,7,5.1,1
CUST-101464,37,0,0,0,Two year,Credit card (auto),1,No,0,0,0,0,0,0,0,18.0,616.86,1,1,203.9,29,6.4,0
CUST-101465,6,0,0,0,Two year,Credit card (auto),0,DSL,0,0,0,0,0,1,0,50.09,286.81,2,0,266.2,75,7.7,0
CUST-101466,6,0,0,0,Month-to-month,Bank transfer (auto),1,DSL,1,0,0,0,0,0,0,46.79,274.52,4,2,135.5,4,3.8,1
CUST-101467,2,0,0,0,Two year,Bank transfer (auto),0,Fiber optic,1,1,1,1,1,0,1,102.91,204.95,1,0,309.7,53,6.7,0
CUST-101468,16,0,0,0,Month-to-month,Electronic check,1,No,0,0,0,0,0,0,0,27.52,418.29,3,2,134.1,35,5.5,0
CUST-101469,10,0,1,1,Month-to-month,Credit card (auto),0,DSL,0,0,1,1,0,0,0,55.72,541.14,6,0,189.5,9,4.7,0
CUST-101470,49,0,0,1,Month-to-month,Bank transfer (auto),1,DSL,0,0,0,1,0,0,1,51.83,2482.35,3,0,172.6,24,7.2,0
CUST-101471,30,0,0,0,Two year,Electronic check,0,Fiber optic,1,0,1,1,0,1,0,89.05,2473.31,2,1,247.9,50,8.2,0
CUST-101472,11,0,0,1,Month-to-month,Credit card (auto),0,No,0,0,0,0,0,0,0,20.67,218.67,5,2,312.9,6,3.6,1
CUST-101473,9,0,0,0,Month-to-month,Mailed check,1,Fiber optic,0,0,0,0,0,0,0,73.29,610.98,3,0,175.7,71,5.8,1
CUST-101474,17,0,0,0,Two year,Electronic check,1,Fiber optic,0,0,0,0,0,0,0,75.22,1224.36,4,2,267.4,43,6.6,1
CUST-101475,7,0,0,0,One year,Bank transfer (auto),0,No,1,0,0,0,0,0,0,21.76,150.81,4,1,82.7,7,8.4,0
CUST-101476,1,0,0,0,One year,Electronic check,0,Fiber optic,0,0,0,0,0,0,0,67.09,66.01,4,0,206.0,2,7.1,0
CUST-101477,11,0,0,0,One year,Electronic check,1,DSL,0,0,0,0,0,1,0,58.19,624.03,8,2,326.8,81,3.9,1
CUST-101478,7,0,1,0,One year,Electronic check,0,DSL,0,0,1,0,0,0,0,52.49,364.67,2,2,188.1,37,7.1,1
CUST-101479,31,0,0,0,Month-to-month,Bank transfer (auto),1,DSL,0,0,1,0,0,1,0,54.89,1606.42,6,0,215.0,56,4.9,1
CUST-101480,25,0,0,0,One year,Electronic check,1,No,0,0,0,0,0,0,0,24.7,590.55,1,2,280.6,24,7.8,0
CUST-101481,6,0,1,0,Month-to-month,Electronic check,0,No,0,0,0,0,0,0,0,18.0,101.81,5,1,133.2,56,5.1,0
CUST-101482,48,0,0,0,Month-to-month,Mailed check,0,DSL,1,1,0,1,0,1,0,70.54,3205.36,0,0,369.2,75,6.9,0
CUST-101483,20,0,1,0,Two year,Electronic check,1,Fiber optic,0,1,0,0,0,1,0,94.15,1831.71,2,2,158.7,38,6.8,1
CUST-101484,72,0,0,1,Month-to-month,Mailed check,1,DSL,1,0,0,1,0,1,0,62.45,4380.17,0,0,213.6,37,6.6,0
CUST-101485,36,0,0,1,Month-to-month,Mailed check,1,Fiber optic,0,0,0,0,0,0,0,71.68,2399.56,5,0,34.8,63,7.0,0
CUST-101486,56,0,1,0,Month-to-month,Electronic check,0,Fiber optic,0,0,0,0,0,0,0,68.04,3765.99,2,1,280.0,56,7.9,0
CUST-101487,72,0,0,1,Two year,Electronic check,0,No,0,0,0,0,0,0,0,18.0,1218.53,0,0,206.9,12,7.6,0
CUST-101488,12,0,0,0,Two year,Electronic check,0,Fiber optic,0,0,0,1,0,0,0,71.52,806.1,0,1,168.7,28,7.7,0
CUST-101489,26,0,1,0,Month-to-month,Mailed check,1,DSL,1,1,0,1,0,1,0,71.88,1772.3,4,0,92.3,71,6.4,0
CUST-101490,4,0,1,0,Month-to-month,Credit card (auto),1,Fiber optic,1,0,0,0,0,1,0,85.9,326.66,5,0,358.3,0,3.8,1
CUST-101491,7,0,0,0,One year,Electronic check,1,No,0,0,0,0,0,0,0,18.0,122.53,2,3,228.5,66,6.8,0
CUST-101492,5,0,1,0,One year,Electronic check,1,Fiber optic,1,1,0,0,0,1,0,83.21,405.73,1,3,335.4,89,4.1,1
CUST-101493,15,0,0,0,Month-to-month,Electronic check,1,No,0,0,0,0,0,0,0,18.0,263.12,3,1,207.1,18,7.5,0
CUST-101494,30,0,1,1,Month-to-month,Bank transfer (auto),1,Fiber optic,1,0,1,0,0,1,0,88.0,2541.71,3,0,209.4,25,5.9,1
CUST-101495,20,0,0,1,One year,Electronic check,0,Fiber optic,0,1,0,0,0,0,0,73.31,1376.5,1,0,206.6,77,5.8,0
CUST-101496,1,0,1,1,Month-to-month,Bank transfer (auto),0,Fiber optic,1,0,0,0,0,0,1,82.08,77.12,3,0,126.5,82,6.2,0
CUST-101497,6,0,0,0,One year,Bank transfer (auto),0,No,0,0,0,0,0,0,0,18.0,107.56,3,0,139.3,69,7.4,1
CUST-101498,30,0,1,0,Month-to-month,Electronic check,1,Fiber optic,0,0,1,1,0,1,0,93.24,2612.0,2,1,188.6,87,7.8,1
CUST-101499,24,1,0,1,Two year,Mailed check,0,Fiber optic,1,1,0,0,0,1,1,93.3,2141.3,4,0,343.0,7,7.5,0
CUST-101500,8,0,1,0,One year,Credit card (auto),1,Fiber optic,0,0,0,0,0,0,0,66.86,527.0,1,0,5.0,51,5.9,0
CUST-101501,9,0,1,0,One year,Electronic check,1,DSL,0,0,1,0,1,1,1,58.23,504.04,0,0,293.3,13,6.3,1
CUST-101502,36,1,1,0,One year,Mailed check,0,DSL,1,1,0,0,0,0,1,59.69,2141.52,3,0,95.7,31,6.0,0
CUST-101503,18,0,1,0,Month-to-month,Bank transfer (auto),0,DSL,0,1,0,0,0,0,0,56.53,1015.02,1,1,172.4,39,6.7,0
CUST-101504,22,0,0,0,Month-to-month,Electronic check,1,Fiber optic,1,0,0,1,0,0,0,91.55,1988.5,2,1,134.2,52,6.2,1
CUST-101505,14,0,1,0,Month-to-month,Credit card (auto),0,No,1,0,0,0,0,0,0,24.2,322.72,2,1,240.9,25,4.4,0
CUST-101506,33,0,0,0,One year,Electronic check,1,Fiber optic,0,1,0,0,0,0,1,76.37,2490.85,2,0,312.2,49,6.7,0
CUST-101507,54,0,1,1,Two year,Electronic check,0,Fiber optic,1,1,1,0,1,1,0,85.97,4527.96,2,2,246.1,5,7.4,0
CUST-101508,72,0,1,0,Month-to-month,Bank transfer (auto),0,DSL,0,1,0,0,0,0,0,39.84,2842.3,1,1,107.3,53,6.2,0
CUST-101509,27,0,0,0,One year,Credit card (auto),0,No,0,0,0,0,0,0,0,20.8,528.11,4,2,202.2,82,5.3,0
CUST-101510,12,0,0,0,Month-to-month,Electronic check,1,DSL,1,1,1,1,1,0,1,73.61,819.52,2,1,258.3,6,8.3,0
CUST-101511,4,0,1,1,Month-to-month,Bank transfer (auto),1,DSL,0,1,1,0,1,1,1,65.34,251.98,3,1,212.7,49,4.8,0
CUST-101512,1,0,1,0,Month-to-month,Electronic check,1,No,1,0,0,0,0,0,0,25.03,23.96,3,1,249.5,26,6.4,0
CUST-101513,72,0,1,0,Two year,Bank transfer (auto),0,No,0,0,0,0,0,0,0,21.93,1527.02,2,1,279.7,57,3.9,0
CUST-101514,32,0,0,0,Month-to-month,Mailed check,0,DSL,0,0,0,0,0,1,0,50.28,1592.65,4,0,135.0,18,4.2,0
CUST-101515,12,0,0,1,Month-to-month,Mailed check,0,Fiber optic,0,0,1,0,0,0,0,80.75,956.28,2,0,182.5,50,8.7,0
CUST-101516,23,0,1,0,One year,Credit card (auto),0,No,1,0,0,0,0,0,0,43.61,928.93,6,1,217.1,77,3.9,1
CUST-101517,45,0,1,0,Month-to-month,Bank transfer (auto),0,DSL,0,0,0,0,0,1,1,47.58,1995.91,1,2,253.4,5,6.6,0
CUST-101518,72,0,1,0,Month-to-month,Electronic check,0,No,0,0,0,0,0,0,0,18.0,1263.5,1,2,194.5,22,4.4,0
CUST-101519,5,0,1,1,Month-to-month,Credit card (auto),1,DSL,1,0,0,0,0,1,1,71.69,345.27,3,2,44.0,57,5.3,1
CUST-101520,22,0,1,0,Month-to-month,Electronic check,1,Fiber optic,0,1,1,1,1,0,0,87.65,1800.88,0,0,185.4,74,8.3,0
CUST-101521,38,1,1,0,Month-to-month,Bank transfer (auto),1,DSL,1,0,1,0,1,0,0,66.84,2341.27,4,1,164.2,21,6.9,1
CUST-101522,72,0,1,0,Month-to-month,Bank transfer (auto),1,DSL,1,1,0,0,0,0,0,50.77,3448.62,3,0,126.7,61,7.1,0
CUST-101523,34,0,1,0,One year,Credit card (auto),0,DSL,1,0,0,0,0,0,0,46.64,1491.01,0,1,94.1,33,6.7,0
CUST-101524,23,0,1,0,Two year,Mailed check,0,DSL,0,1,0,1,0,0,0,59.2,1265.28,2,0,82.8,7,7.8,0
CUST-101525,28,0,0,0,Two year,Bank transfer (auto),0,No,1,0,0,0,0,0,0,20.5,573.4,3,3,140.5,68,5.7,1
CUST-101526,8,0,0,0,Month-to-month,Bank transfer (auto),0,Fiber optic,1,0,0,1,0,1,0,95.62,760.63,1,0,123.4,47,4.7,1
CUST-101527,28,0,1,1,Month-to-month,Mailed check,0,DSL,0,0,0,1,0,0,1,59.07,1545.0,2,0,154.9,70,6.2,0
CUST-101528,48,1,1,0,Month-to-month,Credit card (auto),0,Fiber optic,1,0,0,0,1,1,1,87.38,4086.08,4,0,153.0,69,4.9,1
CUST-101529,7,0,1,1,Month-to-month,Electronic check,0,DSL,1,1,0,1,1,1,0,80.35,552.35,1,1,76.0,72,5.8,1
CUST-101530,65,1,1,0,One year,Electronic check,1,Fiber optic,0,0,0,0,0,0,0,73.27,4574.62,0,1,5.0,74,6.9,1
CUST-101531,3,1,0,1,Month-to-month,Bank transfer (auto),0,Fiber optic,1,0,0,0,0,1,1,85.8,247.28,3,1,297.7,22,4.6,1
CUST-101532,12,0,0,0,One year,Electronic check,1,Fiber optic,0,1,1,1,1,0,1,93.07,1052.88,1,0,207.9,22,8.1,0
CUST-101533,4,1,1,0,Two year,Credit card (auto),0,Fiber optic,0,0,0,0,1,0,0,62.91,245.81,1,1,117.1,37,7.8,0
CUST-101534,2,0,1,0,Month-to-month,Electronic check,1,Fiber optic,0,0,0,0,0,0,1,66.5,122.43,3,4,180.5,13,1.9,1
CUST-101535,72,0,0,0,Two year,Mailed check,1,No,0,0,0,0,0,0,0,24.65,1709.31,3,0,322.0,61,7.5,0
CUST-101536,8,0,0,1,Month-to-month,Bank transfer (auto),1,Fiber optic,0,0,1,0,1,0,1,84.83,646.36,3,0,306.6,85,6.5,0
CUST-101537,17,0,0,0,Two year,Credit card (auto),0,DSL,1,0,1,0,0,1,0,70.79,1188.31,4,0,35.0,64,6.4,0
CUST-101538,24,0,0,1,One year,Bank transfer (auto),0,DSL,1,0,0,1,0,0,0,59.89,1419.59,2,0,164.7,5,7.8,0
CUST-101539,3,1,0,0,Month-to-month,Electronic check,1,DSL,1,0,1,0,1,0,0,54.83,158.9,4,0,206.0,74,4.6,1
CUST-101540,8,0,0,0,Month-to-month,Electronic check,1,No,0,0,0,0,0,0,0,18.0,135.87,3,1,306.2,67,5.9,1
CUST-101541,8,0,0,1,Month-to-month,Bank transfer (auto),0,No,1,0,0,0,0,0,0,23.1,178.83,0,1,86.8,70,7.8,0
CUST-101542,9,0,1,0,One year,Credit card (auto),1,No,0,0,0,0,0,0,0,18.0,156.63,2,0,176.4,4,6.6,0
CUST-101543,16,0,1,1,Month-to-month,Bank transfer (auto),0,Fiber optic,1,0,0,0,0,1,1,87.94,1357.83,2,2,99.9,23,8.1,0
CUST-101544,10,0,1,0,Two year,Bank transfer (auto),0,No,0,0,0,0,0,0,0,27.14,260.0,4,0,147.0,69,4.7,0
CUST-101545,40,0,0,0,Month-to-month,Mailed check,0,Fiber optic,0,1,0,1,0,0,0,82.77,3086.09,2,0,185.9,83,6.7,0
CUST-101546,17,1,0,1,Two year,Mailed check,1,Fiber optic,0,1,0,0,1,0,1,91.08,1495.63,1,1,103.6,68,7.2,0
CUST-101547,13,0,0,0,Month-to-month,Mailed check,0,Fiber optic,1,0,1,0,0,0,1,89.43,1103.69,2,0,144.8,5,8.7,1
CUST-101548,6,0,1,0,One year,Electronic check,0,No,1,0,0,0,0,0,0,25.48,146.76,2,2,188.2,53,6.6,0
CUST-101549,34,0,0,0,Two year,Electronic check,1,No,0,0,0,0,0,0,0,18.0,600.57,1,3,260.1,37,6.1,0
CUST-101550,12,0,1,0,Month-to-month,Bank transfer (auto),0,Fiber optic,0,0,0,1,0,1,1,87.29,1016.54,2,0,107.8,70,9.3,1
CUST-101551,12,1,1,0,Month-to-month,Mailed check,1,No,0,0,0,0,0,0,0,19.43,230.49,2,1,213.8,16,7.4,0
CUST-101552,72,0,1,0,One year,Electronic check,0,No,0,0,0,0,0,0,0,24.76,1684.26,2,1,170.6,77,5.6,0
CUST-101553,1,0,0,0,One year,Credit card (auto),1,DSL,0,0,0,0,0,1,1,50.38,47.85,2,1,249.0,31,6.2,0
CUST-101554,13,0,0,0,Two year,Electronic check,1,Fiber optic,1,1,0,1,0,0,0,96.8,1195.71,3,4,36.1,30,6.5,0
CUST-101555,22,1,1,0,Month-to-month,Bank transfer (auto),1,Fiber optic,1,1,0,0,0,1,0,96.83,1980.43,0,0,92.6,63,6.4,0
CUST-101556,33,0,0,0,Two year,Credit card (auto),0,Fiber optic,0,1,1,1,0,1,1,87.27,2680.6,1,1,114.9,35,7.9,0
CUST-101557,32,0,1,0,Two year,Credit card (auto),1,Fiber optic,0,1,1,1,0,0,1,89.97,2848.33,2,2,61.2,20,7.9,0
CUST-101558,8,0,0,1,One year,Credit card (auto),1,Fiber optic,0,0,0,1,0,1,1,74.08,589.32,2,1,191.0,86,7.0,0
CUST-101559,0,0,1,1,Month-to-month,Credit card (auto),1,DSL,1,0,1,1,0,0,1,61.58,57.33,3,1,176.6,78,5.2,0
CUST-101560,27,0,1,0,Month-to-month,Mailed check,0,No,1,0,0,0,0,0,0,22.76,569.07,1,0,209.9,60,6.5,1
CUST-101561,21,0,0,0,Two year,Bank transfer (auto),1,Fiber optic,0,0,1,1,1,1,1,88.88,1758.52,1,0,191.8,12,8.1,0
CUST-101562,2,0,1,0,One year,Credit card (auto),0,Fiber optic,1,0,0,1,0,0,0,80.87,159.17,5,0,355.4,52,6.0,0
CUST-101563,17,1,1,0,One year,Mailed check,0,DSL,0,0,0,1,1,0,1,53.83,893.87,1,0,244.7,61,10.0,0
CUST-101564,5,0,1,0,Two year,Bank transfer (auto),0,DSL,0,1,0,0,0,0,0,50.42,251.78,8,0,230.6,76,3.6,0
CUST-101565,3,1,0,1,Month-to-month,Electronic check,0,Fiber optic,1,0,1,0,1,0,0,77.82,233.32,3,1,164.5,52,7.2,1
CUST-101566,20,0,0,1,One year,Bank transfer (auto),0,DSL,0,0,1,0,1,0,0,59.96,1133.34,0,1,328.0,72,7.1,0
CUST-101567,27,0,1,0,One year,Electronic check,1,DSL,0,1,0,0,0,0,1,47.62,1208.51,1,2,154.5,10,3.5,0
CUST-101568,23,0,0,0,Two year,Bank transfer (auto),1,DSL,1,0,1,1,0,0,0,61.06,1305.29,3,2,232.6,39,7.4,0
CUST-101569,9,0,1,0,One year,Mailed check,1,DSL,0,0,0,0,1,0,0,46.95,406.18,0,1,151.7,42,7.1,1
CUST-101570,22,0,0,1,Month-to-month,Electronic check,1,DSL,0,0,0,0,1,0,0,55.67,1207.4,2,4,201.3,33,7.7,0
CUST-101571,15,0,1,0,Month-to-month,Mailed check,1,Fiber optic,0,0,1,0,0,0,1,77.03,1130.49,2,0,225.6,88,7.6,1
CUST-101572,17,0,0,1,Two year,Bank transfer (auto),0,Fiber optic,1,1,0,0,1,1,1,104.75,1668.76,0,1,262.5,40,8.7,0
CUST-101573,31,0,1,0,One year,Credit card (auto),0,Fiber optic,1,1,1,0,0,1,0,93.65,2764.58,2,1,85.2,13,6.0,0
CUST-101574,22,0,0,1,Month-to-month,Electronic check,0,No,1,0,0,0,0,0,0,22.39,484.52,2,1,193.9,60,5.6,0
CUST-101575,24,1,0,0,Two year,Electronic check,1,Fiber optic,1,0,1,0,1,0,0,85.72,1949.67,1,2,93.5,36,9.6,0
CUST-101576,39,0,0,0,Month-to-month,Bank transfer (auto),0,No,0,0,0,0,0,0,0,19.74,727.6,6,0,148.6,23,5.7,0
CUST-101577,11,0,1,0,Month-to-month,Bank transfer (auto),0,DSL,1,1,0,1,0,0,0,66.41,717.44,1,0,188.9,65,9.8,1
CUST-101578,18,0,0,0,Two year,Electronic check,0,DSL,1,1,0,0,0,0,1,63.01,1082.54,2,2,205.8,60,6.3,0
CUST-101579,25,0,1,0,One year,Bank transfer (auto),1,DSL,1,0,0,0,0,1,0,56.17,1293.46,0,0,176.6,46,7.9,0
CUST-101580,43,0,0,0,Two year,Credit card (auto),0,No,0,0,0,0,0,0,0,18.0,765.2,2,3,94.2,81,6.6,0
CUST-101581,7,0,1,0,Two year,Electronic check,1,No,0,0,0,0,0,0,0,22.87,158.93,3,1,250.4,10,7.5,0
CUST-101582,35,0,1,0,Month-to-month,Mailed check,1,Fiber optic,0,0,0,0,0,0,1,72.38,2495.11,1,1,32.1,63,3.8,1
CUST-101583,8,0,0,1,Month-to-month,Electronic check,0,No,0,0,0,0,0,0,0,18.0,138.27,5,1,208.1,31,4.8,1
CUST-101584,10,0,0,0,Two year,Credit card (auto),1,DSL,1,1,1,1,0,0,0,60.33,592.88,1,0,191.0,74,7.9,0
CUST-101585,13,0,0,0,Month-to-month,Credit card (auto),1,Fiber optic,1,1,0,0,0,0,1,93.15,1185.57,4,1,185.6,46,7.9,0
CUST-101586,3,1,1,0,One year,Mailed check,0,DSL,0,0,0,0,0,1,0,40.59,116.42,0,0,301.2,76,8.5,0
CUST-101587,52,0,1,0,Month-to-month,Credit card (auto),1,Fiber optic,0,0,1,1,0,0,0,81.88,4035.95,2,2,199.1,11,5.6,0
CUST-101588,47,0,0,0,Month-to-month,Electronic check,1,DSL,1,1,1,1,0,0,1,71.13,3330.31,2,2,339.9,87,6.9,0
CUST-101589,72,0,1,1,Month-to-month,Bank transfer (auto),0,Fiber optic,0,0,0,0,0,1,0,71.22,4897.97,0,2,312.3,37,10.0,0
CUST-101590,22,0,1,0,One year,Bank transfer (auto),0,Fiber optic,0,0,0,0,0,1,1,74.7,1529.98,5,0,127.4,15,5.9,1
CUST-101591,27,0,1,0,One year,Credit card (auto),0,Fiber optic,0,0,0,0,0,0,1,74.61,1874.22,3,1,182.8,53,5.7,1
CUST-101592,8,0,0,1,Month-to-month,Bank transfer (auto),0,DSL,0,1,0,0,1,1,0,55.28,420.33,2,0,141.2,74,8.2,0
CUST-101593,1,0,1,0,Month-to-month,Electronic check,1,Fiber optic,0,0,0,1,0,0,1,75.54,72.0,3,0,296.8,6,6.1,1
CUST-101594,32,0,0,0,Month-to-month,Electronic check,1,DSL,0,0,0,0,1,1,0,59.96,1785.4,3,2,229.7,12,6.5,1
CUST-101595,5,0,1,0,One year,Electronic check,1,DSL,1,0,1,0,0,0,0,56.58,270.41,5,1,82.9,5,6.0,0
CUST-101596,7,1,0,1,Month-to-month,Credit card (auto),1,Fiber optic,0,1,1,0,0,1,0,83.54,548.15,2,2,259.1,76,5.6,1
CUST-101597,72,0,1,1,One year,Mailed check,1,DSL,1,0,1,0,1,0,1,61.69,4410.08,2,0,190.3,53,6.3,0
CUST-101598,4,0,1,1,One year,Bank transfer (auto),0,Fiber optic,0,0,0,0,0,1,1,84.97,329.71,6,0,261.1,38,7.7,1
CUST-101599,2,0,1,0,Month-to-month,Electronic check,1,DSL,1,0,1,0,1,1,1,78.33,149.4,3,3,65.8,19,4.5,1
CUST-101600,2,0,0,0,One year,Mailed check,1,Fiber optic,0,0,0,0,0,1,1,80.31,156.83,2,1,172.5,33,5.1,0
CUST-101601,26,0,1,1,Two year,Mailed check,0,Fiber optic,0,0,1,1,1,0,0,92.06,2376.79,1,1,217.7,30,7.3,0
CUST-101602,11,1,0,0,Month-to-month,Bank transfer (auto),0,DSL,1,0,0,0,0,1,0,54.24,550.81,2,0,130.2,6,5.4,0
CUST-101603,10,0,1,0,Month-to-month,Mailed check,0,DSL,0,1,0,0,0,0,0,55.02,536.46,3,1,223.5,21,7.0,0
CUST-101604,19,0,0,1,Month-to-month,Electronic check,1,Fiber optic,0,1,0,1,0,0,1,81.22,1463.47,1,1,134.6,47,7.3,0
CUST-101605,3,0,1,0,One year,Electronic check,1,No,0,0,0,0,0,0,0,18.0,52.34,2,1,197.7,84,7.4,0
CUST-101606,3,0,0,0,Two year,Credit card (auto),1,DSL,0,0,0,1,0,0,0,57.89,168.03,1,0,253.6,10,8.5,0
CUST-101607,60,0,0,1,One year,Bank transfer (auto),1,DSL,0,0,1,0,1,0,1,56.32,3132.24,0,1,212.5,28,8.0,0
CUST-101608,51,1,0,0,Two year,Bank transfer (auto),1,No,0,0,0,0,0,0,0,18.0,893.53,2,1,53.1,51,7.9,0
CUST-101609,20,0,0,1,One year,Credit card (auto),0,DSL,0,0,1,0,0,1,0,43.11,805.64,0,0,310.2,45,5.0,0
CUST-101610,59,0,0,0,Month-to-month,Bank transfer (auto),1,DSL,0,0,0,0,0,0,0,45.05,2617.83,4,0,257.4,24,5.9,0
CUST-101611,2,0,1,0,Month-to-month,Bank transfer (auto),1,DSL,1,0,0,1,1,0,1,60.34,112.96,3,0,209.8,24,4.3,1
CUST-101612,19,0,1,1,One year,Mailed check,1,No,0,0,0,0,0,0,0,31.85,573.93,5,1,348.7,62,5.8,0
CUST-101613,27,0,1,1,One year,Electronic check,0,Fiber optic,0,1,0,0,0,1,0,89.44,2379.98,1,0,176.0,46,8.9,0
CUST-101614,44,0,1,1,Month-to-month,Electronic check,1,DSL,0,0,0,0,0,1,0,31.5,1302.45,3,0,251.3,83,4.6,0
CUST-101615,21,0,0,0,Month-to-month,Credit card (auto),1,Fiber optic,1,0,0,0,0,0,0,87.81,1786.17,3,2,12.9,85,3.2,1
CUST-101616,20,0,0,0,Month-to-month,Mailed check,0,DSL,0,0,1,1,1,0,0,53.81,991.77,1,1,317.1,31,6.2,0
CUST-101617,8,0,0,0,Month-to-month,Electronic check,1,DSL,0,0,0,0,0,1,1,61.51,455.79,3,2,248.0,8,6.8,1
CUST-101618,26,1,0,0,One year,Credit card (auto),0,No,0,0,0,0,0,0,0,26.36,680.4,3,1,320.7,59,6.3,0
CUST-101619,3,0,1,1,One year,Electronic check,1,Fiber optic,1,0,0,0,0,0,1,90.55,251.04,2,2,127.3,59,5.4,0
CUST-101620,47,0,1,1,Two year,Bank transfer (auto),0,Fiber optic,1,0,1,0,1,0,0,97.8,4320.51,1,2,373.1,49,7.1,0
CUST-101621,16,0,1,0,Month-to-month,Bank transfer (auto),1,No,1,0,0,0,0,0,0,21.05,332.49,7,0,251.8,32,2.9,1
CUST-101622,3,0,1,1,Two year,Electronic check,1,DSL,0,0,0,0,0,0,0,38.72,112.18,2,1,258.2,41,6.6,1
CUST-101623,9,0,0,0,Month-to-month,Electronic check,1,DSL,0,0,1,1,0,1,0,63.36,536.84,1,4,103.5,38,5.0,1
CUST-101624,15,0,1,1,Month-to-month,Mailed check,0,DSL,1,1,0,0,0,1,0,62.67,883.08,3,0,228.6,0,7.5,0
CUST-101625,72,0,0,0,Two year,Bank transfer (auto),1,Fiber optic,1,1,1,0,0,0,1,95.56,6476.46,4,2,210.7,57,3.7,0
CUST-101626,27,0,1,1,Two year,Credit card (auto),0,Fiber optic,0,0,1,0,0,0,1,76.9,1963.67,2,0,193.7,52,6.7,0
CUST-101627,38,0,0,1,Two year,Credit card (auto),1,Fiber optic,1,0,0,0,0,0,1,87.81,3154.31,1,0,222.9,44,6.5,0
CUST-101628,72,0,0,0,Month-to-month,Electronic check,0,DSL,0,1,0,0,0,1,0,46.23,3186.13,3,3,40.3,47,7.1,0
CUST-101629,33,0,0,1,Month-to-month,Electronic check,1,DSL,0,0,1,0,1,1,1,74.76,2347.91,0,5,269.6,84,5.4,0
CUST-101630,2,0,0,0,One year,Bank transfer (auto),1,Fiber optic,1,0,0,0,0,1,1,101.81,200.06,2,0,107.1,21,4.0,1
CUST-101631,30,0,0,1,Two year,Bank transfer (auto),0,DSL,0,1,0,1,0,0,0,43.17,1278.18,2,1,180.0,77,7.3,0
CUST-101632,36,0,0,0,Month-to-month,Electronic check,1,No,1,0,0,0,0,0,0,37.38,1294.9,3,1,160.2,61,4.3,0
CUST-101633,9,0,1,0,Month-to-month,Electronic check,0,No,0,0,0,0,0,0,0,18.0,149.42,1,2,181.6,0,6.2,1
CUST-101634,4,0,1,1,Month-to-month,Electronic check,0,No,1,0,0,0,0,0,0,31.49,121.73,2,1,58.2,27,6.8,1
CUST-101635,20,0,0,1,Month-to-month,Mailed check,1,Fiber optic,0,0,1,0,0,1,1,77.77,1475.49,6,2,47.2,17,1.7,1
CUST-101636,72,1,0,1,Month-to-month,Bank transfer (auto),0,DSL,0,0,0,0,0,0,1,52.26,3523.65,4,2,148.2,17,3.9,0
CUST-101637,37,0,1,0,One year,Credit card (auto),1,Fiber optic,1,0,0,1,0,0,0,75.0,2665.33,3,1,31.4,7,7.4,0
CUST-101638,49,0,0,0,Month-to-month,Electronic check,0,DSL,0,1,1,0,1,0,1,65.44,3206.12,3,0,90.0,56,8.0,0
CUST-101639,36,0,1,0,One year,Mailed check,0,No,0,0,0,0,0,0,0,18.88,641.72,3,0,230.1,7,6.1,0
CUST-101640,10,0,0,1,One year,Mailed check,1,Fiber optic,1,0,1,0,1,0,0,85.4,793.09,2,0,149.3,37,5.5,0
CUST-101641,23,0,0,1,Month-to-month,Mailed check,1,DSL,0,0,0,0,1,0,1,56.15,1199.66,4,0,156.6,7,9.7,0
CUST-101642,70,0,0,1,Month-to-month,Electronic check,0,Fiber optic,1,0,0,1,0,0,0,72.25,4783.1,2,2,312.1,12,6.5,0
CUST-101643,9,0,0,0,Two year,Electronic check,1,DSL,1,0,0,1,1,1,1,74.72,649.39,1,1,5.0,51,8.2,0
CUST-101644,1,0,1,1,One year,Electronic check,1,Fiber optic,1,0,1,0,0,1,0,85.12,79.2,4,0,136.7,71,5.0,1
CUST-101645,72,0,1,0,Two year,Bank transfer (auto),0,Fiber optic,0,1,1,0,0,0,1,74.2,5237.27,1,0,193.7,42,5.7,0
CUST-101646,12,0,0,1,Month-to-month,Bank transfer (auto),1,No,1,0,0,0,0,0,0,32.08,383.1,0,0,217.5,53,8.6,0
CUST-101647,72,0,1,0,One year,Bank transfer (auto),1,No,0,0,0,0,0,0,0,18.0,1295.16,3,0,57.1,63,5.9,0
CUST-101648,22,0,0,0,Two year,Mailed check,0,DSL,0,0,1,0,0,1,1,58.18,1233.88,3,0,211.6,64,6.5,0
CUST-101649,20,0,0,0,Month-to-month,Mailed check,0,Fiber optic,1,0,0,0,0,1,0,84.46,1567.55,4,2,142.7,38,5.1,1
CUST-101650,25,0,1,1,Month-to-month,Electronic check,0,DSL,1,1,1,0,0,1,1,70.59,1741.24,2,1,304.4,43,8.4,0
CUST-101651,21,0,1,0,Two year,Electronic check,1,No,1,0,0,0,0,0,0,27.8,577.72,3,1,257.4,61,5.7,0
CUST-101652,72,0,1,0,Month-to-month,Electronic check,0,Fiber optic,0,0,0,1,0,0,0,78.03,5298.22,2,3,156.1,69,6.5,0
CUST-101653,13,0,0,1,Month-to-month,Electronic check,1,No,0,0,0,0,0,0,0,18.35,230.69,3,1,177.4,65,6.1,1
CUST-101654,4,0,0,1,Two year,Credit card (auto),1,No,1,0,0,0,0,0,0,34.14,129.01,0,0,205.4,24,5.3,0
CUST-101655,47,0,0,0,Month-to-month,Credit card (auto),1,DSL,0,0,0,0,0,0,0,51.88,2377.19,5,1,196.4,9,4.1,0
CUST-101656,28,1,1,0,One year,Bank transfer (auto),0,DSL,0,1,1,1,1,1,1,68.49,1880.98,0,0,175.4,54,8.2,0
CUST-101657,1,1,0,0,One year,Bank transfer (auto),1,Fiber optic,0,0,0,0,0,0,1,71.14,67.39,2,2,159.6,88,5.5,1
CUST-101658,27,0,1,0,One year,Bank transfer (auto),1,DSL,0,0,0,0,1,0,1,57.75,1437.06,1,0,356.1,77,7.0,0
CUST-101659,40,0,0,0,Month-to-month,Bank transfer (auto),1,DSL,1,0,0,0,0,0,0,63.05,2400.62,3,1,257.8,55,7.9,0
CUST-101660,9,0,0,0,Month-to-month,Bank transfer (auto),0,Fiber optic,1,0,0,0,0,0,1,89.08,751.59,4,0,207.7,21,5.4,1
CUST-101661,13,0,0,0,Two year,Electronic check,1,Fiber optic,1,1,0,0,0,1,1,86.11,1067.4,2,1,234.5,77,9.3,0
CUST-101662,3,0,0,0,Two year,Credit card (auto),0,Fiber optic,0,0,1,0,0,0,1,77.25,231.42,1,2,115.3,84,6.1,0
CUST-101663,8,0,1,0,Month-to-month,Bank transfer (auto),1,DSL,1,0,0,0,1,0,0,52.6,388.26,4,1,160.6,50,5.2,1
CUST-101664,27,0,1,0,Month-to-month,Electronic check,1,DSL,1,0,0,0,0,1,1,70.81,1809.72,4,0,79.2,10,7.8,0
CUST-101665,1,0,1,0,Month-to-month,Mailed check,1,DSL,0,0,0,1,1,1,1,65.54,62.91,2,0,176.7,77,7.3,1
CUST-101666,36,0,1,0,Month-to-month,Credit card (auto),0,Fiber optic,0,0,0,0,0,0,1,68.49,2362.93,3,1,88.9,28,7.7,0
CUST-101667,70,0,0,0,Two year,Credit card (auto),0,Fiber optic,0,0,0,1,1,0,1,80.88,5303.51,2,0,151.1,2,5.4,0
CUST-101668,3,0,1,0,Two year,Mailed check,1,Fiber optic,1,0,1,0,1,1,0,85.84,252.83,0,1,158.6,69,4.7,0
CUST-101669,14,1,1,1,Month-to-month,Mailed check,1,No,1,0,0,0,0,0,0,25.6,338.14,1,0,125.1,56,3.5,0
CUST-101670,6,0,1,1,Two year,Electronic check,1,No,0,0,0,0,0,0,0,23.4,131.07,0,1,256.1,5,5.1,1
CUST-101671,16,0,0,0,Two year,Mailed check,1,DSL,0,0,0,0,0,0,1,45.78,724.06,1,0,389.5,33,5.1,0
CUST-101672,38,0,0,1,One year,Electronic check,0,No,1,0,0,0,0,0,0,28.56,1068.02,2,2,44.1,7,6.7,0
CUST-101673,26,0,1,1,Two year,Electronic check,1,DSL,0,0,1,1,1,1,0,64.86,1627.9,1,2,250.6,35,6.5,0
CUST-101674,13,0,0,0,Month-to-month,Mailed check,0,Fiber optic,1,0,0,0,0,0,0,66.54,811.3,0,1,172.4,87,6.5,1
CUST-101675,5,0,0,0,Two year,Mailed check,1,DSL,0,1,1,0,0,0,1,48.28,240.36,2,0,76.9,57,5.0,0
CUST-101676,72,1,0,0,Month-to-month,Credit card (auto),1,DSL,1,0,1,1,0,1,1,68.12,4622.01,2,1,111.5,13,7.4,0
CUST-101677,7,0,1,0,Month-to-month,Mailed check,1,No,0,0,0,0,0,0,0,18.0,120.79,4,0,192.0,78,6.7,0
CUST-101678,9,0,0,0,One year,Electronic check,1,Fiber optic,0,0,1,1,0,0,0,81.47,727.39,1,2,185.4,22,4.3,0
CUST-101679,0,0,1,0,Month-to-month,Mailed check,0,Fiber optic,0,0,0,0,0,0,0,67.92,66.61,5,0,210.8,85,5.0,1
CUST-101680,72,1,1,1,One year,Credit card (auto),1,No,1,0,0,0,0,0,0,32.3,2228.92,2,0,106.0,70,5.4,0
CUST-101681,37,0,0,0,Month-to-month,Mailed check,0,DSL,1,0,0,1,0,0,1,65.0,2299.72,2,0,16.4,84,8.8,1
CUST-101682,48,1,0,0,Month-to-month,Bank transfer (auto),1,DSL,1,0,0,1,0,0,1,67.17,3041.39,4,1,188.7,54,5.8,0
CUST-101683,47,0,1,1,One year,Electronic check,1,Fiber optic,0,1,1,0,0,0,0,75.83,3504.91,3,1,274.8,28,6.1,0
CUST-101684,13,0,0,0,Month-to-month,Electronic check,1,Fiber optic,1,1,0,1,0,0,0,85.68,1109.08,2,0,73.3,42,7.0,0
CUST-101685,14,0,0,0,Month-to-month,Credit card (auto),1,Fiber optic,0,0,0,1,0,1,1,95.55,1322.96,6,1,243.9,39,5.1,1
CUST-101686,40,0,0,1,Month-to-month,Electronic check,1,Fiber optic,0,1,0,0,0,0,0,68.21,2608.57,1,0,195.8,83,7.4,1
CUST-101687,31,0,0,0,Two year,Mailed check,1,Fiber optic,1,0,0,1,0,1,0,91.01,2813.26,0,1,302.8,15,4.2,0
CUST-101688,2,1,1,0,One year,Electronic check,0,Fiber optic,0,1,0,0,0,0,0,80.57,148.42,3,0,222.9,24,6.4,0
CUST-101689,17,0,0,0,Month-to-month,Mailed check,0,Fiber optic,0,1,0,0,0,1,0,81.85,1315.59,1,1,344.8,23,10.0,0
CUST-101690,72,0,1,0,One year,Bank transfer (auto),1,DSL,1,1,0,0,0,1,0,67.37,4770.47,0,0,286.4,85,6.2,0
CUST-101691,22,1,0,1,One year,Bank transfer (auto),0,DSL,1,0,0,0,0,1,0,57.5,1260.84,1,0,15.2,57,8.1,0
CUST-101692,24,1,1,0,Month-to-month,Credit card (auto),1,Fiber optic,0,0,1,0,0,0,1,81.9,1960.49,1,1,129.0,52,7.4,0
CUST-101693,7,1,1,1,Month-to-month,Electronic check,0,No,1,0,0,0,0,0,0,29.33,197.25,3,0,24.6,49,6.0,1
CUST-101694,72,1,0,0,One year,Electronic check,0,Fiber optic,1,0,0,1,0,0,1,78.55,5633.55,1,0,296.1,85,5.6,0
CUST-101695,59,0,1,1,Month-to-month,Credit card (auto),1,DSL,0,0,1,0,0,1,1,57.19,3267.53,3,0,159.1,76,6.9,0
CUST-101696,17,1,0,0,Two year,Mailed check,0,Fiber optic,1,1,1,0,0,1,1,86.88,1446.1,2,0,212.6,84,6.2,1
CUST-101697,11,0,1,1,Month-to-month,Credit card (auto),1,DSL,0,0,0,0,1,0,0,53.29,565.08,1,1,22.2,43,6.9,1
CUST-101698,8,0,1,0,One year,Bank transfer (auto),1,Fiber optic,0,0,1,0,0,0,0,75.84,572.32,5,1,29.5,80,5.8,1
CUST-101699,13,0,0,1,Month-to-month,Electronic check,0,Fiber optic,1,0,0,0,0,0,0,83.72,1017.15,3,2,138.4,4,4.4,1
CUST-101700,4,0,0,1,One year,Credit card (auto),0,Fiber optic,0,0,1,0,0,0,1,72.17,280.5,0,1,168.3,63,6.5,0
CUST-101701,7,0,1,0,Two year,Electronic check,1,DSL,1,0,1,0,0,0,0,58.09,402.26,2,2,103.0,55,6.9,0
CUST-101702,1,1,1,0,Month-to-month,Bank transfer (auto),1,No,1,0,0,0,0,0,0,28.8,27.91,1,0,163.0,57,6.8,0
CUST-101703,47,0,0,0,Month-to-month,Electronic check,1,DSL,0,1,0,0,0,1,0,66.07,3000.46,2,1,192.4,12,4.1,1
CUST-101704,2,0,0,0,One year,Bank transfer (auto),1,DSL,1,0,0,1,1,0,0,60.84,116.12,1,0,216.0,41,7.8,0
CUST-101705,1,0,0,0,Month-to-month,Bank transfer (auto),1,Fiber optic,0,0,0,1,1,0,1,80.19,76.17,1,2,151.9,49,7.5,0
CUST-101706,47,0,1,0,Month-to-month,Electronic check,1,Fiber optic,0,0,0,1,0,0,1,79.19,3700.28,3,2,255.0,58,6.5,1
CUST-101707,19,0,1,1,One year,Credit card (auto),0,Fiber optic,0,0,1,0,1,0,0,88.91,1563.47,1,0,247.8,78,7.0,0
CUST-101708,31,0,1,1,Month-to-month,Electronic check,0,Fiber optic,1,0,0,0,0,0,0,83.15,2488.96,4,1,318.9,54,4.3,1
CUST-101709,42,0,1,0,Month-to-month,Mailed check,0,Fiber optic,1,0,0,0,0,0,0,81.92,3205.0,5,2,323.7,44,3.4,0
CUST-101710,16,0,1,0,Month-to-month,Electronic check,1,Fiber optic,1,0,0,0,0,0,0,76.6,1184.1,3,0,145.9,62,5.6,1
CUST-101711,32,0,0,0,Month-to-month,Bank transfer (auto),1,DSL,0,0,1,0,0,0,1,52.68,1598.51,4,0,71.6,5,6.7,1
CUST-101712,18,0,1,1,Two year,Mailed check,1,DSL,1,0,0,0,0,1,1,70.95,1184.93,2,0,153.0,15,5.6,0
CUST-101713,72,0,0,1,Month-to-month,Bank transfer (auto),0,Fiber optic,1,1,0,0,1,1,0,88.99,5924.75,1,1,219.7,51,9.5,0
CUST-101714,41,0,1,0,Month-to-month,Bank transfer (auto),0,Fiber optic,0,1,0,0,0,0,1,76.01,3065.56,2,2,157.0,1,5.4,0
CUST-101715,9,0,0,0,One year,Bank transfer (auto),1,Fiber optic,0,0,0,0,0,0,0,59.93,498.08,3,0,160.3,2,8.0,0
CUST-101716,17,0,1,0,Two year,Credit card (auto),0,No,0,0,0,0,0,0,0,18.0,305.36,3,0,189.0,64,6.7,0
CUST-101717,5,0,1,0,Month-to-month,Credit card (auto),1,Fiber optic,1,0,1,0,0,0,1,93.82,443.7,0,1,142.5,28,6.3,1
CUST-101718,31,0,1,1,One year,Electronic check,1,Fiber optic,0,1,0,1,0,1,0,71.34,2207.9,0,2,117.0,81,5.4,0
CUST-101719,7,0,0,0,One year,Bank transfer (auto),1,No,1,0,0,0,0,0,0,37.66,251.05,2,0,90.6,7,7.2,0
CUST-101720,17,0,1,0,Month-to-month,Electronic check,1,DSL,1,0,1,0,0,0,0,55.97,935.77,1,2,264.3,85,6.2,0
CUST-101721,18,0,0,0,Month-to-month,Electronic check,1,Fiber optic,0,0,1,0,0,0,1,81.21,1365.25,3,3,165.9,48,4.4,1
CUST-101722,20,0,0,0,One year,Mailed check,0,Fiber optic,1,1,0,0,0,1,0,93.37,1748.31,1,0,228.2,59,7.1,0
CUST-101723,7,0,1,0,Month-to-month,Mailed check,1,Fiber optic,0,0,0,1,0,0,0,70.88,480.86,3,1,178.8,89,6.2,0
CUST-101724,18,1,1,0,Month-to-month,Mailed check,1,No,0,0,0,0,0,0,0,23.59,422.78,4,1,117.0,23,4.4,0
CUST-101725,45,0,0,0,One year,Mailed check,1,Fiber optic,0,0,0,0,0,0,0,63.86,2851.8,3,0,142.6,21,6.3,0
CUST-101726,7,0,1,0,Month-to-month,Bank transfer (auto),1,No,1,0,0,0,0,0,0,24.15,165.85,4,0,40.6,77,3.0,0
CUST-101727,10,1,0,1,Month-to-month,Credit card (auto),0,DSL,1,0,0,1,1,1,0,69.13,680.52,3,0,203.9,45,4.8,1
CUST-101728,29,0,1,1,Month-to-month,Electronic check,0,No,0,0,0,0,0,0,0,22.5,652.39,1,1,337.5,73,7.8,0
CUST-101729,5,0,1,0,Two year,Mailed check,1,DSL,1,0,0,1,0,1,0,64.17,314.68,3,3,201.4,39,4.9,1
CUST-101730,72,1,1,0,One year,Electronic check,0,DSL,0,0,0,1,0,0,0,58.36,3994.3,0,2,257.0,26,7.5,0
CUST-101731,35,0,1,1,Month-to-month,Electronic check,1,DSL,1,1,0,0,1,0,0,61.54,2038.07,0,0,70.4,68,8.5,0
CUST-101732,35,0,1,1,Month-to-month,Credit card (auto),0,Fiber optic,1,0,0,0,0,0,1,92.15,3096.61,4,0,5.0,77,7.0,1
CUST-101733,30,0,1,1,Two year,Electronic check,1,DSL,0,0,1,0,0,0,1,54.36,1622.56,1,0,145.6,22,7.7,0
CUST-101734,9,0,0,0,One year,Electronic check,0,DSL,1,0,0,0,0,0,0,56.62,469.46,0,1,408.7,31,8.1,0
CUST-101735,15,0,0,0,One year,Mailed check,0,Fiber optic,1,1,1,0,0,1,0,95.9,1429.64,5,0,23.1,54,3.7,1
CUST-101736,17,0,1,0,Month-to-month,Electronic check,1,Fiber optic,0,0,0,0,0,0,0,66.97,1131.96,3,1,280.1,34,8.0,1
CUST-101737,18,1,0,1,Month-to-month,Bank transfer (auto),1,Fiber optic,0,0,1,0,0,1,0,80.26,1343.3,2,0,206.4,58,7.3,1
CUST-101738,33,0,1,0,Month-to-month,Credit card (auto),1,Fiber optic,1,0,1,0,0,1,0,78.29,2382.45,2,0,230.1,55,9.7,0
CUST-101739,9,0,0,0,Two year,Bank transfer (auto),1,No,1,0,0,0,0,0,0,28.65,249.87,3,1,198.7,21,5.7,0
CUST-101740,15,0,1,1,Two year,Mailed check,1,Fiber optic,1,1,0,0,0,0,1,87.42,1213.5,1,1,128.0,12,5.7,0
CUST-101741,72,0,0,1,Month-to-month,Bank transfer (auto),1,Fiber optic,0,0,1,0,0,1,1,86.73,6110.83,2,2,145.9,24,7.5,0
CUST-101742,69,0,1,0,One year,Credit card (auto),1,No,1,0,0,0,0,0,0,27.26,1784.71,1,2,247.9,47,7.4,0
CUST-101743,9,0,1,0,Two year,Electronic check,1,No,1,0,0,0,0,0,0,38.71,328.72,2,2,259.5,80,3.8,0
CUST-101744,26,0,0,0,Two year,Bank transfer (auto),0,Fiber optic,0,0,1,0,1,0,0,68.81,1682.65,1,2,42.6,85,6.6,0
CUST-101745,6,1,1,0,Month-to-month,Bank transfer (auto),1,DSL,0,1,1,1,0,1,1,60.45,357.87,0,0,186.1,46,6.6,0
CUST-101746,10,0,0,0,Month-to-month,Bank transfer (auto),1,DSL,1,0,0,0,0,0,1,51.76,515.07,2,0,151.5,23,5.8,0
CUST-101747,9,0,1,0,Two year,Electronic check,1,Fiber optic,0,1,0,1,0,0,0,78.76,657.37,5,3,66.2,80,5.0,0
CUST-101748,26,0,1,1,Month-to-month,Bank transfer (auto),0,No,0,0,0,0,0,0,0,18.0,435.36,3,1,291.5,54,4.7,1
CUST-101749,64,0,0,1,Month-to-month,Credit card (auto),1,DSL,0,0,0,0,0,0,0,37.97,2377.24,2,0,147.0,60,7.9,0
CUST-101750,15,0,0,1,Month-to-month,Bank transfer (auto),1,Fiber optic,1,1,1,0,0,0,0,83.97,1251.08,4,1,191.8,62,4.7,0
CUST-101751,72,0,0,1,Month-to-month,Electronic check,1,DSL,1,1,0,1,0,0,0,53.16,3805.02,3,0,288.3,1,5.3,0
CUST-101752,53,0,0,0,Month-to-month,Electronic check,1,Fiber optic,0,0,0,0,0,0,0,72.18,3787.44,2,2,258.2,9,4.3,1
CUST-101753,18,1,1,0,One year,Bank transfer (auto),0,No,0,0,0,0,0,0,0,21.84,374.12,0,1,298.5,6,7.3,0
CUST-101754,27,0,0,1,Two year,Bank transfer (auto),1,No,0,0,0,0,0,0,0,18.0,447.67,2,0,82.5,11,5.0,0
CUST-101755,23,1,1,0,Month-to-month,Credit card (auto),1,No,1,0,0,0,0,0,0,33.23,703.58,5,1,321.0,23,5.9,1
CUST-101756,43,1,1,1,Two year,Mailed check,1,Fiber optic,1,0,0,1,0,0,1,78.99,3126.1,6,1,128.3,22,6.3,0
CUST-101757,22,0,1,0,Two year,Electronic check,1,Fiber optic,1,0,0,0,1,0,1,83.76,1770.15,2,1,99.4,55,6.0,0
CUST-101758,17,0,1,0,One year,Bank transfer (auto),1,No,1,0,0,0,0,0,0,29.35,470.62,4,0,228.0,89,7.7,0
CUST-101759,22,1,0,0,One year,Bank transfer (auto),1,Fiber optic,1,0,0,0,1,0,1,87.39,1919.09,0,0,142.2,13,7.2,0
CUST-101760,21,1,1,0,Two year,Mailed check,0,No,1,0,0,0,0,0,0,18.62,379.9,3,1,248.1,9,7.4,0
CUST-101761,7,1,1,0,One year,Bank transfer (auto),1,DSL,1,1,1,1,0,1,1,78.17,539.47,1,1,111.0,10,7.9,0
CUST-101762,1,0,1,0,Month-to-month,Electronic check,1,DSL,1,0,0,1,0,0,0,57.21,56.77,0,0,190.3,28,6.4,0
CUST-101763,12,0,0,0,Two year,Electronic check,1,DSL,0,1,1,0,0,1,1,74.37,847.93,1,4,329.4,12,6.2,0
CUST-101764,11,1,0,1,Month-to-month,Electronic check,0,No,0,0,0,0,0,0,0,23.57,240.94,3,2,225.0,28,5.9,0
CUST-101765,72,1,1,0,Two year,Electronic check,1,DSL,1,0,1,0,0,0,1,70.82,4701.53,4,2,171.6,76,4.1,0
CUST-101766,20,0,1,0,Month-to-month,Bank transfer (auto),0,No,1,0,0,0,0,0,0,22.34,439.94,6,1,208.9,74,3.4,1
CUST-101767,21,1,0,0,Month-to-month,Electronic check,0,Fiber optic,0,0,0,0,0,0,0,60.53,1172.5,3,3,5.0,11,4.7,1
CUST-101768,26,0,1,0,One year,Credit card (auto),0,Fiber optic,0,0,1,1,1,0,0,91.45,2295.33,0,0,159.9,22,6.7,0
CUST-101769,28,1,0,0,One year,Electronic check,1,Fiber optic,0,0,0,0,1,1,0,81.09,2184.14,0,3,68.0,36,3.6,1
CUST-101770,4,0,1,0,Month-to-month,Bank transfer (auto),0,Fiber optic,1,1,1,0,0,0,0,97.97,376.14,2,0,153.4,59,9.5,1
CUST-101771,16,1,0,0,Two year,Mailed check,0,DSL,0,0,0,0,0,1,0,56.25,897.88,1,0,76.2,46,6.2,0
CUST-101772,2,0,0,1,Month-to-month,Electronic check,0,Fiber optic,0,0,0,0,0,0,0,76.41,141.81,3,2,203.6,23,7.3,1
CUST-101773,0,0,0,1,Month-to-month,Bank transfer (auto),1,No,1,0,0,0,0,0,0,30.74,29.78,3,0,5.0,29,6.9,1
CUST-101774,17,0,0,0,One year,Credit card (auto),1,DSL,0,0,0,0,0,0,0,39.86,633.19,2,0,172.4,74,5.5,0
CUST-101775,72,0,0,1,Month-to-month,Credit card (auto),1,DSL,1,1,1,0,0,0,0,55.93,3740.94,5,0,297.7,40,6.7,0
CUST-101776,15,0,0,0,Month-to-month,Electronic check,0,No,0,0,0,0,0,0,0,18.0,261.77,2,0,265.5,59,5.4,1
CUST-101777,2,1,0,0,Month-to-month,Bank transfer (auto),0,DSL,1,1,0,1,1,0,0,63.36,120.93,1,0,171.9,83,10.0,1
CUST-101778,8,0,1,1,Month-to-month,Electronic check,1,DSL,1,1,0,1,0,0,1,66.44,491.5,4,1,269.6,48,4.9,1
CUST-101779,5,1,1,1,Two year,Mailed check,0,No,0,0,0,0,0,0,0,19.4,93.82,2,0,170.9,56,5.5,0
CUST-101780,31,0,1,0,Month-to-month,Electronic check,1,Fiber optic,0,0,0,0,1,0,1,79.1,2447.05,1,0,182.4,63,8.8,0
CUST-101781,9,0,0,0,One year,Credit card (auto),0,DSL,0,0,0,0,0,1,1,41.23,341.71,1,2,96.7,86,6.3,1
CUST-101782,25,0,0,0,One year,Bank transfer (auto),1,No,0,0,0,0,0,0,0,21.19,500.06,3,2,161.0,2,7.7,0
CUST-101783,13,0,1,0,Month-to-month,Electronic check,0,Fiber optic,1,0,0,0,1,1,1,100.67,1275.87,1,2,272.9,31,5.6,1
CUST-101784,25,0,1,0,Two year,Credit card (auto),1,DSL,0,0,0,0,1,0,0,44.72,1102.71,2,2,238.8,45,9.1,0
CUST-101785,23,0,1,0,Month-to-month,Bank transfer (auto),0,Fiber optic,0,0,1,0,0,0,0,65.89,1462.58,4,0,338.3,39,4.3,1
CUST-101786,53,1,1,1,Month-to-month,Electronic check,1,No,1,0,0,0,0,0,0,18.56,933.59,4,1,258.1,28,6.2,0
CUST-101787,9,0,1,0,One year,Credit card (auto),1,Fiber optic,1,0,0,0,0,1,0,78.7,660.49,0,0,89.6,63,6.3,1
CUST-101788,10,1,1,0,One year,Bank transfer (auto),0,Fiber optic,0,1,0,1,0,0,0,76.74,715.99,1,1,5.0,89,6.7,0
CUST-101789,16,0,0,1,Month-to-month,Mailed check,1,Fiber optic,0,1,0,0,0,0,1,80.12,1276.41,2,0,228.1,54,8.4,0
CUST-101790,18,0,1,0,Two year,Electronic check,1,DSL,1,0,0,0,0,0,1,62.11,1029.08,4,1,238.5,51,4.5,1
CUST-101791,6,0,1,0,Two year,Electronic check,1,Fiber optic,0,0,1,0,1,1,1,82.19,479.79,1,0,182.9,69,9.5,0
CUST-101792,19,0,1,0,Month-to-month,Electronic check,0,DSL,1,0,0,0,0,0,0,49.87,914.88,2,2,322.7,63,7.0,0
CUST-101793,32,0,0,0,One year,Credit card (auto),0,No,1,0,0,0,0,0,0,18.13,569.37,1,0,199.1,75,4.4,0
CUST-101794,7,0,0,0,Month-to-month,Electronic check,1,DSL,0,1,1,1,0,1,0,66.39,432.42,3,2,267.7,16,5.4,1
CUST-101795,52,0,0,0,Month-to-month,Mailed check,0,DSL,1,0,0,1,0,0,0,55.12,2777.88,2,0,207.0,35,6.7,0
CUST-101796,43,0,0,1,Month-to-month,Credit card (auto),1,DSL,0,1,1,1,0,1,0,61.52,2563.52,5,2,198.6,45,5.4,0
CUST-101797,40,0,1,0,Month-to-month,Credit card (auto),0,No,0,0,0,0,0,0,0,27.78,1096.18,2,0,286.9,10,5.2,0
CUST-101798,33,0,1,1,One year,Credit card (auto),1,Fiber optic,0,0,1,1,0,0,1,84.06,2773.76,1,0,372.1,16,6.1,0
CUST-101799,26,0,0,1,Month-to-month,Credit card (auto),1,Fiber optic,1,0,0,0,0,1,1,97.09,2459.38,0,1,175.0,51,5.3,0
CUST-101800,16,1,1,0,Month-to-month,Credit card (auto),1,Fiber optic,0,1,0,0,0,1,0,83.41,1296.48,2,0,238.1,6,8.7,0
CUST-101801,26,0,0,0,Month-to-month,Credit card (auto),1,Fiber optic,0,0,0,1,1,1,1,85.36,2074.74,3,2,222.6,24,3.8,0
CUST-101802,46,0,1,1,Month-to-month,Mailed check,0,No,0,0,0,0,0,0,0,18.0,793.16,3,1,159.7,4,3.6,0
CUST-101803,14,0,0,0,One year,Electronic check,1,Fiber optic,1,0,0,0,0,0,0,76.97,1056.53,2,3,110.6,20,4.6,1
CUST-101804,4,0,1,0,Month-to-month,Electronic check,0,DSL,0,0,0,1,1,0,1,64.55,257.26,4,1,278.9,71,5.2,1
CUST-101805,72,0,1,0,Month-to-month,Mailed check,0,No,0,0,0,0,0,0,0,18.0,1213.65,3,0,316.5,10,5.3,0
CUST-101806,62,1,1,0,Month-to-month,Electronic check,0,Fiber optic,0,0,0,0,0,0,0,66.3,3799.55,4,1,185.4,39,5.2,0
CUST-101807,11,0,1,0,Month-to-month,Electronic check,0,Fiber optic,1,0,0,0,0,1,1,81.94,884.6,4,2,144.5,38,6.8,1
CUST-101808,12,0,0,0,One year,Electronic check,0,DSL,1,1,0,1,0,1,0,63.9,715.03,2,1,277.9,9,5.3,0
CUST-101809,38,0,1,0,Month-to-month,Bank transfer (auto),0,No,0,0,0,0,0,0,0,22.33,825.1,4,1,101.1,1,4.8,0
CUST-101810,14,0,0,1,One year,Mailed check,0,No,0,0,0,0,0,0,0,21.13,277.9,2,1,218.6,68,7.1,0
CUST-101811,15,0,0,0,One year,Electronic check,1,Fiber optic,0,0,1,1,0,0,0,80.01,1195.23,1,2,218.1,14,8.4,0
CUST-101812,19,0,1,1,Month-to-month,Bank transfer (auto),0,DSL,0,1,1,0,1,1,0,54.59,1022.34,5,0,191.4,23,7.1,0
CUST-101813,7,1,1,0,Month-to-month,Electronic check,0,DSL,1,0,1,0,0,0,1,66.22,448.46,1,6,279.4,40,2.5,1
CUST-101814,20,0,1,0,Month-to-month,Mailed check,1,DSL,1,0,0,0,0,0,0,58.95,1094.98,3,0,214.9,78,6.2,1
CUST-101815,6,0,0,0,Month-to-month,Electronic check,1,Fiber optic,0,1,1,1,1,1,0,91.03,528.32,2,4,183.1,68,7.8,1
CUST-101816,11,0,1,0,Month-to-month,Bank transfer (auto),1,Fiber optic,1,0,0,0,1,0,0,77.1,783.12,2,1,135.1,73,4.0,1
CUST-101817,8,0,0,0,Two year,Credit card (auto),0,Fiber optic,1,0,1,0,1,0,1,96.36,714.26,1,2,168.3,30,6.8,0
CUST-101818,2,0,1,1,Month-to-month,Electronic check,0,DSL,1,0,1,0,0,1,0,70.0,136.59,2,2,146.6,82,5.6,1
CUST-101819,50,0,1,0,Month-to-month,Credit card (auto),1,DSL,0,1,0,0,0,1,0,56.25,2621.49,9,0,160.4,26,7.0,0
CUST-101820,10,1,1,1,Two year,Credit card (auto),1,No,1,0,0,0,0,0,0,23.63,218.98,3,0,246.8,80,6.6,1
CUST-101821,9,0,1,0,Two year,Credit card (auto),0,DSL,0,0,0,0,0,1,0,43.12,370.95,3,2,124.4,18,6.4,0
CUST-101822,72,1,1,0,Month-to-month,Credit card (auto),1,No,1,0,0,0,0,0,0,31.39,2257.31,2,0,253.3,14,8.0,0
CUST-101823,22,0,0,0,Month-to-month,Bank transfer (auto),0,Fiber optic,0,0,0,0,0,0,1,65.1,1403.57,4,0,267.0,63,2.2,1
CUST-101824,1,0,1,1,Month-to-month,Electronic check,1,DSL,1,0,0,0,0,0,0,44.62,42.86,1,3,321.4,33,6.8,0
CUST-101825,14,1,1,0,Two year,Electronic check,1,Fiber optic,0,0,0,0,0,0,1,75.76,990.2,4,2,237.5,8,4.3,1
CUST-101826,10,0,0,0,One year,Electronic check,1,No,0,0,0,0,0,0,0,29.41,276.21,1,3,213.9,48,4.6,0
CUST-101827,16,0,0,0,Month-to-month,Mailed check,1,No,0,0,0,0,0,0,0,26.9,423.76,3,0,255.2,59,5.6,1
CUST-101828,5,0,0,0,Month-to-month,Credit card (auto),1,DSL,0,0,1,0,1,0,0,56.28,260.26,2,0,239.0,18,6.6,1
CUST-101829,5,0,1,0,Month-to-month,Electronic check,1,DSL,0,0,1,0,0,0,1,41.46,200.08,2,1,258.1,18,6.7,0
CUST-101830,2,1,1,1,One year,Bank transfer (auto),0,Fiber optic,1,0,0,1,0,1,1,76.76,152.37,0,0,68.4,74,8.3,0
CUST-101831,31,0,1,0,Month-to-month,Credit card (auto),0,DSL,0,1,0,0,0,0,0,48.46,1436.51,5,1,96.6,32,7.4,1
CUST-101832,1,1,0,1,Month-to-month,Electronic check,0,DSL,0,0,0,1,0,1,1,69.09,68.72,6,0,113.7,37,4.1,1
CUST-101833,37,0,0,0,Month-to-month,Electronic check,1,No,1,0,0,0,0,0,0,22.65,820.41,3,0,316.9,16,6.1,0
CUST-101834,4,0,0,1,One year,Electronic check,1,Fiber optic,1,0,0,1,0,1,1,96.67,377.43,1,1,5.0,52,3.1,1
CUST-101835,35,0,0,1,Month-to-month,Electronic check,1,No,1,0,0,0,0,0,0,29.85,996.19,3,0,284.9,7,5.0,0
CUST-101836,31,0,0,0,Two year,Mailed check,0,Fiber optic,1,1,0,1,0,1,1,92.56,2679.35,1,1,173.2,25,7.3,0
CUST-101837,27,1,0,1,Month-to-month,Mailed check,1,DSL,1,1,0,0,0,0,1,59.54,1509.45,2,0,188.9,28,7.7,1
CUST-101838,1,0,0,1,Month-to-month,Bank transfer (auto),0,DSL,0,0,1,1,1,1,0,52.9,49.33,1,0,204.3,89,10.0,1
CUST-101839,11,0,0,0,Month-to-month,Electronic check,0,Fiber optic,0,0,0,0,1,0,0,77.14,829.79,1,2,5.0,33,6.5,1
CUST-101840,26,0,1,0,Month-to-month,Bank transfer (auto),1,Fiber optic,1,0,0,0,1,1,0,83.07,2088.92,2,2,128.6,15,5.4,1
CUST-101841,1,0,0,0,Month-to-month,Electronic check,1,Fiber optic,1,0,0,0,0,0,0,83.09,80.4,3,2,223.6,35,5.5,1
CUST-101842,9,1,0,0,Month-to-month,Mailed check,0,DSL,1,0,0,0,0,0,0,51.65,439.74,2,0,256.8,84,6.2,1
CUST-101843,12,0,1,0,Month-to-month,Electronic check,0,Fiber optic,1,0,0,1,0,1,0,85.22,960.68,4,1,257.8,33,4.2,1
CUST-101844,50,0,1,0,Month-to-month,Credit card (auto),1,DSL,0,0,0,0,1,0,0,36.81,1805.86,2,0,189.0,81,7.5,0
CUST-101845,6,0,1,0,Two year,Bank transfer (auto),0,DSL,1,0,0,1,0,1,1,68.23,384.27,0,0,303.6,28,5.4,0
CUST-101846,5,0,1,0,Month-to-month,Electronic check,1,No,1,0,0,0,0,0,0,31.06,144.25,1,4,175.3,33,6.5,1
CUST-101847,72,1,1,0,Two year,Bank transfer (auto),0,Fiber optic,1,0,1,1,0,0,0,94.55,6522.76,4,1,212.4,1,5.7,0
CUST-101848,11,0,1,0,Two year,Mailed check,1,No,0,0,0,0,0,0,0,18.0,193.58,1,1,235.2,0,7.0,0
CUST-101849,11,0,1,1,One year,Credit card (auto),0,No,1,0,0,0,0,0,0,29.59,299.9,1,0,132.7,89,7.7,0
CUST-101850,35,0,0,0,Month-to-month,Credit card (auto),1,Fiber optic,0,0,1,1,1,0,0,85.9,2828.31,5,0,221.6,55,7.8,0
CUST-101851,29,0,1,0,One year,Electronic check,0,DSL,0,0,0,1,0,1,1,50.84,1435.18,3,2,161.5,69,5.7,0
CUST-101852,14,1,0,0,Two year,Mailed check,0,Fiber optic,1,0,0,1,1,0,1,87.74,1170.25,1,0,163.1,88,7.3,1
CUST-101853,23,0,0,1,Month-to-month,Electronic check,1,DSL,0,1,1,0,1,0,0,51.38,1087.45,1,0,220.5,83,7.9,0
CUST-101854,10,0,0,0,Month-to-month,Bank transfer (auto),1,No,0,0,0,0,0,0,0,18.0,175.74,3,1,236.8,43,5.5,1
CUST-101855,29,0,0,0,Month-to-month,Electronic check,1,No,0,0,0,0,0,0,0,18.0,488.82,5,1,190.5,44,6.7,0
CUST-101856,4,1,0,0,Month-to-month,Bank transfer (auto),0,Fiber optic,0,0,0,0,1,0,0,70.35,265.04,2,0,178.7,5,5.2,1
CUST-101857,4,1,1,0,Month-to-month,Credit card (auto),0,Fiber optic,0,0,0,0,1,1,1,83.4,320.16,2,1,223.5,71,7.2,0
CUST-101858,11,0,0,1,Month-to-month,Mailed check,1,DSL,0,1,0,0,1,1,1,66.76,729.13,3,0,199.1,4,6.4,1
CUST-101859,0,0,0,0,One year,Credit card (auto),1,DSL,1,0,1,1,0,0,1,70.05,66.88,1,2,109.8,84,7.1,1
CUST-101860,6,0,0,0,Month-to-month,Electronic check,0,DSL,0,0,0,1,0,0,0,54.22,301.12,4,2,270.5,66,4.3,1
CUST-101861,18,0,0,0,Month-to-month,Credit card (auto),0,No,0,0,0,0,0,0,0,18.41,316.59,3,0,118.9,35,9.0,0
CUST-101862,10,0,1,1,Two year,Credit card (auto),1,DSL,1,0,0,1,0,0,0,54.41,516.51,1,2,278.2,7,7.2,0
CUST-101863,4,0,0,0,Month-to-month,Mailed check,0,No,1,0,0,0,0,0,0,20.61,76.61,0,0,234.9,73,6.8,0
CUST-101864,72,1,0,1,Month-to-month,Electronic check,1,Fiber optic,1,1,0,1,0,1,1,100.2,6725.85,1,2,230.6,51,6.9,0
CUST-101865,47,0,0,0,Month-to-month,Mailed check,1,Fiber optic,1,0,1,1,1,0,0,97.36,4429.32,4,0,287.5,65,6.4,0
CUST-101866,7,0,0,0,Month-to-month,Bank transfer (auto),0,DSL,1,1,0,1,0,1,1,78.52,548.8,4,1,216.0,81,6.4,1
CUST-101867,44,0,0,0,Month-to-month,Electronic check,0,DSL,1,0,0,0,0,1,0,59.39,2589.04,2,0,391.2,24,6.5,0
CUST-101868,62,0,0,1,Month-to-month,Credit card (auto),1,Fiber optic,0,0,0,0,1,0,0,71.7,4385.25,3,0,180.7,84,8.1,0
CUST-101869,33,0,1,1,Two year,Bank transfer (auto),1,Fiber optic,0,0,0,0,0,0,0,63.48,1968.13,1,0,6.0,47,3.3,0
CUST-101870,1,0,1,0,Two year,Credit card (auto),1,Fiber optic,0,1,0,0,1,0,0,70.96,68.59,1,0,152.5,31,6.6,0
CUST-101871,20,1,1,0,Month-to-month,Electronic check,1,DSL,1,0,1,1,1,0,0,54.73,1019.58,3,0,315.8,42,6.6,1
CUST-101872,18,0,0,0,One year,Mailed check,0,DSL,0,0,0,0,1,1,1,64.67,1111.13,2,0,382.1,40,5.1,0
CUST-101873,18,1,0,0,One year,Electronic check,1,DSL,1,0,1,0,0,1,1,68.79,1211.94,1,3,377.2,13,6.7,1
CUST-101874,3,0,1,1,Two year,Electronic check,1,Fiber optic,0,0,1,1,1,0,1,102.02,286.89,1,4,319.8,8,7.4,0
CUST-101875,30,0,0,0,Month-to-month,Electronic check,0,Fiber optic,1,0,0,1,0,0,1,86.28,2559.05,6,2,191.4,47,7.1,1
CUST-101876,51,0,1,0,One year,Electronic check,1,DSL,1,0,0,0,0,0,1,57.84,2887.4,2,0,168.9,83,7.7,0
CUST-101877,2,1,1,0,Month-to-month,Bank transfer (auto),1,No,0,0,0,0,0,0,0,22.17,43.16,6,0,363.7,89,5.8,1
CUST-101878,8,0,0,0,Month-to-month,Electronic check,0,DSL,0,0,0,0,0,0,1,53.09,420.81,1,2,239.4,22,7.2,1
CUST-101879,0,0,0,1,Two year,Electronic check,1,No,0,0,0,0,0,0,0,18.0,16.95,4,1,159.5,78,5.0,0
CUST-101880,42,0,1,0,Month-to-month,Bank transfer (auto),1,Fiber optic,1,0,1,1,1,1,0,95.75,4003.49,0,2,271.2,59,6.4,0
CUST-101881,72,0,1,1,Month-to-month,Bank transfer (auto),1,Fiber optic,0,0,0,0,0,0,1,79.13,5420.37,4,2,77.0,17,5.4,0
CUST-101882,0,0,1,0,Month-to-month,Credit card (auto),0,DSL,1,0,1,1,0,0,1,76.04,72.39,2,0,108.7,43,7.3,1
CUST-101883,55,0,0,0,Two year,Bank transfer (auto),0,Fiber optic,0,0,0,0,1,0,0,69.01,3741.44,2,1,62.8,83,5.5,0
CUST-101884,14,0,1,0,Month-to-month,Electronic check,1,Fiber optic,1,1,0,0,1,0,0,88.17,1220.41,1,2,200.0,7,8.2,0
CUST-101885,69,0,0,0,Month-to-month,Bank transfer (auto),1,DSL,0,0,0,1,1,0,1,59.05,3982.0,8,0,266.6,10,5.3,1
CUST-101886,72,0,0,0,One year,Bank transfer (auto),0,DSL,0,1,0,0,1,1,1,61.34,4201.72,0,0,220.4,86,8.3,0
CUST-101887,39,0,1,0,Month-to-month,Electronic check,1,Fiber optic,1,1,1,1,1,1,1,111.07,4293.96,2,1,65.7,4,5.9,0
CUST-101888,3,0,1,1,Month-to-month,Electronic check,1,Fiber optic,1,0,0,0,0,0,0,91.68,270.3,1,1,210.4,67,6.9,1
CUST-101889,19,0,0,0,One year,Credit card (auto),0,Fiber optic,0,0,1,1,0,0,0,81.2,1473.44,2,0,131.7,23,8.3,1
CUST-101890,5,1,0,0,Two year,Electronic check,1,DSL,1,1,1,0,0,1,0,61.81,293.85,2,2,83.6,44,7.5,0
CUST-101891,72,0,0,0,One year,Electronic check,0,DSL,0,1,0,1,0,0,0,45.44,3144.81,2,0,81.6,19,7.2,0
CUST-101892,15,0,0,0,Month-to-month,Electronic check,1,Fiber optic,1,0,0,1,0,0,0,82.06,1219.3,3,2,280.3,19,4.8,1
CUST-101893,6,1,0,0,Month-to-month,Credit card (auto),1,DSL,1,1,1,1,0,0,0,72.16,427.02,0,2,213.3,56,6.4,1
CUST-101894,9,0,1,0,One year,Mailed check,0,DSL,1,0,0,1,1,0,1,65.25,542.29,0,0,272.4,31,7.6,0
CUST-101895,72,0,0,0,Month-to-month,Credit card (auto),0,DSL,1,0,0,0,0,0,0,54.56,3829.49,1,2,376.1,39,6.0,0
CUST-101896,3,0,1,0,One year,Credit card (auto),1,No,0,0,0,0,0,0,0,31.73,91.36,3,1,198.5,72,7.1,0
CUST-101897,32,0,0,0,Month-to-month,Bank transfer (auto),0,Fiber optic,0,0,1,0,0,1,0,82.89,2470.55,1,0,296.5,70,4.6,1
CUST-101898,53,0,0,1,Two year,Electronic check,0,Fiber optic,1,1,1,0,0,0,1,91.84,4481.75,2,2,153.3,68,5.2,0
CUST-101899,12,0,0,0,Month-to-month,Mailed check,1,Fiber optic,0,0,1,0,1,1,0,75.43,863.4,3,1,173.3,36,6.5,0
CUST-101900,26,0,0,1,Two year,Credit card (auto),0,Fiber optic,1,0,0,0,0,0,0,82.83,2021.93,2,0,214.5,11,5.2,0
CUST-101901,20,0,1,0,Month-to-month,Credit card (auto),0,DSL,0,1,1,0,0,0,0,57.35,1077.94,2,1,193.9,74,5.1,0
CUST-101902,15,1,1,1,One year,Credit card (auto),1,DSL,1,0,0,1,0,1,0,66.95,973.64,3,1,220.8,14,6.9,0
CUST-101903,12,0,1,1,Month-to-month,Credit card (auto),0,DSL,0,0,0,1,0,1,1,50.98,587.27,3,1,66.8,16,5.3,0
CUST-101904,2,0,0,0,Month-to-month,Bank transfer (auto),0,No,0,0,0,0,0,0,0,19.81,37.12,2,2,280.4,17,4.5,0
CUST-101905,8,0,1,0,Month-to-month,Mailed check,1,Fiber optic,0,1,0,0,0,1,1,86.98,690.11,5,0,131.8,33,4.9,1
CUST-101906,5,0,1,0,Month-to-month,Mailed check,1,No,1,0,0,0,0,0,0,19.2,92.18,3,2,187.9,58,4.8,1
CUST-101907,15,0,0,0,Month-to-month,Mailed check,0,No,0,0,0,0,0,0,0,20.79,289.59,6,1,207.5,42,7.0,0
CUST-101908,34,0,1,0,Month-to-month,Electronic check,1,DSL,1,0,1,0,0,0,0,64.02,2036.53,3,1,306.3,13,4.3,1
CUST-101909,7,1,1,0,Two year,Electronic check,1,Fiber optic,0,0,0,0,0,0,0,66.15,461.96,0,1,257.0,22,7.7,1
CUST-101910,8,0,1,1,Two year,Electronic check,0,Fiber optic,0,0,0,0,0,0,0,76.36,585.3,3,0,151.0,50,7.7,0
CUST-101911,9,0,1,0,One year,Electronic check,0,Fiber optic,0,0,1,0,0,0,1,79.16,697.64,0,5,5.0,67,5.7,1
CUST-101912,38,0,1,1,Month-to-month,Electronic check,1,No,0,0,0,0,0,0,0,20.58,781.88,7,2,245.4,16,2.6,1
CUST-101913,48,0,0,0,Month-to-month,Bank transfer (auto),1,Fiber optic,0,0,0,1,0,1,0,84.9,3856.56,2,1,305.2,67,7.9,0
CUST-101914,4,0,1,0,Month-to-month,Bank transfer (auto),0,Fiber optic,0,1,0,1,0,0,0,74.9,276.35,2,1,107.5,59,6.5,1
CUST-101915,56,0,1,0,Month-to-month,Bank transfer (auto),0,DSL,0,0,1,1,0,1,1,55.24,2993.51,4,1,226.2,50,5.8,0
CUST-101916,37,0,0,0,One year,Bank transfer (auto),1,No,1,0,0,0,0,0,0,26.41,900.82,1,0,227.2,21,5.5,0
CUST-101917,2,0,1,0,Two year,Mailed check,1,DSL,0,0,0,0,0,0,0,46.97,89.38,1,0,290.2,43,6.9,1
CUST-101918,27,0,0,0,Month-to-month,Mailed check,1,Fiber optic,1,0,0,0,0,1,1,89.1,2250.7,2,1,138.0,66,5.1,0
CUST-101919,21,0,0,0,Month-to-month,Mailed check,1,No,0,0,0,0,0,0,0,21.89,454.75,5,0,262.2,43,2.6,1
CUST-101920,18,0,1,0,Month-to-month,Electronic check,1,DSL,1,0,0,0,0,0,1,53.03,884.38,3,1,157.8,79,4.1,1
CUST-101921,2,0,1,1,Month-to-month,Bank transfer (auto),0,Fiber optic,0,1,0,0,1,1,0,86.35,170.97,3,0,98.5,50,4.4,0
CUST-101922,25,0,1,0,Month-to-month,Bank transfer (auto),1,Fiber optic,1,1,1,0,0,1,1,95.37,2274.29,6,3,121.1,79,4.8,1
CUST-101923,19,0,1,1,Month-to-month,Electronic check,0,Fiber optic,1,1,0,0,0,1,0,96.16,1749.84,1,1,184.1,23,5.9,0
CUST-101924,8,0,0,0,Month-to-month,Credit card (auto),0,DSL,0,1,0,0,0,0,0,54.84,404.45,1,0,235.0,56,8.9,0
CUST-101925,14,0,1,0,Month-to-month,Electronic check,0,DSL,0,1,0,0,1,0,0,57.12,781.73,1,1,204.7,33,7.9,0
CUST-101926,35,0,1,0,One year,Mailed check,1,Fiber optic,1,0,1,0,1,0,0,85.91,2935.4,4,1,153.3,39,6.3,0
CUST-101927,1,0,1,1,Two year,Credit card (auto),0,Fiber optic,0,0,0,0,0,1,1,76.86,74.78,1,0,157.0,9,9.1,0
CUST-101928,13,0,0,0,Month-to-month,Bank transfer (auto),1,No,0,0,0,0,0,0,0,18.64,226.33,6,1,70.2,54,3.0,0
CUST-101929,44,0,0,0,Month-to-month,Bank transfer (auto),1,Fiber optic,1,0,0,0,0,0,0,79.65,3347.3,4,1,18.5,66,8.3,0
CUST-101930,13,0,1,1,Month-to-month,Bank transfer (auto),0,Fiber optic,0,1,0,1,0,1,0,89.37,1145.61,1,1,78.8,51,5.6,0
CUST-101931,47,1,0,1,One year,Electronic check,0,DSL,1,1,1,0,0,0,1,57.7,2496.03,3,1,57.9,76,7.7,0
CUST-101932,4,0,0,1,Month-to-month,Bank transfer (auto),0,No,0,0,0,0,0,0,0,18.0,70.61,3,1,326.6,5,4.0,1
CUST-101933,35,1,1,1,One year,Bank transfer (auto),1,DSL,0,0,0,0,0,0,0,52.48,1800.26,1,1,221.2,22,6.9,0
CUST-101934,67,1,1,0,Month-to-month,Electronic check,0,No,0,0,0,0,0,0,0,18.0,1199.89,5,3,255.0,23,6.5,0
CUST-101935,4,0,1,1,Two year,Electronic check,1,No,0,0,0,0,0,0,0,18.0,69.52,3,1,210.7,80,6.7,0
CUST-101936,42,0,1,0,Month-to-month,Credit card (auto),0,No,0,0,0,0,0,0,0,26.41,1049.08,3,0,131.9,34,6.3,0
CUST-101937,7,0,1,1,Month-to-month,Electronic check,1,DSL,1,0,1,1,1,0,0,69.51,450.2,3,2,151.2,57,8.6,1
CUST-101938,3,0,0,0,Month-to-month,Credit card (auto),0,DSL,0,0,0,0,0,1,1,55.33,164.13,1,3,13.7,34,4.5,1
CUST-101939,2,0,1,0,Month-to-month,Electronic check,0,Fiber optic,1,1,0,1,1,0,1,99.66,192.08,1,1,124.6,25,7.3,1
CUST-101940,12,0,1,0,Month-to-month,Mailed check,1,Fiber optic,0,0,0,0,0,0,0,68.29,774.24,4,0,112.9,73,4.2,1
CUST-101941,0,0,1,1,Two year,Bank transfer (auto),0,Fiber optic,0,0,0,0,0,0,0,70.21,69.37,0,3,16.4,78,6.3,0
CUST-101942,7,0,0,0,One year,Bank transfer (auto),0,Fiber optic,0,0,0,0,0,0,0,70.56,482.29,3,0,235.3,1,4.9,1
CUST-101943,13,0,0,1,Two year,Mailed check,1,Fiber optic,0,0,0,0,0,0,0,68.05,820.18,5,0,158.3,44,5.3,0
CUST-101944,14,0,1,0,Two year,Mailed check,1,DSL,0,0,0,0,0,0,1,47.51,646.37,1,0,286.5,35,5.8,0
CUST-101945,6,1,1,0,Month-to-month,Mailed check,1,DSL,0,0,1,1,0,0,1,53.23,315.27,1,0,282.6,38,5.9,0
CUST-101946,9,0,1,0,Two year,Bank transfer (auto),1,Fiber optic,1,0,1,1,1,1,0,93.0,787.1,3,1,349.4,81,6.0,0
CUST-101947,5,0,1,0,One year,Mailed check,1,DSL,1,0,1,1,1,1,0,68.37,320.48,2,0,283.9,48,7.6,0
CUST-101948,7,1,1,0,Month-to-month,Bank transfer (auto),0,Fiber optic,0,0,0,0,0,0,0,58.79,409.86,1,0,208.8,6,6.2,1
CUST-101949,29,0,0,1,One year,Mailed check,1,No,0,0,0,0,0,0,0,23.61,668.94,1,0,170.9,79,6.2,0
CUST-101950,13,0,1,0,Two year,Electronic check,1,No,0,0,0,0,0,0,0,21.6,278.26,3,1,132.4,3,5.0,0
CUST-101951,33,0,1,0,One year,Electronic check,0,Fiber optic,0,1,1,0,0,0,0,87.9,2752.09,1,1,290.5,28,6.5,0
CUST-101952,7,0,0,0,One year,Electronic check,0,Fiber optic,0,0,0,0,0,1,0,66.59,463.13,3,2,92.0,47,2.6,0
CUST-101953,1,1,0,1,Month-to-month,Bank transfer (auto),1,No,1,0,0,0,0,0,0,21.92,21.2,5,0,177.4,51,4.7,1
CUST-101954,19,0,1,0,Two year,Credit card (auto),0,Fiber optic,1,0,1,0,0,1,1,97.11,1779.92,0,0,188.6,65,7.8,0
CUST-101955,30,0,1,1,Month-to-month,Electronic check,1,No,0,0,0,0,0,0,0,18.0,508.11,3,5,182.5,45,2.8,0
CUST-101956,2,0,0,0,One year,Electronic check,0,DSL,1,1,0,0,0,1,0,61.71,113.79,1,1,30.5,4,7.1,0
CUST-101957,27,0,0,1,One year,Credit card (auto),1,Fiber optic,0,0,0,0,1,0,1,77.52,2013.82,2,0,177.6,80,8.7,0
CUST-101958,3,0,0,0,Month-to-month,Mailed check,1,DSL,0,0,0,0,1,0,0,58.68,175.76,2,3,158.5,39,6.3,0
CUST-101959,9,0,1,1,Month-to-month,Mailed check,0,DSL,0,0,1,0,0,0,0,49.18,421.1,1,1,283.6,17,6.4,1
CUST-101960,20,0,1,1,One year,Bank transfer (auto),1,Fiber optic,1,0,0,0,1,0,0,82.16,1635.23,0,1,280.0,56,8.7,0
CUST-101961,2,0,0,1,Month-to-month,Mailed check,1,DSL,1,0,0,0,0,0,1,58.81,108.83,3,0,105.5,61,6.3,1
CUST-101962,23,0,1,0,Month-to-month,Mailed check,1,DSL,1,0,0,0,0,1,1,56.82,1225.82,2,1,275.9,21,7.8,0
CUST-101963,18,1,0,1,Month-to-month,Credit card (auto),1,Fiber optic,0,0,0,0,0,0,1,71.43,1212.06,3,1,117.0,59,5.2,1
CUST-101964,26,0,0,0,One year,Bank transfer (auto),0,Fiber optic,0,0,0,1,0,1,0,72.39,1787.27,4,2,135.0,18,7.4,0
CUST-101965,2,0,0,0,Month-to-month,Bank transfer (auto),1,Fiber optic,1,0,0,0,0,0,0,81.88,157.95,3,0,187.0,8,6.1,1
CUST-101966,7,0,1,0,Month-to-month,Electronic check,1,No,1,0,0,0,0,0,0,32.14,222.07,2,0,233.5,55,7.4,1
CUST-101967,40,0,1,0,Two year,Electronic check,0,Fiber optic,1,0,0,1,1,1,1,90.92,3511.99,0,1,76.0,55,7.5,0
CUST-101968,1,0,0,0,Month-to-month,Credit card (auto),1,No,1,0,0,0,0,0,0,26.45,24.6,3,0,226.4,67,7.6,1
CUST-101969,42,1,1,0,Two year,Credit card (auto),1,DSL,0,0,0,1,0,1,1,59.45,2304.1,2,0,155.7,65,8.8,0
CUST-101970,31,0,1,0,Month-to-month,Credit card (auto),1,DSL,0,0,1,0,1,0,1,50.18,1517.55,1,0,125.0,24,6.9,0
CUST-101971,2,1,1,0,Month-to-month,Electronic check,0,DSL,0,1,0,0,0,0,0,52.7,103.0,3,0,80.2,60,5.3,1
CUST-101972,4,1,1,0,One year,Credit card (auto),1,Fiber optic,1,0,0,1,1,0,0,80.57,296.62,1,0,211.5,73,4.8,0
CUST-101973,36,0,1,1,Month-to-month,Electronic check,0,DSL,0,0,0,0,1,1,1,48.34,1613.1,2,4,257.4,34,6.0,0
CUST-101974,16,0,0,0,Two year,Bank transfer (auto),0,Fiber optic,0,0,0,1,0,1,0,79.35,1257.7,4,0,48.9,68,5.8,0
CUST-101975,13,0,0,0,Month-to-month,Bank transfer (auto),1,Fiber optic,1,0,1,0,0,0,1,90.62,1139.3,3,1,80.5,54,7.8,1
CUST-101976,7,0,1,0,Two year,Mailed check,0,No,0,0,0,0,0,0,0,25.39,170.11,2,1,93.4,74,6.8,0
CUST-101977,14,0,1,1,Month-to-month,Mailed check,0,No,0,0,0,0,0,0,0,22.76,295.48,3,0,219.4,3,3.6,0
CUST-101978,11,0,1,0,Two year,Bank transfer (auto),0,DSL,1,0,0,0,0,0,0,48.9,506.95,4,2,223.1,44,4.6,0
CUST-101979,13,1,1,0,Month-to-month,Credit card (auto),0,DSL,1,1,0,0,0,0,1,73.09,928.86,3,0,192.8,22,5.9,1
CUST-101980,43,0,1,1,One year,Electronic check,1,Fiber optic,1,0,1,0,0,1,0,87.38,3628.12,3,1,48.7,45,5.8,1
CUST-101981,1,0,1,1,Month-to-month,Electronic check,1,No,0,0,0,0,0,0,0,18.0,17.34,3,2,169.6,36,6.4,0
CUST-101982,52,0,1,0,Two year,Bank transfer (auto),0,DSL,0,0,1,1,0,0,1,64.3,3288.93,2,1,20.7,25,5.6,0
CUST-101983,8,0,0,1,Month-to-month,Electronic check,1,Fiber optic,1,0,0,1,0,1,1,93.24,729.77,5,2,198.7,37,6.0,1
CUST-101984,8,0,1,1,Month-to-month,Electronic check,1,DSL,0,1,0,1,1,1,1,79.69,601.04,3,2,252.5,72,8.1,0
CUST-101985,27,0,1,0,One year,Electronic check,1,DSL,0,0,1,0,0,0,0,58.78,1577.36,1,0,5.0,27,5.7,0
CUST-101986,47,0,0,0,Month-to-month,Electronic check,1,DSL,1,0,1,1,1,0,0,64.12,2917.68,2,1,33.1,81,9.9,1
CUST-101987,20,1,0,0,One year,Mailed check,0,No,0,0,0,0,0,0,0,18.0,334.91,2,1,111.6,82,7.3,1
CUST-101988,7,0,1,1,One year,Credit card (auto),1,Fiber optic,0,0,0,1,0,1,1,80.51,541.55,5,0,122.5,3,4.9,1
CUST-101989,3,1,1,0,Month-to-month,Credit card (auto),0,Fiber optic,1,1,0,0,0,0,1,73.11,209.22,2,0,178.5,73,5.7,0
CUST-101990,13,0,0,0,One year,Bank transfer (auto),1,Fiber optic,0,0,0,1,0,1,0,79.21,1013.7,1,0,323.6,76,8.0,0
CUST-101991,2,0,0,1,Month-to-month,Electronic check,0,Fiber optic,0,0,1,1,1,0,1,93.89,186.72,2,0,188.3,70,8.7,0
CUST-101992,46,0,0,1,One year,Bank transfer (auto),1,DSL,1,0,1,1,1,0,1,71.15,3067.46,3,0,84.7,59,6.8,0
CUST-101993,8,0,0,0,Month-to-month,Mailed check,1,No,1,0,0,0,0,0,0,30.87,241.5,6,2,5.0,66,6.3,1
CUST-101994,31,1,1,1,Month-to-month,Credit card (auto),1,DSL,0,1,1,0,0,0,0,58.63,1750.46,6,0,283.8,45,7.6,0
CUST-101995,39,0,1,1,Two year,Mailed check,1,No,0,0,0,0,0,0,0,28.96,1120.6,0,0,146.2,37,9.1,0
CUST-101996,21,0,1,1,Two year,Bank transfer (auto),1,No,1,0,0,0,0,0,0,28.99,563.73,2,0,263.1,84,8.4,0
CUST-101997,32,0,0,1,Two year,Electronic check,0,Fiber optic,0,1,0,1,0,0,0,77.69,2428.14,1,1,191.3,38,6.6,0
CUST-101998,20,0,0,0,One year,Credit card (auto),0,Fiber optic,1,0,0,0,0,0,1,79.08,1577.65,1,2,156.7,11,5.9,0
CUST-101999,10,0,0,1,Month-to-month,Credit card (auto),0,No,0,0,0,0,0,0,0,29.62,286.16,1,1,124.7,44,6.1,0
CUST-102000,30,0,1,0,Month-to-month,Mailed check,1,DSL,1,1,0,0,0,1,0,58.45,1656.2,4,0,219.3,42,5.5,0
CUST-102001,28,1,1,1,Month-to-month,Credit card (auto),1,Fiber optic,0,0,0,1,0,0,0,85.61,2331.99,1,1,261.2,53,5.9,0
CUST-102002,4,0,0,1,One year,Electronic check,1,DSL,0,0,1,1,1,0,1,61.02,225.01,0,0,266.8,66,5.8,0
CUST-102003,34,0,1,1,Month-to-month,Electronic check,1,Fiber optic,0,0,0,1,1,0,1,78.48,2573.01,4,1,220.0,54,8.7,0
CUST-102004,11,0,0,1,Two year,Bank transfer (auto),1,Fiber optic,1,0,1,1,1,0,0,94.07,984.27,3,0,174.3,5,5.7,0
CUST-102005,64,0,0,1,Month-to-month,Bank transfer (auto),1,DSL,0,0,1,1,0,0,0,55.47,3298.65,5,0,250.7,52,5.1,0
CUST-102006,44,1,1,0,Month-to-month,Electronic check,0,DSL,1,0,0,0,0,0,0,43.05,1880.68,2,4,112.0,7,5.4,0
CUST-102007,17,0,0,0,Two year,Electronic check,1,Fiber optic,0,0,1,0,0,1,0,83.19,1354.97,3,1,264.1,64,5.8,0
CUST-102008,22,0,1,0,Month-to-month,Electronic check,1,No,0,0,0,0,0,0,0,18.0,392.19,0,3,83.4,17,6.1,0
CUST-102009,3,0,0,1,Month-to-month,Electronic check,0,Fiber optic,1,0,0,0,0,1,0,93.38,263.51,4,2,246.4,54,5.8,1
CUST-102010,16,1,1,0,Month-to-month,Mailed check,0,Fiber optic,1,1,1,0,1,0,0,82.98,1254.71,0,1,261.7,20,8.0,0
CUST-102011,14,0,0,0,Two year,Electronic check,0,No,0,0,0,0,0,0,0,21.77,304.42,2,0,195.6,76,7.0,0
CUST-102012,11,1,0,0,Month-to-month,Mailed check,1,No,0,0,0,0,0,0,0,23.25,246.6,2,1,201.3,77,5.6,1
CUST-102013,15,0,0,0,Month-to-month,Bank transfer (auto),0,Fiber optic,1,0,1,1,0,0,0,92.78,1322.22,1,1,200.2,21,5.9,0
CUST-102014,72,1,1,0,Month-to-month,Bank transfer (auto),0,Fiber optic,0,1,1,0,0,0,0,70.39,4966.78,4,1,150.9,19,7.6,0
CUST-102015,4,0,1,1,One year,Credit card (auto),1,Fiber optic,0,0,1,0,0,1,0,82.13,303.73,1,2,121.9,84,7.1,0
CUST-102016,2,0,1,1,Month-to-month,Electronic check,1,DSL,1,0,1,1,0,0,0,55.58,109.1,4,0,212.9,83,6.7,1
CUST-102017,14,0,0,0,One year,Electronic check,1,No,0,0,0,0,0,0,0,21.5,280.55,2,0,178.4,43,6.6,0
CUST-102018,10,0,0,1,Month-to-month,Electronic check,0,DSL,1,0,0,0,0,0,1,45.88,422.82,4,2,201.4,79,4.9,1
CUST-102019,25,1,0,0,Two year,Electronic check,1,Fiber optic,0,1,0,1,0,0,0,82.14,2052.5,2,1,232.6,80,8.3,0
CUST-102020,7,1,1,0,One year,Mailed check,0,No,0,0,0,0,0,0,0,27.84,182.43,2,1,265.2,32,7.3,0
CUST-102021,47,0,0,0,One year,Electronic check,1,Fiber optic,0,0,1,1,1,1,0,86.3,4023.15,1,1,150.5,30,9.0,0
CUST-102022,39,1,0,1,Month-to-month,Bank transfer (auto),1,DSL,0,0,0,1,1,0,0,54.56,2043.33,2,3,115.2,58,5.4,0
CUST-102023,5,0,1,0,Month-to-month,Credit card (auto),1,DSL,1,1,0,0,0,0,1,65.71,306.59,2,0,175.6,6,7.1,1
CUST-102024,3,0,1,0,Month-to-month,Electronic check,1,Fiber optic,1,0,0,1,0,1,1,93.54,269.87,5,1,162.7,77,5.6,1
CUST-102025,27,0,0,0,Month-to-month,Electronic check,0,DSL,0,1,1,1,0,1,1,57.91,1462.75,3,0,43.6,31,6.6,0
CUST-102026,1,0,0,0,Month-to-month,Bank transfer (auto),1,DSL,0,0,0,1,0,1,0,46.68,43.23,2,1,148.8,71,7.7,0
CUST-102027,7,0,0,0,Month-to-month,Credit card (auto),1,Fiber optic,0,0,1,0,0,0,0,72.07,476.49,3,1,114.6,85,4.0,1
CUST-102028,48,0,1,0,Month-to-month,Electronic check,0,Fiber optic,0,1,0,0,0,1,0,79.69,3667.35,1,2,150.6,38,3.2,0
CUST-102029,3,0,0,1,Month-to-month,Bank transfer (auto),1,Fiber optic,0,0,0,1,0,1,0,76.16,222.37,4,0,205.5,42,7.3,0
CUST-102030,21,0,1,0,Month-to-month,Electronic check,1,DSL,1,0,0,0,0,1,1,62.58,1244.85,2,4,5.0,17,5.6,1
CUST-102031,15,0,0,0,Month-to-month,Bank transfer (auto),1,Fiber optic,1,0,1,1,0,1,1,102.05,1444.2,3,1,196.2,66,7.3,0
CUST-102032,72,0,1,0,One year,Bank transfer (auto),0,Fiber optic,0,0,0,0,0,0,1,72.33,4976.08,1,1,250.0,27,6.5,0
CUST-102033,11,0,1,0,Month-to-month,Electronic check,1,Fiber optic,1,1,0,0,0,0,0,75.88,797.77,3,1,217.5,57,4.7,1
CUST-102034,41,0,0,1,One year,Electronic check,1,No,1,0,0,0,0,0,0,30.99,1253.05,1,1,109.2,48,6.6,0
CUST-102035,57,0,0,0,Month-to-month,Bank transfer (auto),0,DSL,0,0,0,1,1,0,1,65.86,3485.08,1,0,344.3,12,7.0,0
CUST-102036,4,0,0,0,Two year,Bank transfer (auto),1,Fiber optic,1,1,0,0,1,0,0,88.72,329.03,4,0,84.2,87,5.9,1
CUST-102037,16,0,1,1,Month-to-month,Credit card (auto),1,DSL,0,1,0,0,0,1,0,51.2,787.61,2,0,196.9,82,8.9,0
CUST-102038,18,0,1,1,Month-to-month,Mailed check,1,DSL,0,0,0,0,0,1,0,48.45,843.21,1,0,339.3,80,7.6,0
CUST-102039,15,0,1,0,One year,Credit card (auto),1,Fiber optic,0,1,1,1,0,1,0,85.12,1204.77,0,0,137.7,40,6.5,0
CUST-102040,42,0,0,0,Month-to-month,Bank transfer (auto),0,Fiber optic,1,0,0,0,1,0,0,84.24,3315.73,3,0,159.3,30,6.1,0
CUST-102041,1,1,0,1,Month-to-month,Bank transfer (auto),1,Fiber optic,0,1,0,0,0,1,0,66.35,65.61,5,0,191.3,85,7.1,1
CUST-102042,6,0,1,0,Month-to-month,Electronic check,0,No,1,0,0,0,0,0,0,28.58,160.64,2,2,231.5,58,5.6,0
CUST-102043,5,1,1,1,Two year,Electronic check,1,No,1,0,0,0,0,0,0,26.95,130.95,0,1,410.8,21,7.5,0
CUST-102044,2,1,1,0,Two year,Bank transfer (auto),0,DSL,1,1,1,1,0,0,0,71.9,140.42,1,0,206.6,26,8.5,0
CUST-102045,6,0,1,1,Month-to-month,Electronic check,1,Fiber optic,0,1,0,0,1,0,0,70.48,408.77,0,3,180.7,3,9.8,0
CUST-102046,9,0,1,0,Two year,Electronic check,1,Fiber optic,1,0,0,1,1,0,0,80.1,686.28,2,1,219.2,26,5.9,0
CUST-102047,9,0,1,0,Month-to-month,Electronic check,1,Fiber optic,1,1,0,0,0,1,0,89.12,790.7,2,2,14.7,55,7.5,1
CUST-102048,1,0,1,1,Month-to-month,Credit card (auto),0,Fiber optic,0,0,0,0,0,1,1,86.81,82.89,3,0,286.9,20,6.3,0
CUST-102049,17,0,1,1,Month-to-month,Bank transfer (auto),0,No,0,0,0,0,0,0,0,19.13,301.5,7,0,382.1,70,5.1,0
CUST-102050,4,1,1,0,Month-to-month,Credit card (auto),1,Fiber optic,1,1,0,0,1,0,0,85.61,315.26,3,1,390.4,2,6.9,1
CUST-102051,13,0,1,0,Two year,Credit card (auto),0,No,0,0,0,0,0,0,0,18.0,232.52,1,1,214.1,29,7.3,0
CUST-102052,16,0,0,1,Two year,Bank transfer (auto),0,Fiber optic,1,0,0,0,0,0,0,78.23,1234.35,4,0,99.9,4,8.4,1
CUST-102053,22,0,1,0,Two year,Mailed check,0,No,0,0,0,0,0,0,0,18.0,392.23,3,1,131.7,55,6.2,1
CUST-102054,11,0,1,0,One year,Mailed check,1,Fiber optic,0,0,0,1,0,0,1,71.03,734.74,1,1,175.0,48,8.1,1
CUST-102055,2,0,0,0,Month-to-month,Bank transfer (auto),1,DSL,0,0,0,0,0,1,0,52.74,99.29,1,0,152.8,17,6.4,1
CUST-102056,0,1,1,0,One year,Credit card (auto),0,Fiber optic,0,0,0,1,0,1,0,73.77,71.37,4,0,130.7,18,6.2,0
CUST-102057,12,0,0,1,Month-to-month,Credit card (auto),1,Fiber optic,0,1,0,1,0,0,0,83.0,987.75,1,0,119.9,52,4.5,1
CUST-102058,38,0,0,0,Two year,Mailed check,0,DSL,0,0,1,1,0,0,1,58.12,2189.27,0,1,110.0,29,3.8,0
CUST-102059,72,0,0,0,Month-to-month,Credit card (auto),1,Fiber optic,1,0,0,1,0,0,0,88.37,6019.03,3,1,59.5,16,9.1,0
CUST-102060,31,0,1,0,Two year,Mailed check,0,No,1,0,0,0,0,0,0,21.5,659.39,0,0,214.0,35,8.6,0
CUST-102061,11,0,1,0,One year,Mailed check,1,No,1,0,0,0,0,0,0,32.78,342.92,2,1,290.6,2,5.3,0
CUST-102062,64,0,1,0,Month-to-month,Electronic check,0,Fiber optic,0,0,0,0,1,0,0,74.55,4458.2,2,1,222.6,17,7.3,0
CUST-102063,58,0,0,0,Month-to-month,Electronic check,0,Fiber optic,0,1,0,0,0,0,1,70.13,3792.22,3,1,328.1,22,7.2,0
CUST-102064,35,0,1,1,Month-to-month,Electronic check,1,No,0,0,0,0,0,0,0,18.0,609.0,1,1,273.1,73,7.5,1
CUST-102065,59,1,0,1,Month-to-month,Bank transfer (auto),1,No,1,0,0,0,0,0,0,23.86,1303.54,0,4,261.1,44,3.1,1
CUST-102066,33,0,0,1,Two year,Electronic check,1,DSL,0,0,1,1,0,0,0,56.36,1794.56,4,2,70.8,58,3.8,0
CUST-102067,18,0,0,0,Month-to-month,Credit card (auto),0,DSL,0,1,0,1,1,0,0,52.77,875.46,4,0,98.9,70,6.0,0
CUST-102068,37,0,1,1,Month-to-month,Electronic check,1,DSL,1,0,0,0,0,0,1,50.1,1739.13,4,1,140.0,80,4.5,1
CUST-102069,24,1,0,0,Month-to-month,Electronic check,1,Fiber optic,1,0,1,0,0,1,0,84.57,2011.23,2,0,155.6,36,6.0,1
CUST-102070,55,0,1,0,Month-to-month,Mailed check,1,No,0,0,0,0,0,0,0,25.54,1394.01,1,0,79.1,61,5.4,0
CUST-102071,6,0,1,0,Month-to-month,Electronic check,0,DSL,1,0,0,0,0,1,1,62.75,367.15,4,2,308.6,30,6.4,0
CUST-102072,4,0,0,0,Two year,Electronic check,1,Fiber optic,0,0,1,1,0,0,1,81.77,303.4,3,0,311.2,79,6.4,1
CUST-102073,15,0,1,0,One year,Electronic check,0,DSL,0,1,1,0,0,1,1,66.51,990.46,3,1,104.0,55,5.2,0
CUST-102074,3,0,0,0,Two year,Mailed check,0,DSL,1,0,0,0,0,0,1,51.66,145.83,0,0,155.4,2,6.8,0
CUST-102075,15,0,0,1,Month-to-month,Electronic check,0,Fiber optic,1,1,0,0,1,1,1,106.73,1482.89,4,0,98.4,82,6.6,0
CUST-102076,27,0,0,1,Month-to-month,Bank transfer (auto),0,Fiber optic,0,0,0,0,1,1,1,93.47,2392.18,5,1,107.1,74,7.6,0
CUST-102077,46,0,1,0,Month-to-month,Electronic check,1,DSL,0,0,0,1,0,0,0,46.66,2002.4,2,2,280.9,88,5.3,0
CUST-102078,72,0,1,1,Month-to-month,Electronic check,1,DSL,0,0,1,0,0,1,0,54.51,3832.35,4,1,97.6,44,6.0,0
CUST-102079,9,0,1,1,Month-to-month,Electronic check,1,Fiber optic,1,0,1,0,0,0,1,86.28,734.59,4,1,199.3,25,4.4,1
CUST-102080,12,0,1,0,Month-to-month,Electronic check,1,No,0,0,0,0,0,0,0,18.0,209.05,2,0,5.0,89,4.7,0
CUST-102081,11,0,0,1,One year,Credit card (auto),1,No,0,0,0,0,0,0,0,25.42,278.85,2,0,336.0,57,8.9,0
CUST-102082,1,0,1,1,Month-to-month,Mailed check,0,Fiber optic,0,0,1,0,0,0,1,70.14,67.01,1,0,187.4,86,5.8,1
CUST-102083,4,0,0,0,One year,Bank transfer (auto),1,No,0,0,0,0,0,0,0,18.0,68.05,2,1,258.2,89,4.5,1
CUST-102084,3,0,0,0,One year,Credit card (auto),0,Fiber optic,0,0,1,1,1,0,1,90.96,264.01,2,0,206.9,89,7.3,0
CUST-102085,20,0,1,0,One year,Electronic check,1,DSL,0,0,0,1,1,0,0,63.24,1225.48,0,0,208.9,59,6.4,0
CUST-102086,13,0,0,1,Month-to-month,Credit card (auto),1,Fiber optic,0,0,1,1,0,0,0,87.06,1092.34,3,1,108.3,78,6.4,1
CUST-102087,67,1,0,0,One year,Bank transfer (auto),1,No,1,0,0,0,0,0,0,23.77,1478.35,2,1,82.6,5,4.7,0
CUST-102088,1,1,0,0,Month-to-month,Bank transfer (auto),1,Fiber optic,0,1,0,0,0,1,1,78.67,72.49,2,1,5.0,0,8.2,0
CUST-102089,8,0,0,0,Month-to-month,Credit card (auto),0,No,0,0,0,0,0,0,0,18.0,142.45,4,1,344.6,59,5.0,1
CUST-102090,12,0,1,0,Month-to-month,Electronic check,0,Fiber optic,1,0,0,0,1,0,0,90.96,1021.0,1,1,300.9,0,6.7,0
CUST-102091,22,0,0,0,Month-to-month,Bank transfer (auto),1,No,1,0,0,0,0,0,0,30.3,615.37,5,0,294.5,10,6.8,0
CUST-102092,6,0,1,1,Month-to-month,Mailed check,0,Fiber optic,0,0,0,1,1,1,1,104.95,608.3,2,0,150.3,2,8.0,1
CUST-102093,9,0,0,0,One year,Bank transfer (auto),1,No,1,0,0,0,0,0,0,31.66,265.65,4,1,245.8,75,6.0,0
CUST-102094,6,1,1,1,One year,Electronic check,1,No,1,0,0,0,0,0,0,37.97,227.06,4,0,119.2,27,8.1,0
CUST-102095,28,1,1,0,Month-to-month,Electronic check,1,DSL,0,1,1,1,1,1,0,66.81,1823.73,4,1,288.6,50,6.7,0
CUST-102096,6,0,1,0,Month-to-month,Credit card (auto),1,Fiber optic,1,0,0,0,0,0,1,77.43,464.46,3,0,169.5,41,4.0,1
CUST-102097,30,0,1,0,Month-to-month,Mailed check,0,DSL,1,0,0,0,0,0,0,67.28,1988.87,1,2,142.2,77,6.4,0
CUST-102098,30,0,1,0,Two year,Electronic check,0,No,1,0,0,0,0,0,0,19.94,565.6,1,2,98.8,0,6.3,0
CUST-102099,18,0,1,1,Month-to-month,Electronic check,0,Fiber optic,1,0,1,0,0,1,0,88.52,1553.39,5,2,164.8,65,3.3,1
CUST-102100,9,0,1,1,Month-to-month,Bank transfer (auto),1,DSL,1,1,0,1,0,0,0,62.59,537.55,1,1,84.2,31,7.7,1
CUST-102101,3,1,0,0,Month-to-month,Electronic check,1,Fiber optic,1,0,0,0,0,0,1,78.82,222.02,2,0,40.9,23,4.7,1
CUST-102102,14,1,0,1,One year,Electronic check,1,DSL,0,0,0,1,0,1,1,60.53,816.56,1,1,139.1,27,6.3,1
CUST-102103,27,0,1,1,Month-to-month,Credit card (auto),1,Fiber optic,1,0,1,1,1,0,0,90.47,2430.01,0,0,211.5,70,6.4,0
CUST-102104,72,0,0,0,Month-to-month,Electronic check,1,DSL,1,0,0,1,0,1,1,61.16,4054.32,3,1,149.3,47,7.0,0
CUST-102105,9,0,0,0,Month-to-month,Electronic check,1,No,1,0,0,0,0,0,0,20.14,180.14,5,1,100.3,54,3.1,1
CUST-102106,3,0,1,1,One year,Bank transfer (auto),1,Fiber optic,0,0,1,1,1,0,1,90.51,255.32,3,0,460.0,15,7.0,0
CUST-102107,2,0,0,1,Month-to-month,Electronic check,1,No,0,0,0,0,0,0,0,18.0,33.37,5,2,141.3,55,6.6,1
CUST-102108,53,0,0,0,Two year,Electronic check,1,DSL,1,0,0,1,0,0,1,58.73,3111.25,6,3,295.1,2,2.9,0
CUST-102109,16,0,1,0,Two year,Bank transfer (auto),0,Fiber optic,1,1,0,0,0,1,0,81.91,1217.15,1,0,5.0,77,7.3,0
CUST-102110,8,0,0,0,Month-to-month,Bank transfer (auto),0,No,0,0,0,0,0,0,0,18.0,143.64,3,1,5.0,57,3.8,1
CUST-102111,14,0,0,0,Two year,Mailed check,0,Fiber optic,0,0,1,1,0,0,0,77.96,1056.68,0,0,311.9,38,6.0,0
CUST-102112,10,0,0,0,Two year,Credit card (auto),0,DSL,1,0,0,0,0,1,0,49.89,493.12,1,2,204.7,17,5.1,0
CUST-102113,13,0,0,0,Month-to-month,Credit card (auto),0,No,1,0,0,0,0,0,0,25.97,327.73,2,2,261.5,82,8.7,0
CUST-102114,23,0,0,0,One year,Bank transfer (auto),0,DSL,1,0,0,0,0,0,1,60.79,1290.13,2,1,232.7,41,5.1,0
CUST-102115,6,0,1,0,Month-to-month,Bank transfer (auto),0,DSL,0,1,0,0,0,0,0,53.0,311.89,7,0,38.2,42,4.0,1
CUST-102116,32,0,0,0,Month-to-month,Credit card (auto),0,Fiber optic,0,1,0,0,0,0,1,75.84,2375.2,5,0,203.5,25,5.9,0
CUST-102117,38,0,0,0,Month-to-month,Electronic check,1,Fiber optic,1,0,0,0,0,0,0,73.45,2606.09,5,2,278.4,6,4.1,0
CUST-102118,3,0,1,0,Two year,Mailed check,1,Fiber optic,1,1,0,0,0,0,0,89.47,248.85,3,0,22.4,27,7.7,0
CUST-102119,4,0,0,1,Two year,Electronic check,1,DSL,0,0,0,0,0,0,0,47.28,179.75,1,1,142.2,57,6.7,0
CUST-102120,14,0,0,1,Month-to-month,Electronic check,1,DSL,0,0,0,1,0,0,0,52.43,676.72,4,1,234.5,68,5.3,0
CUST-102121,33,0,0,0,One year,Credit card (auto),1,Fiber optic,0,0,0,1,0,0,1,86.38,2623.12,1,0,83.1,15,6.4,1
CUST-102122,11,0,0,1,One year,Electronic check,0,Fiber optic,0,0,0,1,0,1,1,89.63,972.79,2,2,271.2,81,4.6,1
CUST-102123,72,0,0,1,Two year,Electronic check,0,DSL,0,0,0,1,1,0,0,59.15,4196.61,1,1,103.7,52,8.6,0
CUST-102124,39,0,0,0,Month-to-month,Electronic check,1,Fiber optic,0,0,0,0,0,0,1,63.74,2379.54,5,0,5.0,42,6.3,1
CUST-102125,1,0,1,1,Month-to-month,Bank transfer (auto),1,No,1,0,0,0,0,0,0,24.43,23.36,2,1,214.2,24,8.6,0
CUST-102126,21,0,1,0,Month-to-month,Credit card (auto),0,No,1,0,0,0,0,0,0,19.73,393.58,4,0,275.4,82,7.1,0
CUST-102127,32,0,1,0,Month-to-month,Mailed check,0,No,0,0,0,0,0,0,0,27.95,833.46,3,0,307.2,50,5.5,0
CUST-102128,3,1,0,1,Month-to-month,Credit card (auto),0,DSL,0,0,0,1,0,0,0,47.24,137.69,3,0,339.6,58,5.4,1
CUST-102129,45,1,1,0,Month-to-month,Mailed check,1,Fiber optic,0,0,1,0,1,0,1,78.78,3355.68,3,0,38.8,85,8.7,0
CUST-102130,6,0,1,0,Month-to-month,Credit card (auto),0,No,0,0,0,0,0,0,0,21.73,123.0,9,0,178.9,30,3.8,1
CUST-102131,6,0,0,0,Two year,Credit card (auto),0,DSL,1,0,0,0,0,0,1,61.13,339.76,2,1,285.2,86,6.3,0
CUST-102132,23,0,1,0,Month-to-month,Electronic check,0,DSL,0,1,1,0,1,0,0,61.22,1356.53,0,0,239.9,86,7.5,0
CUST-102133,2,0,1,0,Month-to-month,Credit card (auto),0,DSL,1,0,0,0,0,1,0,57.47,114.76,4,3,150.6,25,5.0,1
CUST-102134,25,0,0,0,One year,Electronic check,1,Fiber optic,0,0,0,0,1,1,0,86.06,2137.75,2,3,327.3,58,6.5,0
CUST-102135,7,0,1,1,Month-to-month,Mailed check,0,No,1,0,0,0,0,0,0,25.86,169.27,4,0,240.0,19,7.5,0
CUST-102136,6,1,0,0,One year,Electronic check,1,Fiber optic,1,0,1,0,0,0,0,73.35,421.24,2,2,290.8,40,9.6,0
CUST-102137,29,0,0,1,Two year,Mailed check,1,Fiber optic,0,1,0,1,0,0,0,76.51,2124.79,4,1,64.1,43,5.6,0
CUST-102138,16,0,0,0,Month-to-month,Credit card (auto),0,Fiber optic,1,0,1,1,1,0,0,88.77,1348.44,2,0,145.5,45,6.7,0
CUST-102139,30,1,0,0,Month-to-month,Bank transfer (auto),1,No,1,0,0,0,0,0,0,31.72,894.17,3,0,116.7,26,6.2,0
CUST-102140,19,0,1,1,Month-to-month,Bank transfer (auto),0,DSL,0,0,1,1,0,0,0,59.48,1106.94,1,1,174.7,27,7.4,0
CUST-102141,51,0,1,0,Month-to-month,Credit card (auto),0,Fiber optic,0,0,0,1,0,0,0,69.84,3384.25,3,0,149.1,59,5.8,0
CUST-102142,38,0,0,0,One year,Mailed check,1,No,0,0,0,0,0,0,0,18.0,672.17,1,1,298.6,50,4.6,0
CUST-102143,12,1,1,1,Month-to-month,Electronic check,0,No,1,0,0,0,0,0,0,39.73,441.47,3,1,117.4,26,3.9,0
CUST-102144,25,0,1,0,Month-to-month,Credit card (auto),0,Fiber optic,0,0,0,0,1,0,1,80.11,1986.23,1,2,158.5,17,8.8,0
CUST-102145,3,0,1,0,Month-to-month,Electronic check,0,DSL,0,0,0,0,0,0,1,37.07,109.05,3,1,250.9,35,5.2,1
CUST-102146,29,0,1,1,Month-to-month,Credit card (auto),1,No,0,0,0,0,0,0,0,18.0,494.05,5,0,65.8,57,4.2,1
CUST-102147,3,0,1,0,Month-to-month,Electronic check,1,No,1,0,0,0,0,0,0,29.3,85.96,2,0,166.6,20,9.6,1
CUST-102148,0,0,1,0,Month-to-month,Electronic check,1,DSL,1,0,0,0,0,1,1,58.86,56.88,9,2,197.0,84,4.3,1
CUST-102149,12,0,0,0,Month-to-month,Mailed check,0,DSL,1,0,0,0,0,0,1,64.89,733.35,3,1,141.1,57,5.3,0
CUST-102150,10,0,1,0,One year,Electronic check,0,DSL,0,0,1,0,0,1,1,55.38,525.14,1,2,136.1,39,4.8,0
CUST-102151,27,0,0,0,Two year,Electronic check,1,Fiber optic,0,1,1,0,1,1,1,92.01,2398.57,0,1,206.8,31,9.3,0
CUST-102152,2,0,0,0,One year,Electronic check,1,DSL,1,0,0,0,0,1,0,53.86,103.43,1,1,101.3,64,4.8,1
CUST-102153,55,0,0,0,Month-to-month,Electronic check,0,DSL,0,0,0,0,0,1,0,48.63,2508.05,2,2,202.4,7,4.2,0
CUST-102154,44,0,0,1,Month-to-month,Credit card (auto),0,No,1,0,0,0,0,0,0,28.33,1231.67,5,0,137.6,38,6.0,0
CUST-102155,67,0,1,1,One year,Mailed check,1,DSL,1,1,0,0,1,1,1,79.01,5269.04,1,0,202.2,88,5.9,0
CUST-102156,2,0,1,0,One year,Electronic check,1,No,0,0,0,0,0,0,0,21.78,42.43,1,2,242.9,52,4.8,0
CUST-102157,10,0,0,0,Two year,Electronic check,1,Fiber optic,1,1,0,0,0,1,0,87.49,847.35,3,1,220.3,0,6.7,0
CUST-102158,5,0,1,0,Month-to-month,Electronic check,0,Fiber optic,1,0,1,1,0,1,1,100.45,491.0,3,0,155.4,0,6.6,1
CUST-102159,6,0,0,1,Month-to-month,Mailed check,1,No,1,0,0,0,0,0,0,35.85,201.72,1,0,394.9,48,4.8,1
CUST-102160,14,0,1,0,Month-to-month,Mailed check,0,DSL,1,1,1,0,1,0,0,58.5,771.5,1,0,230.0,65,8.2,0
CUST-102161,7,0,0,1,Two year,Electronic check,1,DSL,1,1,1,0,1,1,1,71.51,461.33,0,4,95.5,20,4.5,0
CUST-102162,6,0,0,0,One year,Credit card (auto),1,Fiber optic,1,1,0,1,1,0,0,92.72,514.44,0,0,248.1,60,8.0,0
CUST-102163,11,0,1,1,Two year,Electronic check,1,Fiber optic,1,1,0,0,1,1,0,91.48,948.28,1,1,148.0,51,5.5,0
CUST-102164,18,1,1,1,One year,Mailed check,1,Fiber optic,1,0,1,1,0,1,0,87.81,1470.13,1,2,233.5,8,6.9,0
CUST-102165,4,0,0,0,Two year,Bank transfer (auto),1,No,1,0,0,0,0,0,0,18.0,68.48,2,0,212.3,65,6.6,0
CUST-102166,10,0,0,0,Month-to-month,Electronic check,1,No,1,0,0,0,0,0,0,26.29,248.11,3,1,198.3,39,5.1,1
CUST-102167,15,0,0,0,Two year,Electronic check,1,DSL,0,0,0,0,1,1,1,60.75,900.2,1,1,221.7,3,6.0,0
CUST-102168,50,0,1,0,Two year,Mailed check,0,DSL,0,0,1,0,0,0,0,58.14,2904.84,1,1,69.3,25,6.7,0
CUST-102169,18,0,0,1,Two year,Bank transfer (auto),1,Fiber optic,0,0,0,1,0,1,0,79.17,1340.92,0,0,115.4,51,6.4,0
CUST-102170,66,0,0,0,Two year,Credit card (auto),1,No,0,0,0,0,0,0,0,20.04,1236.35,2,3,124.4,67,4.7,0
CUST-102171,72,0,1,0,Month-to-month,Mailed check,1,DSL,0,0,1,1,0,0,1,53.8,3640.05,2,2,137.8,45,5.6,0
CUST-102172,5,0,1,1,One year,Credit card (auto),1,Fiber optic,1,0,0,1,0,0,1,87.01,402.85,0,0,314.7,18,8.1,1
CUST-102173,2,0,0,1,One year,Bank transfer (auto),0,DSL,0,0,0,0,0,0,0,42.01,80.89,1,1,225.4,38,4.8,0
CUST-102174,71,0,1,0,One year,Bank transfer (auto),0,No,0,0,0,0,0,0,0,23.39,1639.69,4,1,208.6,72,4.7,0
CUST-102175,58,0,0,1,One year,Electronic check,0,DSL,0,1,0,0,1,1,0,61.24,3358.33,0,0,175.0,55,9.4,0
CUST-102176,72,1,0,0,One year,Credit card (auto),0,Fiber optic,0,0,1,1,0,1,1,96.48,6812.53,4,0,387.9,17,5.2,0
CUST-102177,34,0,1,0,Month-to-month,Electronic check,1,DSL,0,0,0,1,0,1,0,55.69,1881.12,3,1,122.5,89,9.0,0
CUST-102178,3,0,0,0,One year,Electronic check,1,Fiber optic,0,1,0,0,0,0,1,82.24,227.32,1,0,257.4,0,8.6,0
CUST-102179,23,0,0,0,Two year,Mailed check,1,Fiber optic,1,0,0,0,0,0,1,74.28,1651.73,4,0,260.3,78,5.0,0
CUST-102180,18,0,1,0,One year,Credit card (auto),1,Fiber optic,0,0,0,1,0,0,0,76.53,1297.31,3,0,252.8,36,4.9,1
CUST-102181,42,0,1,0,Month-to-month,Mailed check,1,DSL,1,0,1,1,1,0,0,70.94,2886.37,2,1,146.9,44,7.5,1
CUST-102182,5,1,1,0,Two year,Electronic check,0,DSL,0,1,0,0,1,0,0,54.69,252.51,2,5,87.5,33,8.7,0
CUST-102183,5,0,1,1,One year,Credit card (auto),0,DSL,0,0,0,0,0,1,1,53.73,247.4,2,0,219.0,50,5.2,0
CUST-102184,20,0,0,0,Month-to-month,Credit card (auto),1,No,0,0,0,0,0,0,0,18.93,350.87,2,0,189.0,62,8.6,0
CUST-102185,3,0,1,1,One year,Bank transfer (auto),1,Fiber optic,1,0,1,0,0,0,0,92.38,272.11,3,0,160.1,59,7.5,1
CUST-102186,3,1,0,0,One year,Mailed check,0,DSL,1,1,0,0,0,1,1,56.73,161.61,1,0,143.5,53,5.8,0
CUST-102187,56,0,1,0,One year,Mailed check,0,DSL,1,1,0,1,0,0,1,74.04,4100.02,2,0,255.9,85,8.7,0
CUST-102188,66,0,0,0,Month-to-month,Credit card (auto),0,Fiber optic,0,1,1,0,0,0,0,81.42,5046.77,1,1,165.1,49,6.8,0
CUST-102189,50,0,0,0,Month-to-month,Electronic check,1,DSL,0,0,0,1,0,1,1,55.57,2611.65,2,1,98.0,19,7.0,1
CUST-102190,31,0,0,0,Two year,Bank transfer (auto),1,No,1,0,0,0,0,0,0,31.23,902.3,1,1,410.5,41,6.6,0
CUST-102191,9,0,1,1,Two year,Bank transfer (auto),0,Fiber optic,1,0,0,1,0,0,0,84.97,757.94,2,1,309.7,84,4.0,0
CUST-102192,10,0,0,0,Month-to-month,Credit card (auto),1,Fiber optic,0,0,0,0,1,1,1,77.57,760.69,3,0,143.8,32,5.5,0
CUST-102193,45,0,1,0,Two year,Bank transfer (auto),1,Fiber optic,1,1,0,0,1,0,0,93.36,3881.29,1,1,342.2,39,7.9,0
CUST-102194,72,1,1,1,Month-to-month,Electronic check,1,No,1,0,0,0,0,0,0,29.25,2068.95,2,2,55.1,28,7.5,0
CUST-102195,0,1,1,1,Month-to-month,Credit card (auto),0,Fiber optic,0,0,0,0,1,1,1,78.82,77.51,0,3,72.5,84,6.3,1
CUST-102196,72,0,0,0,One year,Credit card (auto),1,DSL,0,0,1,1,0,0,0,63.26,4219.87,0,0,136.4,33,6.5,0
CUST-102197,5,0,0,1,Month-to-month,Credit card (auto),1,DSL,1,0,0,0,1,1,1,70.16,325.92,4,0,303.7,29,7.9,1
CUST-102198,42,0,1,0,Month-to-month,Electronic check,1,Fiber optic,1,0,1,0,0,0,1,89.36,3653.87,1,2,121.3,88,9.1,0
CUST-102199,6,1,1,0,Two year,Mailed check,1,DSL,0,1,0,0,1,1,0,64.76,363.83,1,2,259.2,69,8.0,1
CUST-102200,11,0,0,1,Month-to-month,Bank transfer (auto),0,Fiber optic,1,1,0,1,1,0,0,91.7,929.88,3,1,96.6,26,6.3,0
CUST-102201,25,1,1,0,Month-to-month,Bank transfer (auto),0,No,1,0,0,0,0,0,0,33.21,811.53,3,0,197.5,28,7.0,0
CUST-102202,7,0,0,1,Month-to-month,Electronic check,1,DSL,0,0,1,0,0,0,0,54.34,371.3,2,4,199.6,59,6.2,1
CUST-102203,58,0,0,0,One year,Electronic check,1,Fiber optic,1,0,0,0,0,1,0,79.26,4260.03,2,0,122.1,43,7.4,0
CUST-102204,4,0,0,1,One year,Electronic check,0,DSL,0,0,0,1,0,0,0,48.57,181.34,1,3,225.9,1,7.4,0
CUST-102205,2,0,0,1,Month-to-month,Electronic check,0,DSL,0,0,1,1,0,0,0,51.26,95.93,5,2,99.8,16,5.7,1
CUST-102206,72,1,0,0,Month-to-month,Electronic check,0,DSL,0,0,0,1,0,1,0,62.4,4375.38,2,2,72.8,8,8.6,1
CUST-102207,40,0,1,0,Month-to-month,Credit card (auto),1,DSL,0,1,1,0,0,1,0,49.65,1873.54,1,0,131.9,51,7.5,0
CUST-102208,11,0,0,0,One year,Bank transfer (auto),1,DSL,0,1,0,1,0,1,1,65.14,675.86,1,0,76.7,88,6.1,1
CUST-102209,15,0,1,1,Two year,Electronic check,0,No,0,0,0,0,0,0,0,28.23,405.6,3,7,67.8,85,5.7,0
CUST-102210,26,1,1,0,Month-to-month,Bank transfer (auto),1,Fiber optic,0,0,0,0,1,0,0,67.23,1647.84,2,1,333.1,44,6.8,1
CUST-102211,39,0,1,1,Two year,Mailed check,1,DSL,1,0,0,0,0,0,1,57.9,2192.38,1,1,161.9,77,7.3,0
CUST-102212,11,0,0,0,Two year,Bank transfer (auto),0,DSL,1,1,0,1,1,0,1,78.28,794.58,2,0,165.9,71,8.2,0
CUST-102213,25,0,1,0,Month-to-month,Credit card (auto),0,No,1,0,0,0,0,0,0,25.87,625.73,6,0,155.9,74,6.5,0
CUST-102214,8,0,0,1,Month-to-month,Electronic check,1,DSL,0,1,0,0,0,0,0,50.39,375.64,3,2,135.8,20,3.7,1
CUST-102215,1,0,1,1,One year,Credit card (auto),0,DSL,0,0,0,0,1,0,0,48.2,44.45,1,0,5.0,1,8.0,0
CUST-102216,43,1,0,0,Two year,Electronic check,1,No,1,0,0,0,0,0,0,22.33,910.4,1,2,267.4,79,5.6,0
CUST-102217,3,0,1,0,Month-to-month,Bank transfer (auto),1,Fiber optic,1,0,0,1,1,1,1,93.75,277.66,0,1,367.9,23,7.3,1
CUST-102218,0,0,0,1,Month-to-month,Credit card (auto),1,DSL,1,0,0,0,1,0,0,53.65,50.3,1,0,135.7,80,4.4,1
CUST-102219,52,0,1,1,One year,Bank transfer (auto),1,Fiber optic,1,0,0,1,0,1,0,77.77,3780.27,1,0,191.6,81,7.9,0
CUST-102220,55,0,0,0,Two year,Electronic check,0,Fiber optic,0,0,1,0,0,1,0,87.68,4641.41,1,3,206.1,55,7.2,1
CUST-102221,14,0,0,0,Month-to-month,Electronic check,1,Fiber optic,0,0,0,0,1,1,1,86.19,1165.03,1,2,140.5,61,8.1,0
CUST-102222,19,1,1,0,Month-to-month,Electronic check,1,DSL,0,0,1,0,0,0,1,51.71,950.43,3,0,128.4,68,6.5,0
CUST-102223,11,0,0,0,Month-to-month,Electronic check,1,No,0,0,0,0,0,0,0,18.0,192.04,5,0,213.8,58,4.2,0
CUST-102224,13,0,1,0,Two year,Electronic check,1,Fiber optic,0,0,0,0,0,0,0,67.47,847.56,3,1,60.2,79,3.7,1
CUST-102225,7,0,1,0,One year,Electronic check,0,DSL,0,0,1,0,1,1,0,53.99,352.18,1,2,258.9,81,8.1,0
CUST-102226,6,0,1,1,Month-to-month,Bank transfer (auto),1,Fiber optic,1,0,0,0,0,0,0,75.67,436.19,5,0,137.1,28,6.5,0
CUST-102227,10,0,1,0,Two year,Electronic check,0,Fiber optic,0,0,0,0,0,1,0,69.05,647.06,1,2,5.0,37,6.4,0
CUST-102228,43,1,1,1,Month-to-month,Mailed check,1,No,1,0,0,0,0,0,0,32.21,1329.43,4,3,82.5,29,4.9,0
CUST-102229,72,0,1,0,Two year,Bank transfer (auto),1,DSL,0,0,0,1,0,0,1,42.83,2869.32,5,2,150.3,23,6.3,0
CUST-102230,39,0,0,0,Month-to-month,Electronic check,1,DSL,1,1,0,0,0,1,0,63.21,2380.11,1,3,258.5,7,4.7,0
CUST-102231,29,1,1,0,Month-to-month,Bank transfer (auto),0,Fiber optic,0,0,0,0,0,1,1,73.7,2099.69,3,0,302.3,38,5.6,0
CUST-102232,16,0,1,0,Month-to-month,Bank transfer (auto),1,DSL,0,0,0,0,0,0,1,54.96,872.44,3,2,252.8,64,7.4,0
CUST-102233,8,0,0,0,Month-to-month,Bank transfer (auto),1,DSL,1,0,1,0,0,0,0,56.47,446.75,4,1,218.7,40,3.6,0
CUST-102234,24,1,0,1,Two year,Mailed check,1,Fiber optic,1,0,1,0,0,1,0,89.13,1998.71,2,1,253.2,1,7.3,0
CUST-102235,2,1,0,1,Month-to-month,Bank transfer (auto),0,Fiber optic,0,0,0,0,0,1,0,70.77,135.32,4,1,123.3,18,4.3,1
CUST-102236,72,0,1,1,Month-to-month,Mailed check,1,Fiber optic,1,1,0,0,1,0,0,94.8,6282.93,3,1,232.1,12,5.8,0
CUST-102237,30,0,0,1,One year,Mailed check,1,Fiber optic,1,1,1,1,0,0,1,88.54,2524.23,0,0,282.9,79,7.2,0
CUST-102238,51,1,1,1,Month-to-month,Credit card (auto),1,Fiber optic,0,0,1,0,0,0,1,75.01,3683.1,8,0,104.4,1,4.8,1
CUST-102239,0,0,1,0,Month-to-month,Credit card (auto),0,No,1,0,0,0,0,0,0,22.1,21.63,1,1,111.1,2,6.7,0
CUST-102240,3,0,1,1,Month-to-month,Mailed check,0,Fiber optic,1,0,1,1,0,0,0,86.59,244.73,5,2,137.3,75,5.6,1
CUST-102241,34,1,0,0,Two year,Mailed check,0,Fiber optic,0,1,0,1,0,0,0,79.54,2576.14,3,1,46.6,57,7.0,0
CUST-102242,1,0,1,0,One year,Credit card (auto),1,No,1,0,0,0,0,0,0,20.42,20.2,1,0,292.8,41,5.7,0
CUST-102243,18,0,1,1,Two year,Bank transfer (auto),1,DSL,1,0,0,1,0,1,0,55.67,974.51,2,0,133.5,19,6.1,0
CUST-102244,6,0,0,1,One year,Bank transfer (auto),1,Fiber optic,0,1,0,1,1,1,0,81.34,470.98,2,1,33.0,38,6.5,0
CUST-102245,9,0,0,0,Month-to-month,Electronic check,0,Fiber optic,0,0,0,0,0,1,0,65.71,567.59,2,1,5.0,10,7.6,1
CUST-102246,30,0,0,1,Month-to-month,Electronic check,0,Fiber optic,1,0,0,0,0,1,0,78.38,2259.65,1,0,319.0,21,6.4,1
CUST-102247,7,0,1,0,One year,Bank transfer (auto),0,Fiber optic,0,0,1,0,0,0,0,84.92,561.21,4,0,273.8,41,4.1,1
CUST-102248,9,0,0,1,Month-to-month,Credit card (auto),1,DSL,1,0,0,0,1,0,0,58.34,485.77,2,1,106.6,28,6.1,1
CUST-102249,23,0,0,1,Two year,Electronic check,1,Fiber optic,1,0,1,0,0,0,1,83.02,1845.18,1,0,241.7,48,8.2,0
CUST-102250,4,0,0,0,Month-to-month,Credit card (auto),1,Fiber optic,0,0,0,0,0,1,1,77.39,306.44,1,0,75.5,32,7.3,1
CUST-102251,29,0,0,1,Month-to-month,Bank transfer (auto),1,No,1,0,0,0,0,0,0,18.65,540.73,0,0,173.9,67,7.8,0
CUST-102252,45,0,0,1,One year,Credit card (auto),1,DSL,1,0,0,1,1,1,0,57.51,2400.67,2,2,112.1,46,5.0,0
CUST-102253,57,0,1,1,Month-to-month,Credit card (auto),1,No,1,0,0,0,0,0,0,22.86,1219.93,1,1,75.5,2,8.4,0
CUST-102254,18,0,0,1,One year,Electronic check,1,DSL,1,0,0,0,0,1,0,49.88,876.63,3,1,261.1,4,6.6,0
CUST-102255,6,0,1,0,One year,Electronic check,1,Fiber optic,1,0,0,0,0,1,1,92.14,533.23,1,0,213.7,35,7.4,1
CUST-102256,4,0,0,0,One year,Electronic check,0,Fiber optic,1,1,0,0,0,1,0,98.35,389.3,2,2,148.7,0,5.8,1
CUST-102257,4,0,0,0,Two year,Mailed check,0,Fiber optic,0,1,0,0,0,1,0,84.18,319.48,1,0,244.0,5,9.0,0
CUST-102258,1,0,1,0,Month-to-month,Electronic check,0,No,0,0,0,0,0,0,0,18.0,17.39,1,2,192.0,87,4.5,0
CUST-102259,32,0,1,0,Month-to-month,Bank transfer (auto),0,Fiber optic,1,0,1,0,0,1,0,87.05,2765.08,7,2,110.5,89,2.2,1
CUST-102260,16,0,1,0,Two year,Credit card (auto),1,DSL,1,0,1,1,0,1,0,69.58,1083.64,1,0,94.8,23,6.1,0
CUST-102261,53,0,0,0,Month-to-month,Electronic check,1,Fiber optic,1,0,0,0,0,1,0,84.89,4218.96,1,0,252.8,77,6.4,1
CUST-102262,3,0,0,1,Month-to-month,Mailed check,1,Fiber optic,0,0,0,1,0,1,0,87.95,259.09,0,1,190.7,67,7.0,1
CUST-102263,72,0,1,1,Month-to-month,Bank transfer (auto),1,Fiber optic,0,0,1,0,0,1,0,71.81,4817.26,4,0,156.4,87,6.3,0
CUST-102264,14,1,0,1,One year,Bank transfer (auto),0,Fiber optic,0,0,0,1,0,1,1,84.4,1097.1,0,0,159.0,53,8.5,1
CUST-102265,3,0,1,0,One year,Credit card (auto),1,DSL,1,1,0,0,0,0,0,57.18,162.48,2,0,280.9,38,6.8,1
CUST-102266,0,0,0,0,Month-to-month,Electronic check,0,Fiber optic,1,0,0,1,0,0,0,80.46,77.18,3,0,244.3,8,5.6,1
CUST-102267,5,0,0,0,Month-to-month,Electronic check,0,Fiber optic,1,1,0,0,0,0,1,77.65,378.52,3,1,174.4,22,5.8,1
CUST-102268,46,0,1,0,Month-to-month,Credit card (auto),1,Fiber optic,0,1,0,1,0,0,1,74.75,3380.41,3,0,386.8,83,7.4,0
CUST-102269,5,1,1,0,Month-to-month,Electronic check,0,No,0,0,0,0,0,0,0,27.74,134.72,5,1,178.6,9,4.5,1
CUST-102270,29,0,1,0,Month-to-month,Credit card (auto),0,DSL,0,1,0,0,0,0,0,54.62,1552.22,4,2,227.9,44,5.4,0
CUST-102271,2,1,1,1,One year,Electronic check,1,Fiber optic,1,0,0,0,0,0,0,71.15,142.28,1,3,248.1,71,5.4,1
CUST-102272,14,0,0,0,Two year,Mailed check,1,No,0,0,0,0,0,0,0,18.0,232.39,6,0,25.6,80,5.9,0
CUST-102273,24,0,1,1,One year,Bank transfer (auto),1,DSL,0,0,1,0,1,1,0,58.67,1392.44,2,0,158.2,68,7.7,0
CUST-102274,42,0,1,1,Two year,Bank transfer (auto),1,Fiber optic,0,0,0,1,0,1,0,78.52,3180.71,1,1,169.9,3,7.9,0
CUST-102275,26,1,0,1,Two year,Electronic check,0,No,1,0,0,0,0,0,0,18.3,452.58,0,3,5.0,21,6.3,0
CUST-102276,1,0,0,0,One year,Credit card (auto),1,DSL,1,1,0,0,0,0,0,69.84,65.21,2,0,208.6,39,6.7,0
CUST-102277,36,0,1,0,One year,Credit card (auto),0,Fiber optic,0,0,0,1,0,1,1,90.94,3271.49,1,0,17.1,86,5.4,0
CUST-102278,0,0,0,1,Two year,Credit card (auto),1,Fiber optic,0,0,0,1,0,0,1,72.52,70.26,2,1,427.7,42,4.2,0
CUST-102279,5,0,1,0,One year,Credit card (auto),0,DSL,0,1,0,1,0,0,1,66.37,321.79,4,1,252.5,45,5.3,0
CUST-102280,58,0,0,0,Month-to-month,Credit card (auto),1,Fiber optic,1,1,1,0,0,1,1,97.37,5265.49,3,1,100.5,71,5.8,0
CUST-102281,30,0,1,1,Month-to-month,Bank transfer (auto),0,DSL,0,1,0,1,0,1,1,67.34,1991.41,5,0,386.9,15,5.4,1
CUST-102282,28,0,1,1,One year,Bank transfer (auto),1,No,0,0,0,0,0,0,0,18.0,483.42,2,1,284.6,27,7.6,0
CUST-102283,17,0,1,1,Two year,Credit card (auto),0,Fiber optic,1,0,0,1,0,0,1,90.72,1432.84,1,2,238.2,12,4.7,0
CUST-102284,29,0,1,0,One year,Credit card (auto),0,DSL,0,1,0,0,1,1,1,76.33,2048.69,3,0,219.1,17,4.7,0
CUST-102285,5,0,0,0,Month-to-month,Bank transfer (auto),1,DSL,0,0,1,1,0,0,0,61.08,304.96,2,0,154.2,19,4.3,1
CUST-102286,18,1,1,1,One year,Electronic check,1,No,1,0,0,0,0,0,0,32.43,537.69,1,1,160.7,73,6.1,1
CUST-102287,11,1,1,0,Two year,Electronic check,0,Fiber optic,0,1,0,0,0,0,1,67.88,738.93,4,2,234.3,65,7.6,0
CUST-102288,9,0,1,0,One year,Credit card (auto),0,DSL,0,0,0,0,0,0,0,50.12,419.52,1,2,371.4,21,7.9,0
CUST-102289,26,0,1,0,Month-to-month,Credit card (auto),0,DSL,0,1,1,0,0,0,0,56.76,1439.56,2,1,254.0,43,7.8,0
CUST-102290,7,0,1,0,Month-to-month,Electronic check,1,Fiber optic,0,1,0,0,0,1,1,78.61,515.75,2,1,337.0,54,5.7,0
CUST-102291,23,1,1,0,Month-to-month,Credit card (auto),1,DSL,1,0,1,0,1,0,0,60.06,1330.26,3,2,199.1,3,4.5,0
CUST-102292,13,0,1,1,Two year,Electronic check,1,No,0,0,0,0,0,0,0,19.47,233.5,1,2,135.2,1,7.0,0
CUST-102293,72,0,1,0,Month-to-month,Mailed check,0,DSL,0,0,0,0,0,0,1,52.72,3748.62,10,0,343.1,33,5.9,0
CUST-102294,6,1,1,0,Two year,Credit card (auto),1,DSL,0,0,1,0,0,0,0,40.84,230.44,2,1,361.0,72,6.0,0
CUST-102295,2,0,0,1,Month-to-month,Credit card (auto),1,Fiber optic,0,0,0,0,1,0,0,74.81,146.98,2,1,84.3,72,5.6,1
CUST-102296,53,0,0,1,Two year,Bank transfer (auto),0,DSL,0,0,0,1,0,1,0,63.29,3320.9,1,1,176.5,31,6.0,0
CUST-102297,72,0,1,0,Month-to-month,Credit card (auto),0,Fiber optic,0,0,1,0,0,1,0,82.2,5668.61,1,1,286.8,17,6.1,0
CUST-102298,27,0,0,1,One year,Credit card (auto),0,No,1,0,0,0,0,0,0,21.55,580.09,1,0,133.5,14,9.2,0
CUST-102299,1,0,0,0,One year,Credit card (auto),0,Fiber optic,1,0,0,0,1,1,1,93.12,90.47,0,1,167.4,50,7.2,1
CUST-102300,0,1,0,0,One year,Credit card (auto),1,No,0,0,0,0,0,0,0,22.9,21.44,2,1,304.0,4,7.7,0
CUST-102301,3,0,1,0,One year,Mailed check,1,No,1,0,0,0,0,0,0,18.0,51.56,2,1,194.5,12,7.1,1
CUST-102302,51,0,1,0,Month-to-month,Electronic check,0,DSL,0,0,0,1,0,1,1,60.33,2901.65,1,2,162.1,65,7.1,0
CUST-102303,72,0,1,1,Month-to-month,Electronic check,0,DSL,1,0,1,1,1,0,0,66.59,4694.66,3,0,224.8,30,8.1,0
CUST-102304,4,0,1,1,Month-to-month,Electronic check,1,Fiber optic,0,1,1,0,0,1,1,78.58,309.69,2,0,250.7,34,8.4,1
CUST-102305,4,0,1,0,One year,Electronic check,1,No,0,0,0,0,0,0,0,31.48,116.97,3,2,5.0,0,5.3,1
CUST-102306,5,0,0,0,One year,Electronic check,1,No,0,0,0,0,0,0,0,21.86,102.4,0,2,379.1,55,5.3,0
CUST-102307,47,0,0,1,Month-to-month,Electronic check,1,Fiber optic,1,0,0,1,0,0,0,81.26,3526.13,1,0,205.7,62,6.6,0
CUST-102308,24,0,0,0,One year,Bank transfer (auto),1,DSL,0,0,0,0,0,0,0,39.84,932.78,2,1,273.1,30,5.7,0
CUST-102309,22,0,0,0,Month-to-month,Electronic check,1,Fiber optic,1,1,0,1,1,1,0,96.67,2064.3,4,2,286.7,38,7.7,0
CUST-102310,0,0,1,0,Month-to-month,Electronic check,0,Fiber optic,0,0,0,0,0,0,0,72.51,68.07,6,1,90.2,21,5.4,1
CUST-102311,15,1,0,0,Month-to-month,Electronic check,1,No,1,0,0,0,0,0,0,35.97,524.04,1,2,11.0,11,4.2,1
CUST-102312,16,0,1,0,One year,Electronic check,0,Fiber optic,0,0,1,1,1,1,0,87.3,1333.93,3,1,275.2,43,5.3,0
CUST-102313,7,0,1,0,Month-to-month,Bank transfer (auto),1,DSL,1,1,0,1,0,0,0,53.9,368.15,3,1,277.3,3,5.4,0
CUST-102314,1,0,0,0,Two year,Credit card (auto),1,Fiber optic,1,0,0,1,0,1,1,91.02,89.69,0,0,112.7,49,8.3,1
CUST-102315,25,1,1,0,One year,Bank transfer (auto),0,Fiber optic,0,0,1,1,0,1,0,82.97,1938.65,1,0,316.5,23,6.2,0
CUST-102316,25,0,1,0,One year,Bank transfer (auto),0,Fiber optic,0,1,1,0,0,0,0,88.84,2159.04,1,1,105.2,8,8.2,0
CUST-102317,9,0,1,0,Month-to-month,Credit card (auto),0,Fiber optic,0,0,0,1,1,0,1,85.24,742.28,5,0,140.6,87,4.4,1
CUST-102318,43,0,1,0,One year,Bank transfer (auto),0,No,0,0,0,0,0,0,0,22.3,912.94,1,0,176.0,12,4.3,0
CUST-102319,39,0,1,0,Two year,Electronic check,0,Fiber optic,0,0,1,1,0,0,0,75.7,2800.97,1,2,78.6,69,6.6,1
CUST-102320,32,0,1,1,Month-to-month,Electronic check,0,DSL,1,0,0,0,0,1,0,59.62,1902.88,1,0,142.7,36,4.5,0
CUST-102321,15,1,1,1,Month-to-month,Bank transfer (auto),0,DSL,1,0,0,1,0,0,0,52.46,727.03,2,0,220.9,37,6.2,0
CUST-102322,72,0,0,0,Month-to-month,Bank transfer (auto),1,Fiber optic,0,0,0,0,0,1,1,79.98,5602.78,3,0,286.5,53,6.4,0
CUST-102323,7,0,1,0,Month-to-month,Credit card (auto),0,Fiber optic,0,0,0,0,0,1,0,79.26,549.06,3,1,196.4,18,7.3,1
CUST-102324,16,0,0,0,Month-to-month,Electronic check,1,Fiber optic,1,1,0,1,0,0,0,86.92,1381.73,2,1,156.2,74,7.5,0
CUST-102325,47,0,0,0,One year,Credit card (auto),0,Fiber optic,1,0,0,0,1,1,0,93.62,4299.12,0,1,89.1,69,5.8,0
CUST-102326,34,0,0,0,Month-to-month,Mailed check,1,Fiber optic,1,0,1,0,1,0,0,95.35,3086.67,3,1,175.4,57,4.9,0
CUST-102327,17,0,0,1,Two year,Credit card (auto),1,No,0,0,0,0,0,0,0,26.82,421.47,0,0,105.6,26,5.6,0
CUST-102328,22,0,0,0,Month-to-month,Mailed check,1,DSL,0,0,0,0,0,0,0,45.37,970.95,4,0,97.3,7,5.0,1
CUST-102329,40,0,0,0,One year,Electronic check,1,Fiber optic,0,0,0,0,1,1,0,73.4,2881.21,1,4,103.8,46,8.0,0
CUST-102330,15,0,0,0,Two year,Mailed check,1,No,1,0,0,0,0,0,0,22.03,312.24,6,0,207.3,79,8.9,0
CUST-102331,3,0,1,0,Month-to-month,Electronic check,1,DSL,0,0,0,0,1,1,0,57.26,164.29,0,1,218.7,53,7.7,1
CUST-102332,6,0,1,0,Month-to-month,Electronic check,0,DSL,0,0,0,0,0,0,0,46.61,260.86,2,2,166.3,39,5.8,1
CUST-102333,19,0,1,0,Month-to-month,Credit card (auto),1,Fiber optic,0,0,0,0,1,0,0,74.15,1316.45,5,0,285.3,49,5.4,0
CUST-102334,1,0,0,0,Month-to-month,Mailed check,0,DSL,0,1,1,0,0,0,0,50.82,49.92,7,0,272.5,8,4.0,1
CUST-102335,26,0,1,1,One year,Electronic check,0,Fiber optic,1,0,0,0,0,0,0,78.08,1908.88,0,1,103.1,22,4.4,0
CUST-102336,2,0,0,0,Two year,Mailed check,1,No,0,0,0,0,0,0,0,18.0,34.91,4,1,320.6,39,7.2,0
CUST-102337,10,1,0,0,One year,Bank transfer (auto),1,DSL,0,0,0,0,0,0,1,45.64,432.21,4,1,5.0,83,6.2,1
CUST-102338,25,0,0,1,Two year,Electronic check,0,No,1,0,0,0,0,0,0,26.78,641.88,1,3,264.2,12,5.7,0
CUST-102339,5,0,1,1,Month-to-month,Electronic check,0,DSL,1,1,1,0,1,1,0,75.21,363.99,2,0,202.4,27,7.7,0
CUST-102340,18,1,1,0,Month-to-month,Credit card (auto),1,Fiber optic,1,0,0,1,0,1,0,92.84,1642.56,7,3,147.4,31,4.5,1
CUST-102341,72,0,1,1,Month-to-month,Electronic check,1,DSL,0,1,0,0,0,0,0,37.84,2574.11,2,1,149.5,59,7.8,0
CUST-102342,2,0,1,1,One year,Credit card (auto),1,Fiber optic,0,0,0,1,0,1,1,73.97,137.97,1,2,211.2,15,6.8,1
CUST-102343,24,0,1,0,Month-to-month,Electronic check,0,No,1,0,0,0,0,0,0,32.29,737.63,2,2,142.0,36,5.8,0
CUST-102344,26,1,1,0,Month-to-month,Bank transfer (auto),1,DSL,0,0,0,0,0,1,0,50.12,1276.64,3,1,242.3,22,6.0,0
CUST-102345,26,0,0,0,Two year,Bank transfer (auto),1,No,0,0,0,0,0,0,0,23.77,576.12,1,1,5.0,78,5.6,0
CUST-102346,72,0,0,0,Month-to-month,Electronic check,1,Fiber optic,1,0,1,0,0,1,0,83.27,5534.32,2,3,144.5,69,4.5,0
CUST-102347,30,0,1,1,Month-to-month,Bank transfer (auto),1,No,1,0,0,0,0,0,0,24.6,690.39,3,0,216.8,23,7.2,0
CUST-102348,72,0,1,0,Month-to-month,Mailed check,1,Fiber optic,0,0,0,1,1,0,1,79.08,5688.71,3,1,177.1,25,8.8,0
CUST-102349,17,1,0,0,Month-to-month,Mailed check,0,Fiber optic,1,0,0,0,0,0,1,66.43,1062.39,2,1,84.4,33,5.1,1
CUST-102350,18,0,0,0,Month-to-month,Credit card (auto),0,No,1,0,0,0,0,0,0,21.28,374.6,2,1,177.4,25,4.2,0
CUST-102351,72,0,0,1,Month-to-month,Credit card (auto),0,Fiber optic,1,0,0,0,0,0,0,71.6,5154.1,5,0,224.3,46,3.5,0
CUST-102352,23,1,0,0,Month-to-month,Electronic check,0,No,0,0,0,0,0,0,0,18.0,394.89,4,3,215.8,39,4.3,1
CUST-102353,8,0,0,0,Two year,Bank transfer (auto),0,DSL,1,0,1,1,1,1,0,65.16,492.11,0,0,155.0,30,6.7,0
CUST-102354,36,0,1,0,Month-to-month,Electronic check,1,DSL,0,0,0,0,1,0,0,43.99,1525.31,7,1,236.1,47,6.1,0
CUST-102355,25,0,0,0,One year,Electronic check,1,Fiber optic,1,0,1,0,1,0,0,85.58,2123.67,1,0,143.3,66,8.8,0
CUST-102356,31,0,0,0,One year,Electronic check,0,DSL,1,1,1,0,0,0,0,65.3,1907.64,3,1,150.1,70,8.3,0
CUST-102357,23,0,0,0,One year,Bank transfer (auto),0,Fiber optic,1,0,0,1,0,0,0,65.25,1470.47,4,1,260.1,75,7.3,0
CUST-102358,45,0,1,0,Two year,Bank transfer (auto),0,No,1,0,0,0,0,0,0,22.36,957.6,0,2,90.2,33,7.5,0
CUST-102359,12,0,0,0,Month-to-month,Mailed check,1,Fiber optic,1,1,1,0,0,0,0,81.58,931.32,3,0,189.5,81,5.0,0
CUST-102360,5,0,0,0,Month-to-month,Credit card (auto),1,No,0,0,0,0,0,0,0,18.0,83.83,3,0,68.2,52,6.5,0
CUST-102361,6,0,1,0,Month-to-month,Bank transfer (auto),0,Fiber optic,1,1,0,0,0,0,0,89.14,516.03,4,0,263.7,43,5.1,0
CUST-102362,31,1,1,0,Month-to-month,Electronic check,0,DSL,0,0,0,0,0,1,1,47.33,1357.41,1,1,207.1,43,3.7,0
CUST-102363,24,0,0,0,Two year,Electronic check,1,DSL,0,0,0,1,1,1,0,60.97,1422.46,3,0,299.1,40,6.5,0
CUST-102364,72,0,1,0,One year,Bank transfer (auto),1,No,0,0,0,0,0,0,0,18.0,1284.02,2,0,309.5,64,5.8,0
CUST-102365,18,0,0,0,Month-to-month,Electronic check,0,Fiber optic,1,0,0,0,0,0,1,90.09,1528.91,2,0,188.9,57,4.9,0
CUST-102366,8,0,1,0,Month-to-month,Electronic check,1,No,1,0,0,0,0,0,0,22.9,175.33,4,1,64.3,79,4.9,1
CUST-102367,72,0,0,0,Two year,Electronic check,0,Fiber optic,1,0,0,0,0,0,1,76.97,5278.49,0,1,139.1,75,9.5,0
CUST-102368,63,0,1,0,Month-to-month,Mailed check,0,DSL,0,0,0,1,0,1,0,52.88,3258.72,3,0,128.7,51,7.5,0
CUST-102369,42,0,1,0,Month-to-month,Mailed check,1,Fiber optic,0,0,1,0,0,1,1,92.48,3827.82,1,0,356.6,36,9.3,0
CUST-102370,56,1,1,0,Two year,Bank transfer (auto),1,Fiber optic,0,0,0,0,1,1,1,86.43,4595.03,0,1,220.0,83,7.5,0
CUST-102371,13,0,1,1,One year,Bank transfer (auto),0,Fiber optic,1,0,1,0,1,0,0,82.99,1051.52,1,0,247.6,17,5.1,0
CUST-102372,7,0,0,0,Month-to-month,Credit card (auto),1,Fiber optic,0,0,0,0,0,0,0,71.04,460.04,6,0,323.2,81,2.8,1
CUST-102373,10,0,1,0,Month-to-month,Credit card (auto),1,Fiber optic,1,0,1,0,0,1,1,88.02,850.63,1,1,238.2,12,4.9,1
CUST-102374,55,0,0,1,One year,Mailed check,1,No,0,0,0,0,0,0,0,28.88,1524.44,5,1,209.0,41,8.2,0
CUST-102375,37,0,0,0,Month-to-month,Bank transfer (auto),0,DSL,0,0,1,1,0,1,0,63.15,2157.85,3,1,272.3,10,6.1,0
CUST-102376,2,0,1,1,Two year,Electronic check,1,DSL,1,1,1,0,1,1,0,70.75,139.94,2,0,11.3,71,7.5,0
CUST-102377,29,0,1,0,One year,Credit card (auto),0,DSL,0,0,1,1,1,0,1,64.12,1775.61,0,0,76.7,42,7.6,0
CUST-102378,8,0,1,0,One year,Bank transfer (auto),1,Fiber optic,0,1,1,0,0,1,0,79.66,628.12,4,1,199.4,52,6.3,0
CUST-102379,72,0,1,1,One year,Electronic check,1,No,0,0,0,0,0,0,0,19.99,1374.18,1,0,272.2,15,5.3,0
CUST-102380,38,0,1,0,Two year,Bank transfer (auto),1,Fiber optic,0,1,0,0,0,0,1,82.45,2964.09,1,2,187.5,80,6.1,0
CUST-102381,28,1,1,1,Month-to-month,Mailed check,1,No,1,0,0,0,0,0,0,33.31,892.36,2,1,194.7,64,3.8,0
CUST-102382,19,0,1,0,Month-to-month,Credit card (auto),0,Fiber optic,0,0,0,0,0,1,1,76.42,1372.76,6,0,17.9,52,5.6,0
CUST-102383,5,0,1,0,One year,Electronic check,1,Fiber optic,0,0,0,1,0,0,1,66.09,307.91,4,2,287.8,5,6.0,0
CUST-102384,30,0,0,0,Month-to-month,Electronic check,0,Fiber optic,0,0,0,0,0,0,0,74.16,2146.28,4,3,336.4,89,4.1,1
CUST-102385,19,0,1,0,One year,Credit card (auto),1,No,0,0,0,0,0,0,0,18.0,315.93,1,0,60.0,58,4.2,0
CUST-102386,45,0,1,0,Month-to-month,Mailed check,1,DSL,0,0,0,0,1,1,0,59.04,2447.46,4,0,11.9,4,5.8,0
CUST-102387,10,0,1,1,Month-to-month,Electronic check,1,Fiber optic,0,0,1,0,0,1,0,69.84,669.59,4,7,254.3,3,5.2,1
CUST-102388,27,0,0,0,Month-to-month,Bank transfer (auto),0,Fiber optic,1,1,0,0,1,1,0,93.43,2458.47,5,0,268.8,58,4.3,1
CUST-102389,3,0,0,1,One year,Bank transfer (auto),0,No,1,0,0,0,0,0,0,26.76,79.57,3,0,5.0,11,4.9,1
CUST-102390,6,0,0,0,Month-to-month,Electronic check,0,DSL,0,1,0,0,0,0,0,46.8,264.52,1,2,227.1,58,6.4,1
CUST-102391,6,0,0,0,Month-to-month,Electronic check,1,DSL,1,0,1,0,0,1,0,70.71,408.81,6,0,155.6,4,5.2,0
CUST-102392,11,0,1,0,Month-to-month,Electronic check,0,Fiber optic,0,0,1,0,0,0,0,70.12,766.39,2,1,127.9,2,6.9,1
CUST-102393,50,0,0,0,Month-to-month,Electronic check,0,Fiber optic,0,0,1,0,0,1,0,87.15,4041.02,2,1,45.8,84,8.2,0
CUST-102394,16,0,0,0,One year,Mailed check,0,DSL,1,0,0,1,0,0,0,70.53,1066.89,3,0,205.9,45,5.0,1
CUST-102395,19,0,1,1,Two year,Electronic check,1,Fiber optic,1,0,1,1,0,0,1,83.93,1489.31,2,2,124.0,41,4.5,0
CUST-102396,2,0,0,1,One year,Bank transfer (auto),1,Fiber optic,1,0,0,0,0,0,1,77.03,149.44,0,0,153.5,68,6.6,0
CUST-102397,15,0,0,0,One year,Bank transfer (auto),0,Fiber optic,0,0,0,0,0,1,0,73.52,1101.52,3,1,364.5,23,4.5,0
CUST-102398,16,1,1,0,Month-to-month,Mailed check,1,Fiber optic,1,1,0,0,0,0,0,81.14,1262.33,6,0,345.1,37,4.1,1
CUST-102399,10,0,1,0,Two year,Electronic check,0,DSL,1,0,1,0,0,1,0,68.63,679.98,0,2,276.7,82,6.5,0
CUST-102400,27,0,1,0,Two year,Mailed check,1,Fiber optic,0,1,1,0,0,1,1,94.61,2493.51,1,0,106.7,44,6.2,0
CUST-102401,17,0,1,0,Two year,Electronic check,0,Fiber optic,0,0,0,0,0,0,1,71.55,1180.14,2,4,128.7,3,6.9,1
CUST-102402,4,0,1,0,Month-to-month,Credit card (auto),1,Fiber optic,1,1,0,0,0,1,0,82.29,311.64,4,2,170.2,15,3.9,1
CUST-102403,23,0,0,0,Month-to-month,Electronic check,1,Fiber optic,0,0,0,1,0,1,1,81.51,1832.21,3,3,279.1,81,5.2,1
CUST-102404,17,0,1,0,Month-to-month,Credit card (auto),1,DSL,0,0,0,0,0,0,0,46.3,730.77,2,0,66.1,36,4.5,0
CUST-102405,10,1,1,1,Month-to-month,Bank transfer (auto),0,Fiber optic,1,0,0,0,0,0,1,75.61,697.12,0,1,116.0,68,7.3,1
CUST-102406,1,0,1,1,Month-to-month,Credit card (auto),1,Fiber optic,0,0,1,0,1,1,1,80.44,78.39,2,0,196.6,31,7.2,0
CUST-102407,13,1,0,1,Two year,Credit card (auto),1,DSL,0,0,0,0,0,0,0,40.48,522.37,2,0,153.1,26,9.0,0
CUST-102408,60,0,0,0,Month-to-month,Credit card (auto),1,No,0,0,0,0,0,0,0,18.0,1055.09,6,0,104.2,25,6.4,0
CUST-102409,45,0,0,0,Month-to-month,Bank transfer (auto),1,No,0,0,0,0,0,0,0,18.0,759.7,8,1,199.6,80,2.0,1
CUST-102410,21,0,1,0,Two year,Electronic check,1,Fiber optic,1,0,0,0,1,1,1,79.46,1647.24,1,1,67.9,54,7.7,0
CUST-102411,5,0,1,1,Two year,Bank transfer (auto),1,Fiber optic,1,1,0,0,1,1,0,88.93,427.78,3,1,163.7,79,6.2,0
CUST-102412,36,0,0,0,Month-to-month,Electronic check,1,Fiber optic,1,0,0,0,0,0,1,74.66,2508.92,2,2,43.8,43,6.7,1
CUST-102413,42,0,1,0,Month-to-month,Mailed check,1,Fiber optic,0,0,0,1,0,1,0,79.4,3234.33,2,0,246.5,83,5.5,1
CUST-102414,1,0,1,0,Two year,Credit card (auto),0,DSL,0,0,1,0,0,0,0,41.91,38.96,4,0,20.0,75,6.9,0
CUST-102415,63,0,1,0,Two year,Bank transfer (auto),0,Fiber optic,0,0,1,1,0,1,1,89.94,5319.3,1,0,26.5,72,6.8,0
CUST-102416,67,0,0,0,One year,Electronic check,0,Fiber optic,0,0,0,0,0,1,0,73.45,4816.89,2,0,107.6,33,5.7,0
CUST-102417,6,0,1,0,Month-to-month,Credit card (auto),1,Fiber optic,1,0,0,1,0,0,1,95.52,571.52,2,0,38.5,18,5.1,1
CUST-102418,11,0,1,1,One year,Electronic check,1,No,1,0,0,0,0,0,0,29.7,309.74,0,1,152.3,34,5.3,0
CUST-102419,2,1,1,1,One year,Credit card (auto),1,Fiber optic,0,1,1,1,0,0,1,86.82,162.47,5,1,132.0,47,4.3,1
CUST-102420,40,0,1,0,Month-to-month,Bank transfer (auto),1,Fiber optic,0,1,0,0,1,0,0,78.66,2932.71,2,0,215.0,65,6.6,0
CUST-102421,18,0,1,0,Month-to-month,Electronic check,0,Fiber optic,0,1,1,0,0,0,0,79.3,1377.74,3,0,142.6,75,7.5,0
CUST-102422,30,0,0,1,Two year,Electronic check,1,Fiber optic,0,0,0,0,0,0,0,66.42,1835.05,3,1,213.0,48,7.5,0
CUST-102423,26,0,1,0,One year,Credit card (auto),1,DSL,0,0,1,1,0,0,0,52.45,1333.59,2,0,158.9,5,5.0,0
CUST-102424,33,0,0,1,Month-to-month,Electronic check,0,Fiber optic,1,0,1,0,0,1,1,88.43,2825.07,1,3,394.4,50,5.5,0
CUST-102425,15,0,1,1,One year,Credit card (auto),1,Fiber optic,1,0,0,0,0,0,0,75.83,1109.19,2,0,61.5,57,5.3,0
CUST-102426,7,0,1,0,One year,Mailed check,1,Fiber optic,1,0,0,0,0,1,1,84.23,559.36,0,1,35.8,35,5.1,0
CUST-102427,14,0,1,0,Month-to-month,Mailed check,0,DSL,1,1,0,0,0,0,1,59.76,776.81,4,0,179.0,82,6.2,1
CUST-102428,4,0,1,0,Month-to-month,Bank transfer (auto),1,Fiber optic,1,1,0,0,1,0,0,86.71,345.89,3,0,72.6,89,8.2,0
CUST-102429,72,1,0,0,Month-to-month,Mailed check,0,No,1,0,0,0,0,0,0,31.3,2223.72,5,1,159.4,60,6.3,0
CUST-102430,13,1,0,1,Two year,Mailed check,1,Fiber optic,1,1,1,0,0,1,1,101.48,1271.03,4,1,284.9,44,5.9,1
CUST-102431,8,0,1,0,Month-to-month,Bank transfer (auto),0,Fiber optic,0,0,0,1,0,1,0,75.21,562.35,2,0,209.4,43,6.8,0
CUST-102432,11,0,0,0,Two year,Mailed check,0,DSL,0,0,1,1,0,0,0,45.49,498.88,2,0,245.6,47,5.8,0
CUST-102433,11,0,0,0,Month-to-month,Electronic check,1,Fiber optic,1,0,0,0,0,0,0,82.66,859.43,3,6,123.2,66,4.7,1
CUST-102434,17,0,1,1,Two year,Credit card (auto),0,DSL,0,0,0,0,0,0,1,62.42,1051.6,2,0,116.0,19,5.2,0
CUST-102435,17,0,0,0,Two year,Mailed check,1,No,0,0,0,0,0,0,0,23.13,368.61,2,1,255.8,49,8.4,0
CUST-102436,9,0,0,0,Two year,Bank transfer (auto),0,DSL,0,0,0,1,0,0,1,51.96,440.96,2,1,36.6,39,8.3,0
CUST-102437,17,0,0,0,Two year,Bank transfer (auto),0,No,0,0,0,0,0,0,0,21.3,342.86,2,0,199.3,32,5.6,0
CUST-102438,72,0,1,0,Month-to-month,Bank transfer (auto),1,Fiber optic,0,0,0,0,0,1,0,75.39,5171.54,2,1,145.5,74,7.1,0
CUST-102439,3,0,0,0,Month-to-month,Electronic check,1,Fiber optic,1,0,0,0,0,0,1,82.23,244.84,1,0,111.5,18,7.2,1
CUST-102440,5,1,1,0,Month-to-month,Credit card (auto),1,Fiber optic,1,0,0,0,0,0,0,72.57,360.95,2,0,156.2,48,7.2,1
CUST-102441,72,1,0,0,One year,Mailed check,1,DSL,0,0,0,0,1,0,0,55.39,3693.69,2,4,146.8,24,5.1,0
CUST-102442,41,0,0,1,Month-to-month,Credit card (auto),1,DSL,0,1,0,1,0,1,0,53.7,2173.62,1,0,220.5,71,5.1,0
CUST-102443,72,0,0,1,Month-to-month,Credit card (auto),1,Fiber optic,1,1,1,0,0,0,1,97.23,6660.36,2,1,193.8,70,8.0,0
CUST-102444,30,0,0,1,Month-to-month,Bank transfer (auto),0,Fiber optic,1,1,0,1,1,0,1,99.2,2881.15,2,0,91.6,5,8.5,0
CUST-102445,50,0,1,1,One year,Mailed check,0,Fiber optic,0,0,0,1,1,1,1,96.47,4498.19,0,0,289.0,74,7.3,0
CUST-102446,2,0,0,0,Month-to-month,Electronic check,1,No,1,0,0,0,0,0,0,32.28,60.0,3,1,309.0,28,3.5,1
CUST-102447,48,1,0,0,Month-to-month,Electronic check,0,DSL,0,1,1,0,0,1,0,44.52,2046.87,2,2,203.1,44,4.6,0
CUST-102448,20,0,0,0,One year,Bank transfer (auto),1,Fiber optic,1,1,0,0,0,0,1,78.51,1531.96,2,1,267.8,18,7.2,0
CUST-102449,52,0,0,0,Month-to-month,Electronic check,0,DSL,1,0,1,0,0,1,0,62.35,3220.42,3,2,176.6,24,5.6,0
CUST-102450,23,1,1,1,Two year,Electronic check,0,Fiber optic,0,1,0,1,0,0,1,93.52,2148.62,2,3,93.3,72,5.0,0
CUST-102451,0,0,0,0,One year,Mailed check,0,DSL,0,0,0,0,0,1,0,47.08,46.43,2,0,237.8,37,6.2,0
CUST-102452,9,0,1,0,One year,Electronic check,0,No,0,0,0,0,0,0,0,18.0,159.68,4,1,175.7,32,4.8,0
CUST-102453,6,0,0,0,Month-to-month,Electronic check,1,Fiber optic,0,0,0,0,1,0,1,83.73,467.1,3,1,192.6,41,8.4,1
CUST-102454,33,0,1,1,Month-to-month,Mailed check,1,Fiber optic,0,0,0,0,0,0,0,79.77,2511.4,0,1,170.7,0,4.4,1
CUST-102455,27,0,1,0,One year,Electronic check,1,DSL,1,0,0,0,0,1,0,52.69,1389.58,5,1,262.4,11,6.1,0
CUST-102456,9,0,0,0,Month-to-month,Electronic check,1,Fiber optic,0,0,0,0,1,1,0,75.78,655.97,2,2,167.6,41,6.0,1
CUST-102457,13,0,1,0,Two year,Electronic check,1,DSL,0,0,1,0,0,0,0,59.27,722.63,0,1,182.5,15,7.5,0
CUST-102458,6,0,1,0,Two year,Bank transfer (auto),1,Fiber optic,0,0,1,1,0,1,0,75.8,425.87,0,1,253.6,32,6.9,0
CUST-102459,5,0,1,1,Month-to-month,Credit card (auto),0,Fiber optic,0,0,0,0,0,0,0,63.56,306.21,0,0,350.7,14,8.0,1
CUST-102460,3,0,1,0,One year,Electronic check,0,DSL,0,0,1,0,1,0,1,51.97,154.32,3,0,157.1,58,7.5,0
CUST-102461,18,1,1,1,Month-to-month,Bank transfer (auto),1,DSL,0,0,0,1,0,0,0,50.47,855.98,4,0,367.8,28,4.0,0
CUST-102462,8,0,0,0,Month-to-month,Electronic check,0,DSL,1,0,0,0,0,0,0,51.26,386.26,4,2,280.9,75,5.6,1
CUST-102463,15,0,1,0,Month-to-month,Bank transfer (auto),1,Fiber optic,1,0,0,0,0,0,1,78.85,1177.9,4,1,221.0,2,4.5,1
CUST-102464,21,0,0,1,One year,Electronic check,1,DSL,1,0,1,1,0,0,0,67.22,1329.95,1,3,251.6,40,3.7,1
CUST-102465,21,0,1,0,Two year,Credit card (auto),1,DSL,0,0,0,0,0,0,0,49.89,971.33,2,1,336.3,59,7.5,0
CUST-102466,6,0,1,0,Month-to-month,Bank transfer (auto),1,DSL,1,1,1,1,0,0,1,79.65,455.11,4,0,163.7,55,8.3,1
CUST-102467,9,0,1,0,One year,Bank transfer (auto),1,DSL,0,1,1,0,1,0,1,63.32,556.91,1,1,5.7,79,7.0,0
CUST-102468,0,0,1,1,Month-to-month,Electronic check,1,Fiber optic,1,0,0,0,1,0,1,91.61,91.55,2,0,47.2,48,5.4,1
CUST-102469,13,0,0,0,Month-to-month,Credit card (auto),1,Fiber optic,0,0,1,0,0,1,0,72.11,889.28,3,1,97.6,49,7.2,0
CUST-102470,33,0,1,0,One year,Electronic check,1,DSL,1,1,0,1,0,0,0,66.29,2014.84,5,0,237.0,16,4.3,1
CUST-102471,1,0,0,1,One year,Bank transfer (auto),1,Fiber optic,1,0,1,1,0,0,0,91.59,86.99,3,0,173.4,44,3.9,1
CUST-102472,44,0,1,0,One year,Credit card (auto),0,Fiber optic,0,0,0,1,0,0,0,69.73,2958.47,2,1,341.0,23,4.7,0
CUST-102473,55,0,1,0,Two year,Bank transfer (auto),1,Fiber optic,0,1,0,0,0,1,0,82.6,4261.89,0,1,262.2,67,9.9,0
CUST-102474,20,0,0,0,Month-to-month,Credit card (auto),1,No,0,0,0,0,0,0,0,21.43,415.91,2,1,187.1,75,7.8,0
CUST-102475,44,0,1,0,Month-to-month,Bank transfer (auto),1,Fiber optic,0,1,0,0,1,1,0,86.24,3547.03,0,0,179.1,31,8.9,0
CUST-102476,15,0,0,1,Month-to-month,Bank transfer (auto),1,Fiber optic,1,0,1,0,0,1,0,92.67,1386.8,1,1,149.6,27,6.0,1
CUST-102477,8,0,1,0,Two year,Electronic check,1,Fiber optic,0,0,0,0,1,0,0,75.53,563.45,0,3,151.9,44,5.1,1
CUST-102478,2,0,1,1,Month-to-month,Mailed check,1,Fiber optic,1,1,0,0,0,0,0,89.44,174.97,2,0,187.6,53,6.0,1
CUST-102479,1,0,1,1,Month-to-month,Mailed check,0,DSL,0,0,0,0,0,1,0,42.79,41.93,2,0,55.5,24,6.7,1
CUST-102480,44,0,1,0,One year,Bank transfer (auto),0,DSL,0,1,0,0,0,0,0,44.3,1878.93,1,0,41.7,19,9.1,0
CUST-102481,66,0,0,0,Month-to-month,Bank transfer (auto),0,No,0,0,0,0,0,0,0,19.02,1181.46,2,1,165.6,4,6.0,0
CUST-102482,19,0,0,0,One year,Bank transfer (auto),0,No,1,0,0,0,0,0,0,23.36,422.86,2,1,195.6,29,6.4,0
CUST-102483,54,0,0,1,Two year,Bank transfer (auto),1,No,1,0,0,0,0,0,0,29.54,1563.47,3,0,162.8,75,4.7,0
CUST-102484,25,0,0,0,Month-to-month,Electronic check,1,Fiber optic,1,0,1,1,1,0,0,89.46,2128.94,2,2,125.6,72,4.8,0
CUST-102485,40,0,0,0,Month-to-month,Mailed check,1,No,1,0,0,0,0,0,0,26.2,998.83,5,2,301.1,51,2.7,1
CUST-102486,23,0,1,1,Two year,Credit card (auto),1,Fiber optic,0,1,1,0,1,1,1,90.52,2003.99,1,0,242.2,66,4.0,0
CUST-102487,22,0,1,0,One year,Electronic check,0,Fiber optic,0,0,0,1,0,0,0,75.92,1621.28,1,0,168.5,71,7.3,0
CUST-102488,10,0,0,1,Month-to-month,Electronic check,1,No,1,0,0,0,0,0,0,27.95,275.29,1,0,119.9,50,10.0,0
CUST-102489,23,0,1,0,Two year,Bank transfer (auto),0,No,1,0,0,0,0,0,0,30.19,688.82,1,0,100.2,41,8.6,0
CUST-102490,7,0,1,0,Month-to-month,Electronic check,1,Fiber optic,1,0,1,0,1,0,0,84.65,546.46,2,1,248.7,78,7.3,1
CUST-102491,1,0,0,0,One year,Mailed check,0,Fiber optic,1,0,1,0,0,0,0,71.41,70.2,3,0,99.3,73,7.3,0
CUST-102492,18,0,1,1,One year,Bank transfer (auto),0,Fiber optic,0,1,0,0,0,0,1,83.43,1462.56,1,1,303.6,0,7.0,0
CUST-102493,2,0,0,0,Month-to-month,Mailed check,1,Fiber optic,0,0,0,0,0,0,0,65.31,130.05,0,0,236.7,46,8.0,1
CUST-102494,14,0,1,0,Two year,Credit card (auto),1,Fiber optic,0,0,1,0,1,0,0,80.67,1071.39,2,1,163.4,88,7.7,0
CUST-102495,1,0,1,1,Month-to-month,Credit card (auto),1,DSL,1,1,1,0,0,0,0,61.98,61.56,3,1,113.3,37,6.2,1
CUST-102496,23,0,0,1,Two year,Mailed check,1,No,0,0,0,0,0,0,0,33.26,710.58,3,0,216.7,56,3.6,0
CUST-102497,9,0,0,0,Two year,Credit card (auto),0,DSL,0,1,0,1,0,0,0,37.9,324.76,3,0,156.6,13,7.7,0
CUST-102498,3,0,1,0,Two year,Electronic check,0,DSL,0,1,0,1,0,0,0,50.04,143.19,4,0,139.8,50,5.0,1
CUST-102499,13,0,0,0,Month-to-month,Electronic check,1,Fiber optic,1,0,0,0,0,0,0,80.24,964.62,4,1,126.7,63,4.5,1
CUST-102500,12,0,1,0,Month-to-month,Bank transfer (auto),1,Fiber optic,0,1,0,0,0,0,0,64.87,739.45,3,0,202.1,41,6.0,0
CUST-102501,35,0,1,0,Month-to-month,Bank transfer (auto),0,DSL,0,1,0,1,0,0,0,53.72,1775.89,4,1,116.9,60,5.8,0
CUST-102502,61,0,0,0,Month-to-month,Electronic check,1,DSL,0,0,0,1,0,0,0,39.43,2374.74,5,1,188.3,49,6.4,0
CUST-102503,34,1,1,0,Month-to-month,Mailed check,0,No,0,0,0,0,0,0,0,19.93,652.71,3,0,277.3,77,7.9,0
CUST-102504,3,1,1,0,One year,Electronic check,1,Fiber optic,1,0,0,1,1,0,0,87.21,242.11,3,0,124.5,50,7.1,1
CUST-102505,6,0,0,0,Month-to-month,Electronic check,1,No,0,0,0,0,0,0,0,24.24,138.82,5,4,89.5,5,5.6,0
CUST-102506,72,0,1,1,Two year,Mailed check,1,No,0,0,0,0,0,0,0,21.61,1466.2,0,0,351.4,3,7.3,0
CUST-102507,13,0,0,0,Month-to-month,Credit card (auto),1,Fiber optic,1,0,1,0,0,1,0,81.17,987.51,3,1,159.7,19,4.6,0
CUST-102508,12,0,1,1,Month-to-month,Credit card (auto),1,Fiber optic,0,0,1,1,0,0,1,83.82,963.11,4,0,247.8,26,7.7,0
CUST-102509,40,0,0,0,One year,Mailed check,1,DSL,0,0,0,1,0,1,0,55.88,2113.82,1,0,167.4,4,5.3,0
CUST-102510,39,0,0,1,Month-to-month,Mailed check,1,No,1,0,0,0,0,0,0,22.52,841.33,4,1,148.8,29,3.9,0
CUST-102511,3,0,1,1,One year,Electronic check,0,Fiber optic,0,0,1,1,0,0,0,84.81,243.3,0,2,257.8,38,6.6,0
CUST-102512,22,0,1,0,One year,Mailed check,1,No,0,0,0,0,0,0,0,23.35,483.14,1,0,289.5,75,6.6,0
CUST-102513,3,0,0,0,One year,Bank transfer (auto),0,No,0,0,0,0,0,0,0,18.0,50.5,0,0,77.5,44,7.4,0
CUST-102514,44,0,1,0,One year,Credit card (auto),1,DSL,0,1,1,0,1,1,0,63.09,2693.19,3,1,5.0,25,8.7,0
CUST-102515,2,0,0,0,Two year,Mailed check,0,No,1,0,0,0,0,0,0,21.78,42.29,1,0,236.7,27,6.5,0
CUST-102516,18,0,0,1,Two year,Credit card (auto),1,No,0,0,0,0,0,0,0,18.0,303.87,2,0,298.6,78,5.2,0
CUST-102517,50,0,1,0,Month-to-month,Credit card (auto),0,Fiber optic,0,1,0,0,0,1,0,75.52,3508.5,2,0,180.6,15,7.3,0
CUST-102518,14,0,1,0,Month-to-month,Electronic check,1,No,1,0,0,0,0,0,0,25.7,353.19,6,1,151.2,61,7.1,0
CUST-102519,30,0,0,1,Two year,Credit card (auto),1,Fiber optic,0,0,0,1,1,0,0,91.72,2702.89,2,2,183.2,13,7.6,0
CUST-102520,21,0,1,0,Month-to-month,Electronic check,0,Fiber optic,0,0,1,0,0,0,1,75.69,1531.2,0,1,258.4,39,7.1,0
CUST-102521,48,0,1,0,Month-to-month,Credit card (auto),1,DSL,0,0,0,1,0,1,0,54.19,2505.7,3,0,230.3,74,6.0,0
CUST-102522,72,0,1,0,One year,Bank transfer (auto),0,Fiber optic,1,0,0,1,1,1,0,93.27,6253.15,3,0,94.2,40,7.8,0
CUST-102523,30,0,1,1,Month-to-month,Mailed check,0,Fiber optic,0,0,0,0,0,0,1,72.25,2140.77,2,0,63.5,56,4.8,1
CUST-102524,62,0,0,0,Month-to-month,Mailed check,1,DSL,0,0,1,1,0,0,1,60.06,3535.25,1,0,34.2,32,6.3,1
CUST-102525,10,1,0,0,One year,Bank transfer (auto),1,Fiber optic,1,1,0,1,0,0,1,87.12,817.36,1,0,189.2,14,5.8,0
CUST-102526,19,0,1,0,Month-to-month,Credit card (auto),0,DSL,1,0,1,0,1,1,1,64.32,1166.08,2,0,318.7,41,9.1,0
CUST-102527,14,0,1,1,Month-to-month,Credit card (auto),0,Fiber optic,0,0,0,0,0,1,0,70.9,924.64,2,1,5.0,54,9.1,0
CUST-102528,64,0,0,0,Two year,Mailed check,1,Fiber optic,1,0,1,0,0,1,0,79.21,4771.04,1,2,93.3,28,8.2,0
CUST-102529,41,0,0,1,Two year,Credit card (auto),0,No,0,0,0,0,0,0,0,23.48,917.06,1,1,266.5,9,6.3,0
CUST-102530,9,0,0,0,One year,Mailed check,0,DSL,1,0,0,1,1,0,1,65.93,556.52,0,1,105.0,13,5.3,0
CUST-102531,11,0,1,0,Month-to-month,Mailed check,1,DSL,0,1,0,0,0,1,0,50.9,526.62,2,0,236.3,36,6.9,1
CUST-102532,72,0,1,0,Month-to-month,Electronic check,0,DSL,0,0,0,0,1,1,1,61.81,4270.41,1,2,114.2,6,5.9,0
CUST-102533,7,0,1,0,Two year,Credit card (auto),1,No,0,0,0,0,0,0,0,18.0,123.1,2,0,82.1,20,6.5,0
CUST-102534,12,0,0,1,Month-to-month,Bank transfer (auto),1,Fiber optic,0,0,0,1,1,1,0,65.34,750.86,2,1,226.4,1,6.8,0
CUST-102535,11,0,1,0,Two year,Mailed check,0,DSL,1,0,1,0,1,1,0,63.08,693.41,2,0,66.2,85,8.7,0
CUST-102536,1,0,0,0,One year,Bank transfer (auto),0,DSL,0,0,0,0,0,0,0,49.34,45.74,2,0,166.4,75,6.7,1
CUST-102537,21,0,0,0,Month-to-month,Credit card (auto),1,DSL,0,0,1,1,0,1,0,64.3,1297.55,1,0,165.0,47,7.3,1
CUST-102538,13,0,0,0,One year,Electronic check,0,Fiber optic,1,1,0,0,0,1,1,83.92,1038.82,3,2,342.5,44,7.7,0
CUST-102539,3,0,1,1,Two year,Mailed check,1,Fiber optic,0,0,1,1,0,0,1,79.74,223.81,2,1,120.3,18,6.7,0
CUST-102540,0,0,1,0,Two year,Mailed check,1,Fiber optic,0,0,1,1,0,0,1,87.64,80.8,2,1,125.2,48,5.5,1
CUST-102541,13,0,0,1,One year,Electronic check,1,DSL,0,0,1,0,0,0,0,40.32,482.92,2,2,237.5,16,4.5,0
CUST-102542,41,0,0,0,Month-to-month,Electronic check,1,Fiber optic,0,1,0,1,1,1,1,90.4,3617.83,2,3,209.2,72,6.9,0
CUST-102543,37,0,1,1,One year,Bank transfer (auto),1,Fiber optic,0,0,0,0,1,0,1,80.63,2886.52,0,1,111.0,52,8.4,0
CUST-102544,7,0,0,1,One year,Electronic check,1,DSL,0,1,1,1,0,1,1,75.66,513.72,3,2,119.4,69,6.4,1
CUST-102545,9,1,0,0,One year,Credit card (auto),0,DSL,1,1,1,1,0,0,0,63.48,537.47,0,0,98.2,39,8.0,0
CUST-102546,16,0,0,0,Month-to-month,Credit card (auto),0,DSL,1,0,0,0,0,0,0,44.3,685.82,1,0,153.0,56,9.3,0
CUST-102547,2,0,0,1,Two year,Electronic check,1,Fiber optic,1,1,0,0,0,0,0,77.54,146.75,3,0,217.1,54,6.6,0
CUST-102548,24,0,0,0,Month-to-month,Mailed check,1,Fiber optic,1,0,0,0,0,0,0,92.1,2199.42,7,0,104.2,15,4.6,1
CUST-102549,7,1,1,0,Month-to-month,Electronic check,0,Fiber optic,0,1,0,0,0,0,1,80.61,520.41,1,0,120.7,0,8.8,0
CUST-102550,51,0,0,1,Month-to-month,Bank transfer (auto),1,Fiber optic,0,0,0,0,1,1,0,86.06,4378.77,2,1,310.9,88,6.7,0
CUST-102551,25,0,0,1,Month-to-month,Mailed check,1,DSL,1,0,0,1,0,1,1,66.17,1651.58,2,2,162.4,6,5.8,1
CUST-102552,9,0,1,1,Month-to-month,Bank transfer (auto),1,No,0,0,0,0,0,0,0,18.0,161.55,2,0,247.6,57,7.6,0
CUST-102553,40,0,0,1,Month-to-month,Credit card (auto),0,Fiber optic,0,0,0,0,0,0,0,63.32,2504.28,3,0,199.9,11,5.1,0
CUST-102554,55,0,1,0,Month-to-month,Credit card (auto),1,DSL,0,0,0,0,1,0,0,46.45,2423.15,3,0,173.1,61,4.4,1
CUST-102555,19,0,0,1,Month-to-month,Mailed check,0,No,0,0,0,0,0,0,0,24.07,453.19,0,0,264.0,81,8.4,0
CUST-102556,8,1,1,0,Month-to-month,Credit card (auto),0,Fiber optic,0,0,1,1,1,0,0,75.38,566.75,4,1,150.9,40,8.4,0
CUST-102557,72,0,0,1,Month-to-month,Credit card (auto),0,Fiber optic,0,0,1,1,0,0,1,87.57,5973.17,4,0,193.0,83,8.4,0
CUST-102558,49,0,1,0,Month-to-month,Bank transfer (auto),0,Fiber optic,1,0,0,0,0,1,1,79.78,3907.42,2,0,63.4,30,5.7,0
CUST-102559,59,0,1,0,Month-to-month,Electronic check,0,No,1,0,0,0,0,0,0,25.91,1435.54,3,1,69.9,68,5.7,0
CUST-102560,27,1,1,1,Month-to-month,Credit card (auto),0,DSL,1,1,0,1,0,0,0,61.38,1565.27,5,0,77.7,9,3.2,0
CUST-102561,25,0,1,0,One year,Credit card (auto),1,DSL,1,0,1,1,1,0,1,74.36,1824.96,0,0,62.3,12,7.4,0
CUST-102562,29,0,0,0,Month-to-month,Bank transfer (auto),0,No,0,0,0,0,0,0,0,18.0,513.62,2,0,296.8,26,10.0,0
CUST-102563,4,0,0,0,One year,Bank transfer (auto),1,No,1,0,0,0,0,0,0,30.87,117.0,1,1,107.5,5,5.9,0
CUST-102564,22,0,1,0,Month-to-month,Mailed check,1,No,1,0,0,0,0,0,0,25.83,560.16,3,1,157.2,7,8.5,0
CUST-102565,5,0,1,0,Month-to-month,Mailed check,1,DSL,0,0,1,0,0,0,0,51.54,248.3,3,1,253.4,64,4.1,1
CUST-102566,7,0,0,1,Month-to-month,Credit card (auto),0,Fiber optic,0,1,0,1,1,0,0,83.08,565.04,3,0,311.5,68,7.1,1
CUST-102567,9,0,1,0,Month-to-month,Credit card (auto),1,Fiber optic,1,1,0,0,0,1,0,87.89,783.25,0,1,162.2,64,7.4,1
CUST-102568,35,1,1,0,One year,Electronic check,1,DSL,0,0,1,1,1,0,1,63.8,2129.91,1,1,163.5,62,8.3,0
CUST-102569,17,1,1,0,One year,Electronic check,0,DSL,0,0,0,0,0,0,0,44.11,697.99,4,1,63.1,22,5.0,0
CUST-102570,17,0,1,1,One year,Mailed check,0,No,0,0,0,0,0,0,0,26.7,448.92,1,1,14.0,82,4.1,0
CUST-102571,26,0,1,1,Month-to-month,Mailed check,1,DSL,0,1,0,0,0,1,0,57.27,1438.21,9,0,268.9,28,6.3,0
CUST-102572,17,0,0,0,Month-to-month,Credit card (auto),1,DSL,0,0,0,0,0,1,0,50.24,850.19,3,0,171.1,34,4.9,0
CUST-102573,30,0,1,0,Two year,Electronic check,0,DSL,0,1,0,0,0,0,0,45.95,1334.68,0,1,229.7,84,5.8,0
CUST-102574,2,0,0,1,Month-to-month,Bank transfer (auto),0,Fiber optic,0,0,1,0,0,0,0,88.73,164.67,1,1,213.7,55,5.8,0
CUST-102575,12,0,0,0,Month-to-month,Bank transfer (auto),0,Fiber optic,0,0,0,0,0,1,1,87.95,997.24,4,0,92.1,2,4.2,1
CUST-102576,18,0,1,0,Month-to-month,Bank transfer (auto),1,DSL,1,0,1,1,0,1,0,60.24,1065.79,5,0,99.4,3,4.2,0
CUST-102577,3,0,1,0,Two year,Mailed check,1,No,1,0,0,0,0,0,0,31.36,88.74,1,0,223.3,43,6.7,0
CUST-102578,15,0,0,0,Two year,Credit card (auto),0,DSL,0,1,0,0,1,0,1,65.72,972.57,2,3,209.7,39,7.6,0
CUST-102579,15,0,1,1,Month-to-month,Mailed check,1,Fiber optic,1,0,0,0,0,0,1,85.22,1269.95,5,0,272.9,72,5.1,0
CUST-102580,30,0,0,1,Month-to-month,Mailed check,0,DSL,0,0,0,1,0,0,0,49.21,1410.32,3,2,108.5,81,4.0,1
CUST-102581,9,0,0,1,One year,Bank transfer (auto),0,Fiber optic,0,0,0,1,0,0,0,70.57,625.92,1,1,95.3,1,4.7,0
CUST-102582,26,0,1,0,Month-to-month,Mailed check,1,No,0,0,0,0,0,0,0,22.6,551.96,1,1,191.8,84,8.0,0
CUST-102583,33,0,1,1,Month-to-month,Electronic check,0,Fiber optic,0,0,1,1,1,1,1,86.83,2732.49,4,1,300.2,32,4.7,1
CUST-102584,28,0,0,0,Month-to-month,Credit card (auto),1,DSL,0,0,0,1,0,0,1,51.49,1413.91,2,0,311.2,64,7.2,0
CUST-102585,8,0,0,1,Month-to-month,Bank transfer (auto),0,No,0,0,0,0,0,0,0,18.0,134.54,4,0,85.4,56,5.3,0
CUST-102586,31,1,1,0,Month-to-month,Electronic check,1,Fiber optic,1,0,0,1,0,0,0,85.34,2504.96,1,0,183.7,70,7.5,1
CUST-102587,29,1,0,0,One year,Bank transfer (auto),0,Fiber optic,0,0,1,0,0,1,0,86.94,2383.2,4,0,295.0,88,6.7,1
CUST-102588,9,0,1,0,One year,Electronic check,1,No,0,0,0,0,0,0,0,18.0,161.42,1,2,241.0,73,6.8,0
CUST-102589,6,1,0,1,One year,Mailed check,1,Fiber optic,1,0,1,1,0,0,1,88.97,512.25,1,0,40.3,25,6.2,0
CUST-102590,9,0,1,0,Month-to-month,Electronic check,1,Fiber optic,1,0,0,0,0,1,1,94.52,804.24,3,1,260.1,25,5.9,1
CUST-102591,4,1,0,0,Month-to-month,Electronic check,0,DSL,0,1,0,0,1,0,0,50.56,191.16,2,2,110.1,30,6.1,1
CUST-102592,20,1,0,0,Two year,Mailed check,0,DSL,0,0,1,0,0,0,1,36.85,700.35,2,0,209.8,21,8.0,0
CUST-102593,18,0,0,1,Month-to-month,Bank transfer (auto),0,No,1,0,0,0,0,0,0,38.9,660.06,3,0,219.2,38,6.8,0
CUST-102594,14,1,1,1,Month-to-month,Electronic check,0,Fiber optic,1,0,1,0,0,0,1,92.81,1226.69,2,3,248.0,43,3.6,1
CUST-102595,8,0,1,1,Month-to-month,Electronic check,1,No,0,0,0,0,0,0,0,24.6,187.78,3,1,173.0,56,7.0,1
CUST-102596,3,0,1,0,Month-to-month,Electronic check,0,Fiber optic,0,1,0,0,0,0,0,76.52,223.85,0,2,208.4,21,7.4,0
CUST-102597,55,1,0,1,Month-to-month,Electronic check,1,No,0,0,0,0,0,0,0,19.29,996.5,2,5,179.1,88,2.4,1
CUST-102598,20,0,0,0,Month-to-month,Bank transfer (auto),0,Fiber optic,0,1,0,1,0,1,0,72.07,1393.03,1,1,192.5,13,5.8,0
CUST-102599,36,0,1,0,One year,Electronic check,1,Fiber optic,0,0,0,0,0,1,1,77.47,2731.74,3,0,304.2,74,7.6,0
CUST-102600,43,0,0,1,Month-to-month,Bank transfer (auto),0,DSL,1,1,1,1,0,1,1,73.83,2970.78,5,0,211.1,48,6.0,0
CUST-102601,37,0,1,0,One year,Mailed check,1,DSL,1,0,1,0,0,0,0,56.47,2040.91,1,1,96.7,64,8.3,0
CUST-102602,13,1,0,0,One year,Electronic check,1,Fiber optic,1,1,1,1,0,0,0,94.72,1194.62,3,0,201.8,55,7.1,0
CUST-102603,24,1,1,0,Month-to-month,Bank transfer (auto),1,Fiber optic,1,0,1,0,0,0,0,91.31,2070.52,3,0,146.6,59,6.6,0
CUST-102604,1,0,1,1,Two year,Bank transfer (auto),1,DSL,0,0,0,0,0,0,0,44.3,42.86,1,0,258.3,41,7.6,0
CUST-102605,41,1,0,1,Two year,Bank transfer (auto),1,Fiber optic,0,0,1,0,0,0,0,73.02,2993.05,0,1,243.2,22,6.5,0
CUST-102606,57,0,0,0,Month-to-month,Mailed check,0,Fiber optic,0,0,0,1,0,0,1,87.78,4809.07,2,1,225.0,35,7.6,0
CUST-102607,66,1,1,1,One year,Electronic check,0,Fiber optic,0,0,0,0,0,1,1,73.99,4815.75,2,0,63.6,47,6.7,0
CUST-102608,7,0,0,0,One year,Bank transfer (auto),0,Fiber optic,1,0,0,0,0,1,0,82.06,560.58,2,2,200.2,19,6.3,1
CUST-102609,6,0,1,0,One year,Credit card (auto),1,DSL,0,0,0,0,0,0,1,49.42,291.03,1,3,78.5,15,7.9,0
CUST-102610,16,0,1,0,Month-to-month,Mailed check,0,Fiber optic,0,0,0,0,0,0,1,69.49,1030.76,2,0,82.8,0,7.7,0
CUST-102611,25,0,0,0,Month-to-month,Bank transfer (auto),1,Fiber optic,0,0,1,0,0,1,0,76.71,1903.2,3,1,162.2,81,6.5,1
CUST-102612,22,0,1,0,Month-to-month,Mailed check,0,Fiber optic,1,0,1,0,0,0,0,80.28,1648.56,1,0,228.8,63,6.0,0
CUST-102613,48,0,0,1,Month-to-month,Credit card (auto),1,Fiber optic,0,0,0,0,0,0,1,78.91,3579.29,2,1,203.1,15,5.7,0
CUST-102614,18,0,1,1,Month-to-month,Electronic check,1,DSL,0,0,0,0,0,1,0,47.51,833.45,5,1,132.7,1,5.2,0
CUST-102615,17,0,0,0,Two year,Mailed check,1,Fiber optic,1,0,0,0,0,0,1,80.68,1298.51,1,1,184.2,29,4.4,0
CUST-102616,19,0,1,1,Month-to-month,Mailed check,1,No,1,0,0,0,0,0,0,30.59,555.67,2,0,318.8,46,7.4,0
CUST-102617,14,0,0,1,Month-to-month,Bank transfer (auto),0,DSL,0,0,1,1,0,0,1,55.33,736.77,4,0,121.6,85,5.3,1
CUST-102618,13,0,0,0,Month-to-month,Bank transfer (auto),1,DSL,0,1,1,0,0,0,0,48.3,623.04,2,3,11.5,59,6.4,0
CUST-102619,9,0,0,0,Month-to-month,Bank transfer (auto),0,No,0,0,0,0,0,0,0,35.68,303.66,2,1,174.5,65,5.4,0
CUST-102620,4,0,0,0,One year,Bank transfer (auto),1,Fiber optic,1,0,1,1,0,1,0,90.94,339.77,4,0,86.6,27,7.8,1
CUST-102621,7,0,1,0,Two year,Mailed check,1,DSL,0,0,0,0,0,0,0,46.12,300.54,1,0,204.1,54,5.1,0
CUST-102622,4,0,0,0,Month-to-month,Electronic check,0,Fiber optic,0,0,1,0,0,0,1,77.15,285.91,3,1,37.7,77,2.6,1
CUST-102623,16,0,0,0,Month-to-month,Credit card (auto),0,No,0,0,0,0,0,0,0,18.0,285.99,4,0,5.0,32,7.1,0
CUST-102624,72,0,0,0,Month-to-month,Electronic check,0,DSL,0,0,1,1,0,0,0,50.66,3572.26,2,5,113.6,60,3.2,1
CUST-102625,21,0,0,0,Two year,Electronic check,1,Fiber optic,1,0,0,1,1,0,0,80.07,1628.59,1,1,272.7,74,5.7,0
CUST-102626,19,0,0,0,Month-to-month,Electronic check,0,No,0,0,0,0,0,0,0,23.03,429.62,6,3,129.8,20,1.7,1
CUST-102627,20,1,0,0,Month-to-month,Mailed check,0,DSL,0,0,0,0,1,0,0,51.76,1001.18,0,1,249.7,2,8.8,0
CUST-102628,6,0,1,0,Month-to-month,Mailed check,0,No,1,0,0,0,0,0,0,31.25,185.77,2,0,178.0,10,7.5,0
CUST-102629,16,0,1,1,Month-to-month,Bank transfer (auto),1,No,0,0,0,0,0,0,0,18.0,270.94,3,1,24.2,80,7.1,0
CUST-102630,5,0,1,0,Month-to-month,Bank transfer (auto),1,Fiber optic,0,0,0,1,0,0,0,62.28,302.31,3,1,177.9,11,7.5,0
CUST-102631,26,0,0,0,Two year,Electronic check,1,Fiber optic,0,0,0,0,0,1,0,60.64,1553.4,0,2,290.6,74,7.7,0
CUST-102632,44,0,1,0,Month-to-month,Electronic check,0,Fiber optic,1,0,0,0,1,0,0,84.66,3441.45,4,0,206.5,40,5.7,0
CUST-102633,6,0,1,0,Month-to-month,Credit card (auto),0,Fiber optic,1,0,1,1,0,1,0,88.89,497.14,6,0,284.2,83,5.3,0
CUST-102634,66,1,1,0,Month-to-month,Bank transfer (auto),0,DSL,0,1,0,1,0,1,0,50.59,3286.93,0,0,193.3,42,8.4,0
CUST-102635,53,1,0,0,Month-to-month,Credit card (auto),1,DSL,0,0,0,0,1,0,0,52.56,2569.25,1,1,291.7,5,7.5,0
CUST-102636,0,0,0,0,Two year,Electronic check,0,DSL,1,1,0,0,0,1,0,66.98,65.98,0,1,205.2,78,6.2,1
CUST-102637,11,0,0,0,One year,Credit card (auto),1,Fiber optic,1,0,0,1,0,0,1,86.4,918.54,2,0,34.3,71,6.6,0
CUST-102638,5,0,0,0,Two year,Credit card (auto),0,Fiber optic,1,0,0,1,0,1,0,83.26,402.51,3,0,93.6,30,6.3,0
CUST-102639,4,0,1,1,Two year,Mailed check,1,No,1,0,0,0,0,0,0,26.41,101.95,2,0,278.6,1,7.7,0
CUST-102640,42,1,0,0,One year,Bank transfer (auto),0,Fiber optic,1,0,1,0,0,0,0,89.28,3683.01,1,0,116.1,53,7.2,1
CUST-102641,30,0,0,0,One year,Electronic check,1,Fiber optic,0,1,0,1,0,0,0,85.1,2490.46,3,2,180.7,69,6.2,0
CUST-102642,16,0,0,0,Month-to-month,Bank transfer (auto),1,Fiber optic,1,0,0,1,0,0,1,85.39,1283.44,2,0,210.2,4,5.5,0
CUST-102643,39,0,0,0,One year,Credit card (auto),1,Fiber optic,0,0,1,0,1,0,1,84.07,3220.92,3,0,165.5,25,7.1,0
CUST-102644,35,0,0,0,One year,Mailed check,1,Fiber optic,0,0,1,1,1,1,0,115.04,3927.77,1,1,140.0,26,6.5,0
CUST-102645,2,0,0,0,One year,Electronic check,1,DSL,0,0,0,0,0,0,0,57.44,113.5,1,2,220.9,0,7.1,0
CUST-102646,2,0,1,0,Month-to-month,Mailed check,1,DSL,1,0,0,0,0,0,1,57.53,113.57,0,2,173.0,58,6.5,1
CUST-102647,34,0,0,1,One year,Bank transfer (auto),1,Fiber optic,0,1,1,1,1,0,0,96.34,3100.02,0,0,256.6,5,6.7,0
CUST-102648,2,0,1,0,Month-to-month,Bank transfer (auto),0,No,1,0,0,0,0,0,0,30.07,58.02,5,0,80.9,85,5.2,1
CUST-102649,45,1,1,0,One year,Mailed check,1,No,0,0,0,0,0,0,0,28.66,1264.31,2,0,132.6,82,5.8,1
CUST-102650,25,0,1,0,Month-to-month,Credit card (auto),1,Fiber optic,1,1,0,0,0,0,1,82.48,1956.62,1,1,334.3,63,6.3,0
CUST-102651,31,0,1,0,Month-to-month,Electronic check,1,Fiber optic,0,1,0,0,0,1,0,83.22,2576.26,0,2,329.4,11,6.8,0
CUST-102652,13,0,0,0,Month-to-month,Electronic check,0,Fiber optic,0,0,1,1,1,0,0,89.41,1126.0,2,2,171.3,29,6.3,0
CUST-102653,7,0,1,0,One year,Electronic check,1,Fiber optic,0,1,1,1,0,0,0,83.16,576.27,1,0,81.8,31,5.1,1
CUST-102654,10,1,1,1,One year,Credit card (auto),0,DSL,1,0,0,1,0,1,1,63.74,619.34,0,2,278.5,28,8.3,0
CUST-102655,3,0,0,1,Month-to-month,Bank transfer (auto),0,DSL,1,1,0,0,1,1,1,72.16,200.21,2,1,388.9,62,6.2,0
CUST-102656,10,0,0,1,Month-to-month,Credit card (auto),1,DSL,0,0,1,1,0,0,0,45.67,447.79,5,0,51.5,39,7.5,1
CUST-102657,28,0,1,0,Month-to-month,Credit card (auto),1,No,1,0,0,0,0,0,0,25.44,668.82,1,0,263.3,7,7.5,0
CUST-102658,50,0,0,0,Month-to-month,Mailed check,1,Fiber optic,1,0,1,0,0,1,0,83.5,4101.78,0,0,229.7,52,5.7,0
CUST-102659,2,1,1,0,Month-to-month,Electronic check,0,Fiber optic,0,1,0,0,0,0,0,79.43,149.28,3,3,98.6,52,4.5,0
CUST-102660,47,0,0,1,One year,Bank transfer (auto),1,No,1,0,0,0,0,0,0,30.9,1349.36,2,0,268.3,2,6.9,0
CUST-102661,72,0,0,0,One year,Mailed check,1,Fiber optic,0,0,0,0,0,0,0,73.68,5177.37,3,0,88.4,54,4.9,0
CUST-102662,63,0,1,0,Month-to-month,Mailed check,0,Fiber optic,1,0,1,0,0,1,0,93.87,5631.89,1,0,144.2,9,8.3,0
CUST-102663,19,0,1,0,Two year,Electronic check,0,No,1,0,0,0,0,0,0,21.11,369.56,4,0,158.8,33,6.5,0
CUST-102664,47,0,1,0,Month-to-month,Mailed check,1,DSL,1,0,0,0,0,0,1,67.02,3126.49,2,0,75.4,78,9.4,0
CUST-102665,34,0,1,0,One year,Mailed check,1,DSL,1,0,0,1,1,0,1,71.8,2354.87,1,0,175.4,15,7.9,0
CUST-102666,18,0,1,0,Month-to-month,Electronic check,1,Fiber optic,1,1,0,0,0,0,0,74.07,1290.15,1,1,73.6,58,5.6,0
CUST-102667,20,0,0,0,One year,Credit card (auto),0,DSL,1,0,0,1,0,1,1,70.98,1349.08,2,0,137.7,83,7.5,1
CUST-102668,4,0,1,0,Month-to-month,Electronic check,1,Fiber optic,0,0,0,0,0,0,0,73.22,277.84,4,2,300.0,17,5.4,1
CUST-102669,42,0,0,0,Month-to-month,Credit card (auto),1,No,0,0,0,0,0,0,0,22.29,872.74,2,0,252.2,36,6.5,0
CUST-102670,2,0,0,0,Month-to-month,Electronic check,0,No,0,0,0,0,0,0,0,18.0,33.36,2,1,239.1,7,6.9,0
CUST-102671,28,0,1,1,One year,Credit card (auto),0,DSL,1,0,1,0,0,1,0,61.75,1662.31,1,0,270.6,64,5.8,0
CUST-102672,72,0,0,0,Two year,Bank transfer (auto),1,DSL,0,1,0,0,0,0,1,57.81,4049.43,1,1,313.5,81,7.5,0
CUST-102673,34,0,1,0,One year,Electronic check,0,No,0,0,0,0,0,0,0,20.08,659.05,0,1,28.2,1,7.7,0
CUST-102674,19,0,0,0,One year,Electronic check,0,No,0,0,0,0,0,0,0,18.0,341.55,2,1,206.8,84,6.7,0
CUST-102675,11,0,0,0,Month-to-month,Mailed check,0,DSL,1,0,0,0,0,1,1,59.69,642.24,3,0,91.4,43,3.6,1
CUST-102676,45,0,0,0,One year,Credit card (auto),1,No,0,0,0,0,0,0,0,21.99,978.44,3,0,117.0,69,6.3,0
CUST-102677,2,0,1,0,Two year,Electronic check,1,No,0,0,0,0,0,0,0,18.76,34.6,3,1,68.1,83,4.1,0
CUST-102678,16,0,1,0,Month-to-month,Electronic check,0,DSL,1,0,0,1,0,1,0,73.15,1083.04,3,1,372.1,81,4.2,1
CUST-102679,36,1,0,0,Month-to-month,Bank transfer (auto),1,Fiber optic,0,0,0,0,0,0,1,78.88,2638.99,0,3,10.2,38,5.0,0
CUST-102680,10,0,0,0,Month-to-month,Bank transfer (auto),1,No,0,0,0,0,0,0,0,24.15,234.84,4,0,195.2,33,5.5,0
CUST-102681,12,0,0,1,Month-to-month,Mailed check,0,Fiber optic,0,0,0,0,0,0,1,75.47,899.21,0,1,333.8,87,6.6,1
CUST-102682,2,1,0,0,Month-to-month,Electronic check,0,Fiber optic,1,0,0,0,0,1,1,84.26,157.76,3,2,173.5,89,7.6,1
CUST-102683,4,0,1,0,One year,Bank transfer (auto),1,No,1,0,0,0,0,0,0,38.09,150.76,0,1,5.0,36,8.1,0
CUST-102684,1,0,1,1,One year,Electronic check,1,No,0,0,0,0,0,0,0,18.0,16.87,3,4,380.6,75,6.8,0
CUST-102685,10,0,0,1,Month-to-month,Bank transfer (auto),0,DSL,1,0,1,0,1,1,0,66.86,651.3,0,2,359.7,18,8.2,1
CUST-102686,18,0,0,0,Two year,Electronic check,0,Fiber optic,1,0,0,0,0,0,0,77.43,1288.04,4,1,86.0,48,4.0,1
CUST-102687,10,0,1,0,Two year,Credit card (auto),1,No,0,0,0,0,0,0,0,18.0,170.33,2,0,278.8,85,5.6,0
CUST-102688,8,0,0,0,One year,Bank transfer (auto),1,DSL,0,0,0,0,0,0,0,47.6,366.06,3,0,210.8,61,2.7,1
CUST-102689,28,0,0,1,Two year,Bank transfer (auto),1,DSL,1,1,1,1,0,0,1,76.8,2078.32,2,1,56.0,44,6.4,0
CUST-102690,66,0,1,0,Two year,Credit card (auto),0,No,0,0,0,0,0,0,0,18.0,1123.7,4,0,274.6,75,7.7,0
CUST-102691,18,0,0,1,Month-to-month,Credit card (auto),0,Fiber optic,0,0,0,1,1,0,0,77.18,1328.37,1,1,133.7,11,7.1,0
CUST-102692,19,0,0,0,Two year,Credit card (auto),0,DSL,1,1,0,0,0,0,0,52.53,925.03,4,0,187.6,63,4.5,0
CUST-102693,8,0,0,0,Month-to-month,Bank transfer (auto),1,DSL,1,0,0,0,0,0,1,68.22,518.98,3,0,244.5,27,5.1,1
CUST-102694,11,0,1,1,Month-to-month,Credit card (auto),1,No,0,0,0,0,0,0,0,22.56,235.51,0,0,227.7,6,7.8,0
CUST-102695,10,0,0,0,Month-to-month,Electronic check,1,DSL,0,1,0,0,0,0,1,61.86,570.69,3,2,231.9,64,5.2,0
CUST-102696,72,1,1,0,One year,Bank transfer (auto),1,DSL,0,1,0,0,1,0,0,51.49,3572.94,2,0,75.6,29,8.3,0
CUST-102697,30,0,0,0,Two year,Bank transfer (auto),1,No,1,0,0,0,0,0,0,31.31,936.59,1,1,5.0,68,7.7,0
CUST-102698,37,0,0,0,Month-to-month,Bank transfer (auto),1,No,0,0,0,0,0,0,0,18.0,641.24,2,0,112.8,53,6.2,0
CUST-102699,5,0,1,0,One year,Credit card (auto),1,Fiber optic,0,0,1,0,1,0,1,79.87,368.84,2,0,259.7,69,5.4,0
CUST-102700,42,0,0,0,Month-to-month,Bank transfer (auto),0,Fiber optic,1,1,0,0,0,0,1,99.17,3854.95,0,0,70.3,50,8.1,0
CUST-102701,14,0,0,0,Two year,Bank transfer (auto),1,Fiber optic,1,0,0,1,0,1,0,89.44,1229.99,1,0,169.6,80,6.0,0
CUST-102702,4,0,0,0,Month-to-month,Credit card (auto),0,DSL,1,0,1,1,0,1,0,64.52,250.2,3,0,205.3,17,6.8,0
CUST-102703,25,0,1,1,One year,Bank transfer (auto),0,No,1,0,0,0,0,0,0,18.0,436.74,1,1,171.0,16,7.4,0
CUST-102704,4,0,0,0,One year,Electronic check,0,Fiber optic,1,0,1,1,0,0,1,92.58,365.46,3,2,300.0,63,5.0,1
CUST-102705,14,1,1,0,Month-to-month,Electronic check,1,Fiber optic,0,0,0,0,1,0,0,71.97,938.76,1,0,130.4,46,9.3,1
CUST-102706,3,0,0,0,Two year,Mailed check,1,Fiber optic,0,0,0,0,0,0,0,75.08,225.09,1,0,168.0,37,6.5,0
CUST-102707,19,0,0,0,Two year,Electronic check,0,Fiber optic,0,0,0,1,0,0,0,65.78,1213.13,0,0,202.2,89,8.5,0
CUST-102708,5,0,0,1,Month-to-month,Bank transfer (auto),1,DSL,1,0,0,0,0,1,0,62.84,313.72,1,2,194.3,25,7.4,1
CUST-102709,6,0,0,1,One year,Credit card (auto),1,Fiber optic,0,0,1,0,0,0,0,71.78,415.83,0,2,42.8,26,6.3,0
CUST-102710,4,0,1,1,Two year,Electronic check,0,Fiber optic,1,0,0,0,0,0,0,71.78,283.08,2,1,311.4,24,4.7,1
CUST-102711,1,1,0,1,Month-to-month,Credit card (auto),1,No,0,0,0,0,0,0,0,21.11,20.35,3,0,271.8,87,6.2,1
CUST-102712,3,0,1,0,Month-to-month,Bank transfer (auto),1,No,0,0,0,0,0,0,0,30.9,87.05,2,0,100.2,59,7.5,1
CUST-102713,36,1,0,0,One year,Credit card (auto),0,DSL,0,1,0,1,0,0,0,58.33,2085.1,3,0,229.7,5,6.1,0
CUST-102714,11,0,1,0,One year,Electronic check,1,Fiber optic,0,0,1,0,0,1,0,80.86,852.88,1,1,145.8,16,6.2,0
CUST-102715,43,0,0,1,One year,Mailed check,1,Fiber optic,0,1,0,0,1,0,0,75.77,3078.13,1,1,258.5,36,7.8,0
CUST-102716,64,0,1,0,One year,Bank transfer (auto),1,Fiber optic,0,0,1,0,0,0,1,87.5,5540.84,1,0,315.1,70,7.2,0
CUST-102717,69,1,0,0,One year,Bank transfer (auto),0,No,0,0,0,0,0,0,0,22.09,1455.77,4,2,33.8,82,4.3,0
CUST-102718,2,0,1,1,Month-to-month,Credit card (auto),0,Fiber optic,0,0,0,1,1,1,0,71.65,135.43,1,1,341.8,76,5.1,1
CUST-102719,19,0,1,0,Month-to-month,Credit card (auto),1,DSL,0,0,0,0,0,0,0,49.57,924.35,5,2,329.1,0,5.7,0
CUST-102720,3,0,1,1,Month-to-month,Electronic check,1,Fiber optic,0,0,0,0,0,0,0,71.44,203.36,0,4,93.1,52,5.2,1
CUST-102721,51,0,0,1,Month-to-month,Mailed check,0,DSL,0,0,1,0,0,0,0,48.76,2360.3,2,0,5.0,39,5.9,0
CUST-102722,36,0,1,1,One year,Bank transfer (auto),1,DSL,1,0,0,1,0,0,1,69.44,2473.53,4,1,184.0,72,6.9,0
CUST-102723,11,0,0,0,Two year,Electronic check,1,DSL,1,1,1,1,0,0,0,62.05,668.36,1,1,210.5,79,10.0,0
CUST-102724,12,0,0,0,Month-to-month,Credit card (auto),1,Fiber optic,0,0,0,0,0,1,1,75.81,853.17,3,0,89.6,6,8.8,0
CUST-102725,19,0,0,1,One year,Bank transfer (auto),1,Fiber optic,0,0,1,0,0,0,1,77.91,1373.13,3,0,100.7,55,6.2,0
CUST-102726,28,0,1,0,Month-to-month,Credit card (auto),0,Fiber optic,1,0,0,0,0,0,1,84.94,2269.67,1,0,239.5,51,8.8,1
CUST-102727,45,0,0,0,Month-to-month,Credit card (auto),1,Fiber optic,1,0,0,0,1,0,1,83.3,3596.77,2,0,179.1,54,5.1,0
CUST-102728,3,0,1,1,Two year,Electronic check,1,DSL,0,0,0,0,0,1,0,43.49,122.31,1,5,113.5,42,5.3,0
CUST-102729,20,0,1,1,Month-to-month,Mailed check,1,Fiber optic,1,0,1,1,1,0,0,90.24,1804.44,1,0,247.4,20,6.7,0
CUST-102730,12,0,0,1,One year,Bank transfer (auto),1,DSL,1,0,0,0,0,0,0,49.93,564.96,1,1,186.4,17,5.8,0
CUST-102731,8,1,0,0,Month-to-month,Credit card (auto),0,Fiber optic,1,0,0,0,0,0,1,92.34,688.23,3,0,359.6,57,6.4,1
CUST-102732,30,0,1,0,Month-to-month,Bank transfer (auto),1,Fiber optic,1,0,0,1,0,1,0,74.59,2079.65,1,0,383.6,59,7.4,0
CUST-102733,12,0,0,1,One year,Electronic check,1,DSL,1,0,1,0,1,1,1,76.22,849.86,0,1,203.5,41,6.9,1
CUST-102734,34,0,0,0,One year,Bank transfer (auto),1,Fiber optic,0,1,0,0,0,1,1,71.14,2285.55,0,0,169.0,29,7.6,0
CUST-102735,42,0,0,0,One year,Electronic check,0,Fiber optic,1,1,0,0,0,0,0,81.92,3211.67,2,3,186.1,6,4.8,0
CUST-102736,11,0,1,0,Two year,Mailed check,0,DSL,0,0,0,0,0,0,0,38.4,410.96,3,0,118.4,36,2.5,0
CUST-102737,0,0,0,1,Two year,Credit card (auto),1,Fiber optic,0,0,0,0,0,0,0,60.58,58.86,0,0,219.6,12,7.4,1
CUST-102738,72,0,0,0,One year,Electronic check,1,DSL,1,1,1,1,1,0,0,78.81,5270.37,2,2,100.1,56,7.2,0
CUST-102739,29,0,0,0,Month-to-month,Electronic check,1,Fiber optic,1,0,0,0,0,0,0,82.24,2352.25,2,1,201.5,84,7.5,1
CUST-102740,54,0,0,0,Month-to-month,Mailed check,0,DSL,1,1,1,1,0,0,0,66.74,3534.59,1,0,116.7,72,5.4,0
CUST-102741,2,0,1,0,One year,Credit card (auto),1,No,0,0,0,0,0,0,0,20.65,39.34,2,0,108.4,83,4.7,0
CUST-102742,3,0,1,1,One year,Electronic check,1,DSL,0,0,0,1,0,1,0,49.28,140.21,0,2,136.2,85,4.0,1
CUST-102743,1,0,1,0,Month-to-month,Electronic check,0,No,1,0,0,0,0,0,0,25.1,23.48,4,0,138.3,4,6.3,0
CUST-102744,6,0,1,0,Month-to-month,Mailed check,1,DSL,0,1,1,0,1,0,1,58.73,336.68,4,1,212.1,6,5.2,1
CUST-102745,0,0,0,0,Month-to-month,Bank transfer (auto),0,Fiber optic,0,0,0,0,1,1,1,80.22,76.75,1,0,216.4,17,6.4,1
CUST-102746,50,1,1,0,Month-to-month,Electronic check,1,DSL,1,0,1,0,1,1,0,65.1,3098.79,5,0,183.3,13,6.6,0
CUST-102747,9,0,1,0,Month-to-month,Credit card (auto),0,DSL,0,0,1,0,0,0,1,61.85,518.93,4,1,201.8,3,7.4,0
CUST-102748,38,1,1,1,Two year,Credit card (auto),0,DSL,0,0,1,0,0,1,1,61.93,2188.04,1,0,225.1,39,6.2,0
CUST-102749,43,0,1,0,One year,Mailed check,0,DSL,1,0,1,0,0,0,1,63.73,2707.17,2,0,104.0,18,7.6,0
CUST-102750,43,0,0,0,Two year,Electronic check,0,Fiber optic,0,0,0,1,0,1,0,72.91,2921.8,1,1,189.4,45,7.2,0
CUST-102751,16,0,1,0,One year,Mailed check,1,Fiber optic,1,1,1,1,1,0,0,98.55,1559.54,0,1,157.6,48,9.5,0
CUST-102752,72,0,0,1,Month-to-month,Electronic check,0,Fiber optic,1,0,1,0,0,1,0,71.93,5027.86,2,1,114.5,60,6.7,0
CUST-102753,53,0,1,1,One year,Mailed check,0,Fiber optic,0,1,0,0,0,0,1,74.71,3857.11,1,2,262.8,9,5.7,0
CUST-102754,72,0,0,0,Two year,Bank transfer (auto),1,DSL,0,1,1,0,0,0,0,46.47,3179.13,3,0,350.4,5,5.5,0
CUST-102755,21,1,1,0,One year,Electronic check,1,Fiber optic,1,0,0,1,1,0,0,84.63,1656.07,2,1,285.9,87,8.6,0
CUST-102756,49,0,1,0,Month-to-month,Electronic check,1,No,1,0,0,0,0,0,0,26.14,1222.39,3,0,256.9,14,8.7,0
CUST-102757,15,0,1,1,One year,Electronic check,0,DSL,1,0,0,0,1,0,1,59.26,861.64,2,3,210.6,23,5.0,0
CUST-102758,32,0,0,1,Month-to-month,Electronic check,1,No,1,0,0,0,0,0,0,27.75,852.27,2,3,201.6,68,3.4,0
CUST-102759,29,0,1,1,Month-to-month,Electronic check,1,DSL,1,0,0,0,1,0,1,62.76,1803.27,5,2,212.3,80,5.9,0
CUST-102760,2,0,1,1,Month-to-month,Mailed check,1,Fiber optic,0,0,1,0,1,0,1,91.4,169.92,1,1,222.1,28,5.4,0
CUST-102761,5,0,1,0,Month-to-month,Credit card (auto),0,No,0,0,0,0,0,0,0,18.0,88.05,1,1,284.0,59,5.0,0
CUST-102762,37,0,1,0,Two year,Electronic check,1,Fiber optic,0,0,0,1,1,1,1,82.86,2951.92,0,3,156.8,44,5.8,0
CUST-102763,1,0,1,0,Month-to-month,Mailed check,1,Fiber optic,0,0,0,1,0,0,1,78.21,75.7,2,0,192.1,25,5.7,1
CUST-102764,35,0,1,1,Month-to-month,Credit card (auto),0,Fiber optic,0,1,1,1,0,0,0,85.18,2785.24,1,0,280.9,1,4.9,0
CUST-102765,21,1,0,0,One year,Bank transfer (auto),0,Fiber optic,1,1,0,0,0,0,0,82.59,1685.88,2,2,124.7,52,7.2,0
CUST-102766,72,0,0,0,Two year,Credit card (auto),1,Fiber optic,0,1,1,1,0,0,0,94.32,6531.98,3,0,135.3,40,6.0,0
CUST-102767,1,0,1,0,Month-to-month,Mailed check,1,No,0,0,0,0,0,0,0,24.94,24.89,4,0,131.2,9,6.4,0
CUST-102768,17,1,1,0,Month-to-month,Electronic check,1,No,1,0,0,0,0,0,0,36.1,594.95,1,1,147.7,27,5.7,1
CUST-102769,72,0,0,1,Month-to-month,Electronic check,1,DSL,0,0,1,1,0,1,0,61.07,4230.07,0,1,269.1,71,7.1,0
CUST-102770,0,0,0,0,One year,Bank transfer (auto),1,Fiber optic,0,0,1,0,0,1,0,79.36,74.27,3,2,353.6,87,5.5,1
CUST-102771,26,0,0,1,Two year,Credit card (auto),0,Fiber optic,1,1,1,0,0,0,0,71.67,1737.97,3,1,113.9,50,6.8,1
CUST-102772,10,0,1,0,Month-to-month,Mailed check,0,Fiber optic,0,0,1,1,1,1,1,92.64,886.66,2,0,50.4,20,5.4,1
CUST-102773,7,1,1,0,Two year,Mailed check,0,DSL,0,1,0,0,0,0,0,47.37,323.63,2,0,130.8,68,7.8,0
CUST-102774,33,0,1,1,One year,Mailed check,0,No,1,0,0,0,0,0,0,26.03,798.57,0,1,188.5,83,6.9,0
CUST-102775,15,0,0,1,One year,Electronic check,0,Fiber optic,1,0,0,0,0,0,0,83.74,1245.6,2,0,145.1,56,5.5,0
CUST-102776,20,1,0,1,Month-to-month,Electronic check,1,DSL,1,0,1,1,1,0,1,62.84,1241.82,1,3,217.0,67,6.7,0
CUST-102777,0,0,1,0,Two year,Credit card (auto),1,DSL,1,0,0,0,1,0,0,63.83,58.8,2,0,169.9,30,8.4,0
CUST-102778,19,1,0,0,Month-to-month,Electronic check,0,Fiber optic,1,1,1,0,0,1,0,95.07,1775.61,3,1,266.8,38,7.1,0
CUST-102779,2,0,0,1,Month-to-month,Mailed check,0,Fiber optic,1,0,1,0,0,0,0,83.61,166.3,2,0,216.3,75,7.7,1
CUST-102780,16,0,0,1,Month-to-month,Bank transfer (auto),1,DSL,1,1,0,0,0,1,0,66.64,1033.56,2,1,5.0,84,6.5,1
CUST-102781,2,0,1,1,Month-to-month,Mailed check,1,DSL,0,1,0,0,0,1,0,42.98,83.77,1,0,80.0,53,5.9,1
CUST-102782,26,0,0,1,Month-to-month,Credit card (auto),0,DSL,0,0,0,1,0,1,1,60.51,1470.45,5,3,153.8,11,4.5,0
CUST-102783,5,0,0,0,Month-to-month,Electronic check,1,Fiber optic,1,0,0,1,1,0,0,77.79,374.3,2,1,43.2,31,6.7,0
CUST-102784,1,0,0,0,Month-to-month,Credit card (auto),0,Fiber optic,0,0,0,1,1,1,1,89.82,85.85,2,0,221.1,62,8.3,1
CUST-102785,41,0,1,1,Month-to-month,Electronic check,1,DSL,0,0,0,0,0,0,0,37.47,1451.1,3,0,259.6,43,5.1,0
CUST-102786,6,0,0,0,One year,Electronic check,0,No,1,0,0,0,0,0,0,22.88,131.61,1,3,202.9,88,7.5,0
CUST-102787,0,0,0,1,One year,Mailed check,1,DSL,1,0,0,1,1,0,0,58.93,54.32,0,0,158.1,78,8.9,0
CUST-102788,29,0,0,0,One year,Credit card (auto),1,No,0,0,0,0,0,0,0,18.0,490.34,2,0,163.4,40,8.2,0
CUST-102789,18,0,0,1,Month-to-month,Mailed check,0,No,1,0,0,0,0,0,0,28.78,490.69,3,0,113.4,44,7.2,0
CUST-102790,23,1,1,1,Month-to-month,Electronic check,1,DSL,1,0,0,0,0,1,0,61.38,1319.56,1,5,171.7,88,5.6,0
CUST-102791,49,0,1,0,One year,Mailed check,1,No,1,0,0,0,0,0,0,42.02,1919.74,5,0,81.2,47,4.7,0
CUST-102792,5,1,0,1,One year,Electronic check,1,Fiber optic,0,0,1,0,0,1,1,79.05,380.85,0,1,138.3,81,8.8,0
CUST-102793,7,1,1,0,Month-to-month,Credit card (auto),1,No,1,0,0,0,0,0,0,28.36,197.69,2,1,113.6,8,6.9,0
CUST-102794,33,0,0,0,Two year,Credit card (auto),1,Fiber optic,1,0,0,0,1,0,0,81.55,2591.6,2,0,114.7,36,4.9,0
CUST-102795,11,0,1,1,One year,Bank transfer (auto),1,No,0,0,0,0,0,0,0,18.0,194.0,3,1,375.1,29,7.5,0
CUST-102796,7,0,0,0,Two year,Mailed check,1,Fiber optic,1,1,0,1,1,0,0,79.27,525.84,2,0,154.2,67,7.1,0
CUST-102797,40,0,0,0,One year,Bank transfer (auto),0,DSL,0,0,1,0,0,0,0,43.34,1730.47,3,0,216.3,77,6.6,0
CUST-102798,10,0,1,0,Month-to-month,Bank transfer (auto),0,No,1,0,0,0,0,0,0,24.19,229.42,2,0,170.6,4,9.0,0
CUST-102799,10,1,1,1,Two year,Electronic check,1,No,0,0,0,0,0,0,0,18.0,179.14,1,3,81.5,74,5.9,0
CUST-102800,70,1,1,0,Two year,Mailed check,0,DSL,0,0,1,0,0,1,0,44.96,3113.61,4,1,203.1,41,3.0,1
CUST-102801,0,0,1,1,Two year,Bank transfer (auto),0,Fiber optic,0,0,0,0,1,1,0,76.71,75.72,0,1,56.3,27,7.6,1
CUST-102802,72,0,1,0,Two year,Credit card (auto),0,No,0,0,0,0,0,0,0,18.47,1325.27,5,1,200.0,61,4.5,0
CUST-102803,10,0,1,0,Two year,Mailed check,0,Fiber optic,1,0,0,1,1,0,0,81.12,802.75,0,0,204.9,74,7.2,0
CUST-102804,72,0,0,1,One year,Credit card (auto),1,Fiber optic,0,0,0,0,1,1,0,83.06,5947.29,0,0,162.2,25,6.7,0
CUST-102805,3,0,0,0,Month-to-month,Bank transfer (auto),1,DSL,0,1,0,1,1,1,1,56.77,163.42,1,1,82.2,76,5.1,1
CUST-102806,21,0,1,1,Month-to-month,Credit card (auto),0,Fiber optic,1,0,0,1,1,0,1,92.7,1826.93,2,2,239.1,4,7.3,0
CUST-102807,32,0,1,1,One year,Credit card (auto),0,Fiber optic,0,0,1,0,1,1,0,81.66,2541.8,2,0,311.1,2,8.9,0
CUST-102808,33,0,1,1,One year,Electronic check,1,Fiber optic,0,0,0,0,1,1,1,83.55,2637.89,2,0,5.0,8,7.5,0
CUST-102809,2,1,0,1,Month-to-month,Mailed check,1,Fiber optic,0,1,0,0,0,1,0,81.03,150.21,3,0,109.0,65,5.3,1
CUST-102810,2,0,0,0,Month-to-month,Credit card (auto),1,Fiber optic,0,0,0,0,0,1,1,80.3,158.98,1,0,84.6,83,6.8,1
CUST-102811,23,1,0,1,Two year,Credit card (auto),1,DSL,0,1,0,0,1,0,0,41.8,884.49,0,1,120.1,62,10.0,0
CUST-102812,2,0,1,0,Month-to-month,Electronic check,0,Fiber optic,1,1,0,0,0,0,0,80.51,152.17,3,1,143.3,72,7.0,1
CUST-102813,39,0,0,0,Month-to-month,Bank transfer (auto),1,DSL,1,0,0,0,0,0,0,55.34,1990.7,2,1,161.1,63,6.3,1
CUST-102814,45,1,1,0,One year,Credit card (auto),0,Fiber optic,0,0,0,0,1,0,0,77.04,3295.33,0,0,343.9,34,6.0,0
CUST-102815,4,0,0,1,Month-to-month,Electronic check,0,No,1,0,0,0,0,0,0,22.76,84.5,1,2,147.5,25,6.5,0
CUST-102816,35,0,0,0,Month-to-month,Mailed check,1,Fiber optic,1,0,1,0,0,0,0,75.56,2591.09,4,0,223.1,57,5.3,0
CUST-102817,1,0,1,0,One year,Mailed check,0,DSL,1,0,0,0,0,0,1,60.47,58.96,0,0,201.7,18,8.2,0
CUST-102818,72,0,0,0,Two year,Mailed check,1,No,1,0,0,0,0,0,0,30.48,2022.96,3,0,183.2,59,6.1,0
CUST-102819,18,0,1,0,Month-to-month,Bank transfer (auto),1,DSL,1,0,0,1,1,0,0,55.07,924.36,0,0,258.1,58,9.3,0
CUST-102820,32,0,0,1,Month-to-month,Electronic check,1,DSL,0,1,1,0,1,1,0,54.83,1633.99,0,2,154.0,82,9.1,0
CUST-102821,31,0,0,0,Month-to-month,Credit card (auto),1,No,0,0,0,0,0,0,0,18.0,548.67,2,1,260.2,48,4.0,0
CUST-102822,26,0,1,1,One year,Electronic check,0,DSL,0,1,0,0,0,0,1,48.78,1227.01,3,2,335.8,83,6.4,1
CUST-102823,21,0,1,1,Month-to-month,Credit card (auto),1,Fiber optic,1,0,1,1,0,0,0,87.18,1756.57,2,0,95.5,52,8.5,0
CUST-102824,1,0,0,0,Month-to-month,Electronic check,0,No,0,0,0,0,0,0,0,27.49,27.25,2,1,265.0,82,7.6,1
CUST-102825,48,0,0,0,One year,Credit card (auto),1,DSL,0,1,0,0,0,1,0,45.89,2072.22,3,1,206.0,11,3.2,0
CUST-102826,22,1,1,0,Two year,Mailed check,0,No,0,0,0,0,0,0,0,18.52,384.06,2,0,209.2,73,9.0,0
CUST-102827,7,0,1,0,Month-to-month,Bank transfer (auto),0,Fiber optic,1,0,0,0,0,0,0,72.68,500.46,2,0,162.2,63,4.6,1
CUST-102828,10,0,1,0,One year,Electronic check,0,Fiber optic,1,0,1,1,0,0,1,95.33,880.12,4,2,258.3,75,3.0,1
CUST-102829,11,0,1,0,One year,Bank transfer (auto),1,Fiber optic,0,1,0,1,0,1,1,92.22,989.98,1,0,42.6,64,4.8,1
CUST-102830,2,1,0,1,Month-to-month,Electronic check,1,Fiber optic,0,0,0,0,0,0,0,63.84,123.03,0,0,166.5,9,7.9,1
CUST-102831,5,0,1,0,Two year,Electronic check,0,No,0,0,0,0,0,0,0,25.83,123.63,2,3,68.1,33,4.5,0
CUST-102832,0,0,1,0,Month-to-month,Bank transfer (auto),0,No,0,0,0,0,0,0,0,24.24,22.38,2,1,9.3,47,5.2,0
CUST-102833,21,1,1,0,Month-to-month,Electronic check,0,Fiber optic,0,0,1,1,0,1,1,86.23,1691.01,3,3,274.9,60,4.7,0
CUST-102834,13,0,1,1,Month-to-month,Credit card (auto),1,Fiber optic,0,0,1,0,0,1,0,82.7,1018.26,1,0,53.1,56,8.4,1
CUST-102835,72,1,1,0,Month-to-month,Bank transfer (auto),1,Fiber optic,0,0,1,0,1,0,1,74.52,5210.5,3,0,319.6,39,7.5,0
CUST-102836,7,0,1,1,One year,Electronic check,1,Fiber optic,0,0,1,0,0,1,0,89.66,587.85,2,1,221.8,68,4.5,1
CUST-102837,21,0,0,0,One year,Credit card (auto),1,DSL,0,0,0,1,1,0,0,53.55,1124.53,2,0,192.3,66,5.9,0
CUST-102838,2,1,0,1,One year,Electronic check,0,DSL,1,0,1,0,0,0,0,64.26,127.8,1,0,108.5,16,4.8,1
CUST-102839,9,1,1,0,One year,Credit card (auto),1,DSL,0,1,0,0,1,1,0,54.11,477.97,0,0,258.7,81,6.9,0
CUST-102840,23,0,1,0,Month-to-month,Electronic check,1,Fiber optic,1,0,0,0,0,1,0,72.21,1619.77,6,1,276.1,45,5.4,0
CUST-102841,72,0,0,0,Two year,Bank transfer (auto),1,DSL,0,0,1,1,0,1,1,65.01,4593.8,1,2,185.0,13,6.0,0
CUST-102842,72,0,0,0,Two year,Credit card (auto),0,Fiber optic,0,0,1,0,0,0,1,73.75,5191.24,2,1,321.1,43,4.7,0
CUST-102843,1,0,1,1,Month-to-month,Electronic check,1,No,0,0,0,0,0,0,0,18.0,17.24,2,1,171.6,39,7.4,0
CUST-102844,23,0,1,0,One year,Bank transfer (auto),1,DSL,1,0,0,1,1,0,1,67.13,1433.37,1,1,148.9,16,7.0,0
CUST-102845,6,0,1,0,Two year,Electronic check,0,Fiber optic,0,1,0,0,0,0,0,78.7,440.97,0,2,198.6,35,5.7,0
CUST-102846,50,0,0,0,Month-to-month,Bank transfer (auto),0,DSL,0,0,0,1,0,0,1,55.33,2734.12,2,2,330.3,67,8.0,0
CUST-102847,32,0,0,0,Month-to-month,Electronic check,1,Fiber optic,0,0,0,0,0,1,0,80.02,2542.69,8,2,107.0,7,4.3,1
CUST-102848,6,0,0,1,Month-to-month,Electronic check,1,DSL,1,0,1,1,0,0,0,59.98,343.91,3,2,276.6,27,5.6,1
CUST-102849,12,0,1,0,Two year,Electronic check,1,No,0,0,0,0,0,0,0,27.35,320.7,0,1,229.7,5,7.5,0
CUST-102850,0,0,0,1,One year,Bank transfer (auto),0,DSL,1,1,0,0,1,0,0,66.12,64.92,2,0,236.4,2,5.2,0
CUST-102851,12,0,1,1,One year,Credit card (auto),1,No,0,0,0,0,0,0,0,18.0,208.88,1,0,159.8,28,4.9,1
CUST-102852,19,0,1,0,Two year,Credit card (auto),1,DSL,1,0,0,0,1,0,0,60.5,1065.4,1,0,126.0,68,6.3,0
CUST-102853,15,0,1,0,Month-to-month,Bank transfer (auto),1,No,0,0,0,0,0,0,0,19.34,267.69,4,0,210.9,61,6.9,0
CUST-102854,31,0,1,0,Two year,Credit card (auto),1,DSL,0,0,1,0,1,0,0,48.39,1405.16,1,2,123.0,56,5.9,0
CUST-102855,4,0,1,0,Month-to-month,Credit card (auto),0,DSL,1,1,0,0,0,1,1,69.11,260.4,6,1,196.3,66,4.5,1
CUST-102856,42,0,1,1,One year,Mailed check,0,No,1,0,0,0,0,0,0,29.7,1165.74,1,0,160.8,2,9.4,0
CUST-102857,11,0,0,0,Month-to-month,Electronic check,1,DSL,0,1,1,0,0,0,0,57.15,600.85,5,2,232.3,86,3.0,1
CUST-102858,12,0,0,0,Month-to-month,Bank transfer (auto),1,Fiber optic,0,0,0,0,0,0,0,62.55,725.19,2,0,245.0,59,7.7,0
CUST-102859,8,0,1,1,Month-to-month,Electronic check,1,Fiber optic,1,0,0,0,0,0,1,68.49,511.03,3,2,262.8,17,4.1,1
CUST-102860,36,0,0,0,Month-to-month,Credit card (auto),1,Fiber optic,0,0,0,1,0,1,1,80.57,2821.99,3,0,169.2,18,7.4,0
CUST-102861,12,0,1,1,Month-to-month,Mailed check,1,DSL,0,0,1,0,0,0,1,51.45,606.93,3,2,262.1,38,4.7,1
CUST-102862,9,0,0,0,Month-to-month,Electronic check,1,No,1,0,0,0,0,0,0,29.98,269.23,4,2,290.4,68,5.1,1
CUST-102863,24,0,1,0,One year,Credit card (auto),0,Fiber optic,0,0,0,1,1,0,1,66.4,1566.2,0,0,66.2,50,6.4,0
CUST-102864,24,0,0,0,Two year,Electronic check,0,No,1,0,0,0,0,0,0,30.91,724.99,3,4,210.9,11,3.3,0
CUST-102865,10,0,1,0,Month-to-month,Credit card (auto),0,Fiber optic,0,0,0,1,1,0,0,83.03,771.18,2,0,42.6,15,5.4,0
CUST-102866,46,0,0,1,Month-to-month,Credit card (auto),1,Fiber optic,0,0,0,1,0,0,1,83.41,3753.39,4,0,281.1,17,5.6,1
CUST-102867,12,0,1,0,One year,Bank transfer (auto),0,Fiber optic,0,0,0,0,0,1,0,78.65,920.12,2,0,388.8,21,5.8,1
CUST-102868,31,0,0,1,One year,Bank transfer (auto),1,DSL,0,1,1,0,1,0,0,51.05,1508.55,3,1,201.4,81,4.9,0
CUST-102869,8,0,1,1,One year,Electronic check,0,No,0,0,0,0,0,0,0,18.0,143.71,2,2,147.6,39,6.5,0
CUST-102870,37,0,0,0,Two year,Mailed check,1,No,1,0,0,0,0,0,0,25.92,900.83,0,2,185.2,34,4.2,0
CUST-102871,36,0,1,1,Month-to-month,Credit card (auto),0,Fiber optic,0,0,0,1,0,0,0,72.71,2576.98,5,1,134.4,25,5.4,0
CUST-102872,30,0,1,0,Month-to-month,Electronic check,1,No,0,0,0,0,0,0,0,18.0,523.93,4,2,71.4,6,4.6,0
CUST-102873,38,0,1,0,Two year,Electronic check,1,DSL,1,0,0,0,0,0,0,53.21,1912.41,3,0,5.0,8,6.8,0
CUST-102874,21,0,1,1,One year,Mailed check,1,DSL,1,1,1,0,1,0,1,72.95,1520.19,3,2,105.0,0,8.1,0
CUST-102875,5,0,1,0,One year,Bank transfer (auto),1,DSL,0,0,0,0,1,0,0,50.75,239.17,1,0,148.2,55,6.5,0
CUST-102876,17,0,1,1,Two year,Bank transfer (auto),0,Fiber optic,0,1,0,0,0,1,0,79.12,1250.33,1,1,129.2,66,6.3,0
CUST-102877,6,1,0,0,Month-to-month,Electronic check,0,Fiber optic,0,0,0,1,0,0,0,76.15,454.28,5,0,176.5,74,6.1,0
CUST-102878,23,0,1,0,Month-to-month,Electronic check,0,DSL,1,0,1,0,1,0,1,64.33,1405.35,3,1,182.9,9,6.3,0
CUST-102879,3,0,0,0,Month-to-month,Credit card (auto),0,Fiber optic,1,0,1,0,0,1,1,94.05,265.19,3,0,106.5,27,7.1,0
CUST-102880,20,0,1,0,Two year,Electronic check,1,DSL,1,0,0,0,0,0,0,54.84,1033.18,2,0,173.6,14,5.4,1
CUST-102881,4,0,0,0,Two year,Electronic check,0,Fiber optic,1,1,1,1,0,0,1,90.67,337.61,1,1,181.7,15,7.5,0
CUST-102882,21,0,0,1,Month-to-month,Electronic check,0,DSL,0,0,1,0,1,1,1,73.47,1513.58,1,1,152.8,37,7.2,0
CUST-102883,72,0,1,0,Month-to-month,Bank transfer (auto),1,DSL,1,0,0,1,1,1,1,79.57,5398.08,0,0,242.0,80,8.0,0
CUST-102884,28,0,0,1,One year,Electronic check,1,Fiber optic,1,0,0,1,1,0,1,95.11,2452.85,2,0,413.3,11,6.3,0
CUST-102885,9,0,0,0,Month-to-month,Electronic check,1,DSL,1,0,0,1,0,0,1,68.28,614.38,3,2,253.6,45,5.2,1
CUST-102886,7,0,0,0,Two year,Bank transfer (auto),0,Fiber optic,1,0,0,0,0,0,0,79.36,542.47,1,1,161.8,31,5.3,0
CUST-102887,13,0,1,0,Month-to-month,Electronic check,0,Fiber optic,0,0,0,0,0,0,0,67.44,809.03,2,2,95.8,84,6.7,0
CUST-102888,17,1,0,0,Two year,Credit card (auto),1,No,1,0,0,0,0,0,0,34.27,581.01,1,0,409.0,78,6.9,0
CUST-102889,22,0,0,0,One year,Credit card (auto),0,DSL,0,0,0,0,0,1,0,50.78,1107.81,4,0,235.7,54,5.8,0
CUST-102890,7,0,1,0,Month-to-month,Bank transfer (auto),0,DSL,0,0,0,1,0,1,0,57.87,391.49,2,2,176.1,5,4.8,1
CUST-102891,24,0,1,0,One year,Mailed check,1,No,1,0,0,0,0,0,0,36.86,851.37,3,0,249.1,79,6.8,0
CUST-102892,4,0,0,0,One year,Electronic check,0,DSL,0,1,0,0,0,1,1,48.84,186.38,3,1,206.1,59,4.6,0
CUST-102893,62,1,1,0,Month-to-month,Bank transfer (auto),0,Fiber optic,1,0,1,1,0,0,0,89.41,5387.8,3,1,249.7,78,6.7,1
CUST-102894,31,0,0,0,Month-to-month,Electronic check,1,Fiber optic,1,0,1,1,1,0,1,90.25,2590.57,2,1,192.9,53,4.5,0
CUST-102895,16,0,1,0,Two year,Bank transfer (auto),1,DSL,1,0,1,1,0,1,1,69.68,1107.93,6,0,97.3,81,7.6,0
CUST-102896,27,0,0,0,One year,Electronic check,0,No,1,0,0,0,0,0,0,23.07,573.83,0,1,158.8,29,10.0,1
CUST-102897,4,1,0,1,One year,Bank transfer (auto),1,Fiber optic,1,0,0,0,0,0,1,89.2,329.75,2,0,61.9,2,7.6,0
CUST-102898,47,0,0,0,Month-to-month,Electronic check,1,Fiber optic,1,1,0,0,0,0,1,89.51,4156.41,3,1,234.6,27,6.0,1
CUST-102899,56,1,1,0,One year,Mailed check,0,No,1,0,0,0,0,0,0,28.07,1530.98,4,0,230.0,65,4.8,0
CUST-102900,5,1,0,0,One year,Electronic check,1,No,1,0,0,0,0,0,0,18.42,87.95,2,0,252.3,0,5.3,0
CUST-102901,1,0,1,0,Month-to-month,Electronic check,1,DSL,0,1,0,0,0,0,0,46.01,43.15,2,0,272.6,83,6.4,1
CUST-102902,11,1,0,1,Month-to-month,Mailed check,0,Fiber optic,1,1,1,0,0,0,0,83.87,889.22,1,1,5.0,37,7.7,1
CUST-102903,27,1,1,1,Month-to-month,Mailed check,0,Fiber optic,0,0,1,0,1,1,1,89.53,2358.58,0,0,153.8,85,7.5,1
CUST-102904,72,0,1,1,One year,Credit card (auto),1,Fiber optic,1,1,1,1,0,0,0,88.63,5949.4,2,0,157.2,18,10.0,0
CUST-102905,10,0,0,0,Month-to-month,Electronic check,1,Fiber optic,1,0,0,0,0,1,1,84.79,836.57,5,3,132.3,89,4.2,1
CUST-102906,10,0,0,0,Two year,Electronic check,1,Fiber optic,0,1,0,1,1,0,1,73.08,676.63,3,2,181.2,75,5.8,0
CUST-102907,3,0,0,0,Month-to-month,Mailed check,1,Fiber optic,1,0,1,0,1,0,0,92.27,272.73,1,0,79.4,44,7.1,1
CUST-102908,48,0,1,1,Two year,Electronic check,0,Fiber optic,1,0,0,1,1,1,1,88.6,4129.54,1,2,288.2,70,7.1,0
CUST-102909,72,0,0,0,Month-to-month,Credit card (auto),1,DSL,0,0,0,0,0,1,0,45.0,3040.56,4,1,14.6,21,4.6,0
CUST-102910,2,0,1,0,One year,Electronic check,1,Fiber optic,0,1,1,0,1,0,1,90.82,172.61,1,1,51.8,73,8.3,1
CUST-102911,2,0,0,0,One year,Credit card (auto),0,DSL,1,0,0,0,0,1,0,62.42,120.89,2,0,74.8,78,4.3,0
CUST-102912,7,0,1,1,One year,Bank transfer (auto),0,Fiber optic,1,0,0,1,0,0,0,82.27,541.44,0,1,230.3,38,8.7,0
CUST-102913,53,0,1,0,Two year,Electronic check,0,DSL,0,1,0,0,0,0,0,51.35,2576.22,3,0,112.2,29,6.6,0
CUST-102914,72,0,0,0,Month-to-month,Mailed check,1,Fiber optic,0,0,0,0,0,0,1,79.88,5637.92,1,0,276.6,47,6.3,0
CUST-102915,10,0,0,1,Month-to-month,Mailed check,1,DSL,1,0,0,1,0,0,0,41.47,383.22,2,0,67.9,2,8.2,0
CUST-102916,34,0,1,0,Month-to-month,Mailed check,0,Fiber optic,1,0,1,1,0,0,0,91.93,3046.96,3,1,169.9,72,6.5,0
CUST-102917,21,0,0,1,Month-to-month,Mailed check,0,Fiber optic,1,1,0,1,1,1,0,82.69,1646.29,1,0,205.7,75,6.4,0
CUST-102918,6,0,1,0,Two year,Bank transfer (auto),0,Fiber optic,1,0,0,1,0,0,0,80.21,452.42,3,0,212.9,63,5.4,0
CUST-102919,19,1,1,1,Month-to-month,Bank transfer (auto),1,Fiber optic,0,1,0,0,0,0,0,76.65,1374.17,1,1,78.7,56,6.0,1
CUST-102920,70,0,0,1,One year,Mailed check,0,No,1,0,0,0,0,0,0,21.79,1512.43,3,1,184.4,8,6.6,0
CUST-102921,34,0,0,0,Month-to-month,Bank transfer (auto),0,DSL,0,0,0,0,1,0,0,47.93,1611.53,2,0,5.0,88,7.6,0
CUST-102922,36,0,0,1,Two year,Credit card (auto),1,Fiber optic,1,1,0,1,0,0,1,72.06,2491.58,1,1,412.9,30,6.3,0
CUST-102923,33,0,0,0,Month-to-month,Mailed check,1,Fiber optic,0,0,1,0,0,1,1,75.31,2331.9,4,0,272.5,47,6.0,1
CUST-102924,4,0,1,0,Two year,Mailed check,1,Fiber optic,1,0,1,1,0,0,0,81.78,324.18,0,0,262.3,1,10.0,0
CUST-102925,17,0,1,0,One year,Electronic check,0,No,1,0,0,0,0,0,0,21.64,345.57,2,3,153.4,73,4.4,0
CUST-102926,28,0,0,0,Two year,Electronic check,1,Fiber optic,0,1,0,0,0,1,0,77.67,2085.22,6,4,166.8,68,4.0,1
CUST-102927,18,0,1,0,One year,Electronic check,1,DSL,0,1,1,1,0,1,1,77.41,1336.03,4,2,236.0,20,6.3,0
CUST-102928,0,0,0,0,Month-to-month,Mailed check,0,Fiber optic,1,0,1,0,0,0,0,87.19,84.45,4,1,156.2,16,7.3,1
CUST-102929,2,0,1,1,Two year,Bank transfer (auto),0,Fiber optic,1,1,0,0,0,1,0,91.93,178.59,2,0,229.5,6,6.6,0
CUST-102930,56,0,1,1,Month-to-month,Electronic check,1,DSL,1,0,1,1,0,1,0,68.84,3758.01,6,1,310.3,78,2.5,1
CUST-102931,34,1,0,0,Month-to-month,Bank transfer (auto),0,Fiber optic,1,0,0,1,1,0,0,78.03,2600.77,2,0,82.8,67,8.8,0
CUST-102932,33,0,1,0,Month-to-month,Electronic check,1,Fiber optic,0,0,1,1,1,1,0,94.7,2951.37,4,1,267.9,21,7.5,1
CUST-102933,52,1,1,0,Two year,Electronic check,1,Fiber optic,1,0,1,0,0,0,0,84.35,4329.38,4,0,96.6,78,5.5,0
CUST-102934,29,0,0,0,One year,Electronic check,0,DSL,1,0,1,0,0,1,0,64.72,1817.07,0,2,94.6,42,7.3,0
CUST-102935,72,0,0,1,Month-to-month,Mailed check,0,Fiber optic,0,0,0,0,0,0,0,74.44,5351.25,3,3,176.1,81,7.6,1
CUST-102936,56,0,1,1,Two year,Electronic check,0,Fiber optic,0,0,0,1,1,0,0,81.65,4409.91,1,1,220.0,1,7.1,0
CUST-102937,8,0,0,0,Month-to-month,Electronic check,0,DSL,1,1,0,0,0,0,1,63.8,502.8,2,3,28.3,66,6.5,1
CUST-102938,10,0,0,0,Month-to-month,Bank transfer (auto),0,Fiber optic,1,1,1,0,0,0,1,86.18,799.86,2,0,290.3,78,7.1,1
CUST-102939,18,1,0,0,Month-to-month,Mailed check,0,Fiber optic,0,0,0,0,0,0,1,67.96,1129.28,2,0,82.1,83,5.5,1
CUST-102940,7,0,1,0,Month-to-month,Mailed check,0,Fiber optic,1,1,0,0,0,1,0,80.5,527.01,3,1,5.0,3,5.6,0
CUST-102941,47,0,0,0,One year,Electronic check,0,No,0,0,0,0,0,0,0,18.0,794.94,3,1,127.3,65,7.4,0
CUST-102942,5,0,0,0,Month-to-month,Mailed check,1,DSL,0,1,0,0,1,0,0,50.54,249.64,2,1,73.4,16,6.1,0
CUST-102943,21,0,0,0,Month-to-month,Electronic check,0,Fiber optic,0,1,1,0,0,1,0,86.34,1706.3,9,0,180.6,10,5.5,0
CUST-102944,33,0,0,0,Month-to-month,Electronic check,1,DSL,1,0,1,0,1,0,0,68.32,2097.41,1,3,197.6,50,6.3,0
CUST-102945,21,0,1,1,Two year,Bank transfer (auto),0,DSL,0,1,0,1,0,0,1,53.73,1046.29,2,1,56.9,70,6.0,0
CUST-102946,7,0,0,1,One year,Mailed check,1,DSL,1,0,0,1,1,0,0,60.98,396.36,2,0,159.0,45,9.3,0
CUST-102947,16,0,1,0,Month-to-month,Credit card (auto),1,Fiber optic,0,1,1,0,0,1,0,80.05,1245.84,1,2,271.9,12,6.6,1
CUST-102948,4,0,0,0,One year,Credit card (auto),0,Fiber optic,0,0,0,1,0,0,0,75.46,286.66,1,0,368.2,5,5.1,0
CUST-102949,18,0,1,1,Month-to-month,Electronic check,0,Fiber optic,1,0,0,0,0,0,1,73.91,1243.99,2,2,151.9,0,6.2,1
CUST-102950,19,0,0,0,Two year,Electronic check,1,Fiber optic,0,0,0,1,0,1,1,79.94,1401.62,0,2,205.3,12,4.2,1
CUST-102951,17,0,1,1,Month-to-month,Credit card (auto),1,DSL,0,0,0,0,0,0,1,44.32,750.22,3,0,99.5,5,7.6,0
CUST-102952,19,1,0,0,Month-to-month,Electronic check,1,DSL,1,0,0,0,0,1,1,65.45,1158.03,2,1,157.8,67,4.1,1
CUST-102953,7,1,1,1,Month-to-month,Mailed check,0,Fiber optic,0,0,0,0,0,0,0,59.39,400.49,4,0,283.5,1,4.8,1
CUST-102954,72,0,0,0,Month-to-month,Bank transfer (auto),1,No,0,0,0,0,0,0,0,21.89,1517.35,2,0,139.7,22,8.9,0
CUST-102955,31,0,0,1,Month-to-month,Bank transfer (auto),0,No,0,0,0,0,0,0,0,25.2,744.25,4,1,107.2,74,5.2,0
CUST-102956,23,0,1,0,One year,Electronic check,0,DSL,1,1,1,0,0,1,0,57.46,1281.77,3,0,166.0,84,7.4,0
CUST-102957,26,0,0,1,Month-to-month,Electronic check,0,Fiber optic,1,1,0,0,0,1,0,82.9,2042.34,0,2,105.3,66,6.5,0
CUST-102958,11,0,0,0,Month-to-month,Electronic check,1,Fiber optic,0,0,1,1,0,0,0,73.62,752.98,2,0,112.9,71,7.1,1
CUST-102959,62,0,1,0,One year,Electronic check,0,No,1,0,0,0,0,0,0,37.37,2187.15,1,1,196.5,38,5.5,0
CUST-102960,4,0,1,1,One year,Electronic check,0,DSL,0,0,0,0,0,0,0,53.03,211.75,1,1,98.2,53,6.3,1
CUST-102961,1,1,1,0,Two year,Bank transfer (auto),1,DSL,0,1,0,0,0,1,1,63.92,62.31,0,0,5.0,69,5.6,0
CUST-102962,27,0,1,0,Month-to-month,Mailed check,1,No,1,0,0,0,0,0,0,30.36,774.68,0,0,125.4,28,7.5,0
CUST-102963,21,1,0,0,Two year,Electronic check,0,DSL,1,1,1,1,0,1,0,76.24,1493.23,2,5,120.5,9,6.5,0
CUST-102964,9,0,0,1,One year,Electronic check,1,No,0,0,0,0,0,0,0,23.52,205.68,0,0,180.9,89,7.3,0
CUST-102965,72,0,1,1,One year,Credit card (auto),1,Fiber optic,0,1,0,0,0,0,0,84.05,5742.94,3,0,224.7,87,6.7,0
CUST-102966,30,0,0,0,Month-to-month,Electronic check,1,Fiber optic,1,1,0,1,1,0,0,91.75,2585.08,2,1,183.0,75,5.4,0
CUST-102967,17,0,0,1,Month-to-month,Electronic check,1,DSL,1,0,0,1,0,0,0,42.67,692.86,2,1,110.6,60,7.6,0
CUST-102968,38,0,0,1,Month-to-month,Bank transfer (auto),0,No,1,0,0,0,0,0,0,25.04,896.05,2,1,198.9,57,7.4,0
CUST-102969,4,0,0,0,One year,Electronic check,0,DSL,0,1,0,0,0,0,0,52.77,199.39,1,1,239.6,83,7.7,0
CUST-102970,10,0,0,0,One year,Electronic check,0,Fiber optic,1,1,0,0,1,0,1,89.54,842.51,0,0,114.6,56,6.2,0
CUST-102971,5,0,0,0,Month-to-month,Electronic check,1,DSL,0,0,1,1,0,0,0,61.14,296.57,0,1,155.8,63,8.3,1
CUST-102972,6,0,1,0,Month-to-month,Credit card (auto),1,DSL,1,0,0,0,0,0,0,47.98,284.24,3,1,342.7,30,6.5,0
CUST-102973,36,0,1,0,Two year,Bank transfer (auto),1,Fiber optic,1,0,0,0,0,1,0,87.9,3053.55,2,0,239.1,43,6.1,0
CUST-102974,15,0,1,0,Month-to-month,Mailed check,0,DSL,1,0,1,1,0,1,0,57.72,854.81,5,0,302.3,21,5.5,0
CUST-102975,20,0,0,1,One year,Credit card (auto),0,Fiber optic,0,1,0,0,0,0,1,81.01,1574.81,1,3,198.1,25,5.5,0
CUST-102976,9,0,0,0,Two year,Bank transfer (auto),0,Fiber optic,0,0,0,1,1,1,0,78.64,684.23,1,0,120.9,7,7.3,0
CUST-102977,3,0,1,0,Month-to-month,Electronic check,1,Fiber optic,0,0,0,1,0,0,0,66.48,198.84,4,1,242.4,39,6.2,1
CUST-102978,7,0,0,0,One year,Mailed check,1,Fiber optic,0,0,1,0,1,1,0,83.15,571.81,4,0,141.1,10,6.4,0
CUST-102979,7,1,0,0,One year,Mailed check,0,DSL,0,0,0,1,1,1,0,51.21,335.22,1,0,62.3,85,9.9,0
CUST-102980,23,0,1,1,Month-to-month,Mailed check,1,No,0,0,0,0,0,0,0,24.62,547.73,2,0,102.4,62,6.2,0
CUST-102981,31,0,1,0,Month-to-month,Bank transfer (auto),1,DSL,0,0,0,1,1,0,0,51.84,1493.99,1,1,213.5,54,6.9,0
CUST-102982,72,0,0,1,Two year,Electronic check,1,Fiber optic,0,0,1,0,0,1,0,79.56,5271.13,2,1,170.6,7,4.6,0
CUST-102983,54,1,1,0,Month-to-month,Electronic check,1,No,0,0,0,0,0,0,0,19.68,1013.57,2,5,148.1,25,5.4,0
CUST-102984,72,0,1,0,Month-to-month,Mailed check,1,No,0,0,0,0,0,0,0,23.38,1584.72,8,2,143.5,10,3.4,1
CUST-102985,37,0,1,0,Month-to-month,Electronic check,1,DSL,0,0,0,1,1,1,0,54.33,1997.71,3,0,172.6,29,5.5,0
CUST-102986,0,0,0,1,One year,Credit card (auto),0,Fiber optic,1,0,0,0,0,0,0,84.72,83.93,0,1,290.9,89,8.1,1
CUST-102987,3,0,1,0,Month-to-month,Mailed check,0,No,1,0,0,0,0,0,0,40.27,117.52,5,0,14.2,35,6.7,1
CUST-102988,22,1,1,0,Month-to-month,Electronic check,1,No,0,0,0,0,0,0,0,18.0,365.24,3,2,202.0,59,5.9,0
CUST-102989,17,0,0,0,Month-to-month,Bank transfer (auto),1,Fiber optic,0,0,1,0,0,1,0,88.56,1398.1,3,1,280.5,28,5.6,0
CUST-102990,6,0,1,0,Month-to-month,Credit card (auto),0,DSL,0,1,0,1,0,1,0,55.19,311.45,4,1,199.2,69,6.5,1
CUST-102991,6,0,1,0,One year,Mailed check,0,Fiber optic,0,1,1,1,0,1,1,89.47,521.75,2,0,222.1,14,8.4,0
CUST-102992,32,0,0,0,Two year,Mailed check,0,No,0,0,0,0,0,0,0,25.08,773.38,4,0,277.0,9,7.3,0
CUST-102993,11,0,0,1,Month-to-month,Bank transfer (auto),1,DSL,0,0,0,0,0,0,0,38.37,391.17,1,0,101.9,40,6.8,0
CUST-102994,33,1,0,0,One year,Electronic check,0,No,0,0,0,0,0,0,0,23.6,761.54,1,2,192.9,26,7.4,0
CUST-102995,30,1,1,1,One year,Bank transfer (auto),0,Fiber optic,0,0,0,0,1,0,0,77.81,2155.81,4,0,72.3,20,7.0,0
CUST-102996,12,0,0,1,One year,Bank transfer (auto),1,Fiber optic,0,1,0,0,0,0,0,74.07,868.9,3,1,248.6,78,8.3,0
CUST-102997,19,0,0,0,One year,Credit card (auto),1,DSL,0,0,1,0,1,1,0,57.83,1093.99,2,0,323.7,44,9.3,0
CUST-102998,9,1,0,0,Month-to-month,Credit card (auto),0,DSL,0,0,0,0,0,0,1,46.29,395.76,5,0,237.7,68,5.1,1
CUST-102999,23,0,1,0,One year,Credit card (auto),0,DSL,0,1,1,0,0,1,0,62.84,1425.45,0,0,91.1,54,8.4,0
CUST-103000,63,0,1,0,One year,Electronic check,1,No,0,0,0,0,0,0,0,18.0,1132.46,2,2,408.2,31,4.7,0
CUST-103001,36,0,0,1,One year,Credit card (auto),0,Fiber optic,0,0,0,0,0,1,1,85.68,2862.14,1,1,276.0,65,7.0,0
CUST-103002,24,0,1,1,Month-to-month,Bank transfer (auto),1,Fiber optic,1,0,0,1,0,0,0,89.37,1989.22,0,0,109.0,59,7.6,0
CUST-103003,33,0,0,0,Month-to-month,Mailed check,0,No,0,0,0,0,0,0,0,18.0,570.24,2,0,195.3,36,6.5,0
CUST-103004,13,1,0,0,Month-to-month,Credit card (auto),1,Fiber optic,0,0,1,0,0,0,0,66.56,863.24,4,0,138.5,37,6.8,0
CUST-103005,13,0,1,0,Month-to-month,Credit card (auto),1,No,0,0,0,0,0,0,0,18.88,238.81,1,0,183.0,22,6.9,0
CUST-103006,4,0,0,0,Month-to-month,Credit card (auto),1,DSL,1,0,0,1,0,1,0,56.36,211.45,6,1,257.3,85,4.7,1
CUST-103007,12,0,1,0,Month-to-month,Electronic check,1,DSL,1,0,0,0,0,0,0,48.87,554.53,2,1,145.0,6,4.7,0
CUST-103008,19,0,1,0,Month-to-month,Electronic check,0,Fiber optic,0,0,0,1,0,1,1,78.6,1379.23,4,1,77.0,53,4.6,1
CUST-103009,10,0,1,0,Month-to-month,Credit card (auto),0,No,1,0,0,0,0,0,0,39.56,369.89,2,1,60.7,23,7.3,0
CUST-103010,2,0,0,0,Two year,Credit card (auto),1,Fiber optic,0,1,1,0,1,0,0,90.37,177.61,0,1,178.0,55,6.7,0
CUST-103011,1,1,0,0,Month-to-month,Electronic check,1,DSL,0,0,0,1,0,0,1,48.95,48.89,6,3,253.8,18,4.9,1
CUST-103012,9,0,0,0,Month-to-month,Electronic check,1,No,0,0,0,0,0,0,0,18.0,161.0,5,0,29.8,52,5.9,1
CUST-103013,6,0,1,0,One year,Bank transfer (auto),1,Fiber optic,0,0,0,0,0,1,0,71.08,401.96,2,0,172.9,59,5.1,1
CUST-103014,15,0,1,0,Month-to-month,Electronic check,1,Fiber optic,0,1,0,0,1,0,0,71.31,1063.44,3,1,180.7,47,8.2,0
CUST-103015,22,0,1,0,Month-to-month,Bank transfer (auto),1,Fiber optic,0,0,0,1,1,0,0,83.25,1715.68,3,1,117.1,23,6.9,0
CUST-103016,21,0,1,0,Month-to-month,Credit card (auto),1,Fiber optic,1,0,0,0,0,0,0,78.36,1543.29,3,0,63.9,28,6.2,1
CUST-103017,5,1,0,1,Month-to-month,Electronic check,0,DSL,0,1,0,1,0,1,1,59.54,276.95,1,2,196.8,79,6.6,1
CUST-103018,36,0,1,0,One year,Bank transfer (auto),0,Fiber optic,1,0,0,1,0,1,1,90.99,3199.62,2,0,209.4,24,4.4,1
CUST-103019,57,0,1,0,Month-to-month,Mailed check,1,DSL,0,1,1,0,0,0,1,51.57,2764.0,5,1,174.3,44,3.2,0
CUST-103020,23,0,0,0,Month-to-month,Electronic check,0,Fiber optic,0,0,0,0,0,0,0,68.6,1511.56,1,2,179.5,35,7.9,0
CUST-103021,19,0,1,0,Month-to-month,Mailed check,1,Fiber optic,1,1,0,0,1,0,1,101.29,1820.48,2,0,148.7,2,6.2,0
CUST-103022,5,0,1,0,Month-to-month,Bank transfer (auto),0,Fiber optic,0,0,0,0,1,0,0,70.38,327.2,5,0,163.3,47,4.9,1
CUST-103023,1,0,1,1,One year,Bank transfer (auto),1,No,0,0,0,0,0,0,0,20.59,19.25,2,0,345.7,22,4.2,0
CUST-103024,32,0,1,1,Month-to-month,Bank transfer (auto),1,Fiber optic,0,1,0,0,0,1,1,78.8,2351.89,4,0,200.6,74,7.0,0
CUST-103025,62,0,0,0,Month-to-month,Credit card (auto),1,Fiber optic,1,0,0,0,0,1,0,77.7,4518.57,3,0,250.9,42,6.3,1
CUST-103026,72,0,1,0,Month-to-month,Electronic check,0,DSL,0,1,0,1,0,0,0,58.97,4023.22,5,1,101.0,50,5.7,0
CUST-103027,1,0,0,1,One year,Credit card (auto),0,DSL,0,1,1,1,1,1,1,64.56,62.02,0,2,101.1,14,7.8,0
CUST-103028,27,0,1,0,Month-to-month,Bank transfer (auto),0,DSL,0,0,0,0,0,0,1,48.4,1224.91,3,1,191.1,0,6.5,0
CUST-103029,15,0,0,0,Two year,Mailed check,0,DSL,1,0,0,0,0,0,0,47.73,696.31,3,1,116.8,42,5.8,0
CUST-103030,0,0,1,1,Month-to-month,Electronic check,0,Fiber optic,0,1,0,0,1,1,1,96.24,90.54,2,2,92.1,30,6.4,1
CUST-103031,12,0,0,0,Two year,Electronic check,0,Fiber optic,0,0,1,0,1,0,1,79.34,891.18,2,2,106.6,27,5.9,0
CUST-103032,7,0,0,0,Month-to-month,Mailed check,1,No,0,0,0,0,0,0,0,18.0,124.92,2,0,132.4,37,4.5,1
CUST-103033,18,0,0,0,One year,Credit card (auto),1,DSL,0,0,0,0,0,0,0,44.03,744.14,0,0,378.6,38,5.4,0
CUST-103034,27,0,1,0,Month-to-month,Bank transfer (auto),0,DSL,1,1,0,1,0,0,0,61.05,1556.5,1,2,353.8,10,8.9,0
CUST-103035,18,1,0,1,Month-to-month,Electronic check,0,Fiber optic,1,1,0,0,1,1,0,98.07,1691.44,5,0,288.6,87,8.1,0
CUST-103036,23,0,0,0,One year,Electronic check,1,DSL,1,1,0,0,0,0,0,54.21,1236.56,1,3,285.5,86,3.3,0
CUST-103037,22,0,0,0,Two year,Mailed check,0,Fiber optic,1,0,0,1,1,0,0,89.53,1943.15,1,0,254.3,21,7.8,0
CUST-103038,0,1,0,0,One year,Credit card (auto),0,Fiber optic,0,0,0,1,0,0,0,68.49,64.26,0,0,51.1,69,5.6,1
CUST-103039,72,0,1,0,Month-to-month,Credit card (auto),1,Fiber optic,1,0,0,0,1,0,0,89.02,5902.01,0,0,252.3,30,10.0,0
CUST-103040,37,0,0,0,Month-to-month,Electronic check,0,DSL,0,1,1,0,0,0,0,59.29,2085.87,4,1,30.6,68,4.3,1
CUST-103041,1,1,0,0,Month-to-month,Electronic check,0,DSL,1,1,0,0,0,0,0,60.82,57.78,6,2,319.5,11,5.5,1
CUST-103042,6,0,0,0,One year,Electronic check,1,No,0,0,0,0,0,0,0,25.0,140.49,4,1,226.3,11,5.6,0
CUST-103043,6,0,0,0,Month-to-month,Mailed check,0,No,0,0,0,0,0,0,0,21.55,124.71,7,0,108.2,41,5.5,1
CUST-103044,3,0,0,1,Month-to-month,Electronic check,1,Fiber optic,0,1,0,0,0,0,0,75.18,224.02,2,0,216.8,51,8.1,0
CUST-103045,2,1,0,0,Month-to-month,Electronic check,0,DSL,0,1,0,1,1,0,1,56.11,103.69,1,1,88.7,25,5.9,1
CUST-103046,17,1,0,1,Two year,Credit card (auto),1,Fiber optic,0,1,0,1,0,0,1,79.47,1325.2,2,0,164.7,2,8.7,0
CUST-103047,3,1,0,0,Month-to-month,Mailed check,1,Fiber optic,0,0,0,1,0,1,0,84.06,234.51,4,1,173.4,38,4.6,1
CUST-103048,34,0,0,0,Month-to-month,Credit card (auto),0,DSL,1,0,0,1,0,1,0,66.83,2244.64,4,3,150.2,59,2.8,1
CUST-103049,17,0,1,1,Month-to-month,Bank transfer (auto),1,No,1,0,0,0,0,0,0,33.33,555.86,4,2,341.5,53,4.7,1
CUST-103050,6,1,0,1,Month-to-month,Electronic check,1,No,0,0,0,0,0,0,0,18.0,104.6,2,1,236.3,8,6.1,0
CUST-103051,31,0,1,0,Month-to-month,Electronic check,1,DSL,1,1,0,1,0,1,0,76.56,2348.33,1,2,232.4,57,8.1,1
CUST-103052,27,0,1,0,One year,Mailed check,0,DSL,1,0,1,0,0,1,1,65.47,1727.14,1,1,136.1,55,7.4,1
CUST-103053,69,0,1,1,Month-to-month,Bank transfer (auto),1,Fiber optic,0,0,0,1,0,1,0,81.75,5594.48,3,1,157.3,31,6.6,0
CUST-103054,4,1,0,0,Month-to-month,Mailed check,1,Fiber optic,0,1,0,0,0,0,0,91.16,352.81,2,1,270.5,57,5.5,1
CUST-103055,4,0,1,0,Month-to-month,Credit card (auto),1,Fiber optic,1,0,1,0,0,1,1,88.42,330.74,3,1,133.2,78,7.4,1
CUST-103056,4,0,1,0,Month-to-month,Bank transfer (auto),1,Fiber optic,0,0,0,0,0,1,1,83.31,319.52,2,0,133.4,46,7.1,1
CUST-103057,11,1,1,1,One year,Mailed check,0,Fiber optic,0,1,0,0,0,0,0,65.43,676.99,3,0,191.7,26,7.0,0
CUST-103058,44,1,1,0,Month-to-month,Electronic check,0,DSL,0,0,0,0,0,0,0,42.78,1871.23,6,1,204.9,24,6.6,1
CUST-103059,72,1,0,0,One year,Electronic check,0,DSL,0,0,0,0,0,0,1,53.07,3609.23,3,1,152.7,30,5.3,0
CUST-103060,22,0,1,1,Month-to-month,Mailed check,1,Fiber optic,1,1,1,1,0,0,0,87.79,1868.27,6,0,146.3,69,7.6,0
CUST-103061,40,0,1,0,Month-to-month,Electronic check,0,Fiber optic,1,0,1,0,1,0,1,91.73,3497.02,1,0,60.7,44,8.1,1
CUST-103062,72,0,0,1,Month-to-month,Credit card (auto),1,No,0,0,0,0,0,0,0,21.36,1425.84,4,1,247.1,27,6.8,0
CUST-103063,1,0,0,0,Month-to-month,Mailed check,0,DSL,0,1,0,1,0,0,1,59.46,55.76,3,0,118.5,87,6.7,0
CUST-103064,58,1,1,1,Month-to-month,Electronic check,1,No,1,0,0,0,0,0,0,18.0,973.8,2,0,175.8,2,6.1,0
CUST-103065,9,0,0,0,Month-to-month,Credit card (auto),0,DSL,1,0,0,0,0,1,1,75.45,647.01,3,0,5.0,68,9.1,0
CUST-103066,0,0,1,0,Two year,Bank transfer (auto),0,Fiber optic,1,0,0,0,0,0,0,71.35,68.35,3,0,243.5,88,6.1,1
CUST-103067,12,0,0,0,Month-to-month,Electronic check,0,DSL,0,1,1,0,1,0,0,53.67,606.49,4,1,276.7,63,5.3,1
CUST-103068,69,0,1,1,Month-to-month,Bank transfer (auto),0,Fiber optic,1,0,0,0,1,0,1,77.26,5283.57,4,0,245.2,82,5.0,0
CUST-103069,12,1,0,0,Month-to-month,Bank transfer (auto),1,Fiber optic,1,0,0,1,0,0,0,76.33,849.02,3,1,248.5,36,8.3,0
CUST-103070,17,0,1,0,Month-to-month,Mailed check,1,Fiber optic,0,1,0,0,0,0,1,78.57,1274.98,3,0,157.0,56,7.3,0
CUST-103071,7,0,0,0,Month-to-month,Electronic check,1,DSL,1,0,1,1,0,1,0,72.4,468.63,2,0,346.8,74,4.9,1
CUST-103072,0,0,1,0,One year,Bank transfer (auto),1,Fiber optic,0,0,0,1,0,1,0,75.13,73.19,2,0,159.3,7,6.3,1
CUST-103073,57,0,0,0,One year,Bank transfer (auto),0,Fiber optic,0,1,0,0,0,0,1,79.6,4301.88,0,1,313.3,52,7.1,0
CUST-103074,21,0,0,0,One year,Electronic check,0,Fiber optic,0,0,1,0,0,1,1,85.21,1767.23,4,4,135.8,89,3.9,1
CUST-103075,2,1,0,0,Month-to-month,Electronic check,0,DSL,1,1,0,1,0,0,0,55.01,107.72,2,1,345.4,88,7.4,0
CUST-103076,24,0,0,1,Month-to-month,Bank transfer (auto),0,DSL,0,0,0,1,0,0,0,38.1,867.33,4,0,185.7,63,5.6,0
CUST-103077,7,0,1,0,One year,Electronic check,1,Fiber optic,0,0,0,0,1,0,0,68.46,477.38,0,1,99.0,87,7.4,0
CUST-103078,1,0,0,0,Month-to-month,Credit card (auto),0,Fiber optic,0,0,0,0,0,0,0,77.72,75.1,4,0,5.0,43,4.4,1
CUST-103079,11,0,0,0,One year,Electronic check,0,DSL,1,1,0,0,0,0,0,52.38,546.18,2,2,136.0,61,5.5,0
CUST-103080,42,0,1,0,One year,Bank transfer (auto),0,DSL,0,0,0,0,1,0,0,44.75,1787.73,1,0,266.4,85,6.0,1
CUST-103081,50,0,0,1,Month-to-month,Credit card (auto),1,Fiber optic,0,1,0,0,0,0,1,80.68,3934.84,1,2,109.1,61,10.0,0
CUST-103082,30,0,0,0,Month-to-month,Mailed check,1,No,1,0,0,0,0,0,0,31.42,900.71,2,2,40.0,46,2.6,1
CUST-103083,25,0,1,0,One year,Bank transfer (auto),1,Fiber optic,0,1,0,0,1,0,0,71.72,1742.52,2,0,163.2,27,6.3,0
CUST-103084,6,1,0,1,Month-to-month,Electronic check,1,No,0,0,0,0,0,0,0,24.0,135.56,3,0,330.5,48,6.2,0
CUST-103085,4,1,1,0,Month-to-month,Bank transfer (auto),1,Fiber optic,1,1,0,0,1,1,0,94.01,352.41,3,1,329.5,60,5.9,0
CUST-103086,40,0,1,1,Month-to-month,Credit card (auto),1,Fiber optic,0,0,0,0,0,0,1,70.58,2732.42,2,1,5.0,6,6.6,0
CUST-103087,11,0,0,0,Month-to-month,Credit card (auto),1,No,0,0,0,0,0,0,0,18.0,187.29,1,0,232.8,22,5.8,1
CUST-103088,63,0,1,1,One year,Mailed check,0,DSL,0,0,1,1,1,0,1,67.3,4186.77,0,1,223.0,81,7.8,0
CUST-103089,19,0,1,1,Month-to-month,Credit card (auto),1,No,1,0,0,0,0,0,0,29.63,556.47,2,1,50.4,54,7.9,1
CUST-103090,31,0,0,1,Two year,Credit card (auto),0,DSL,0,0,1,0,0,1,0,54.61,1602.31,2,0,177.0,43,3.9,0
CUST-103091,25,0,1,0,Two year,Electronic check,1,Fiber optic,1,0,0,0,0,0,1,73.69,1707.27,3,1,343.6,47,5.2,0
CUST-103092,16,0,0,1,Two year,Credit card (auto),1,No,0,0,0,0,0,0,0,33.12,503.74,0,0,213.1,35,6.6,0
CUST-103093,0,1,1,1,Month-to-month,Electronic check,1,No,0,0,0,0,0,0,0,18.0,16.77,2,5,295.3,78,7.3,1
CUST-103094,3,1,1,0,Month-to-month,Credit card (auto),1,No,1,0,0,0,0,0,0,24.2,72.1,2,0,62.0,70,6.9,0
CUST-103095,6,0,0,0,Two year,Credit card (auto),1,No,0,0,0,0,0,0,0,25.32,149.03,1,0,260.5,50,5.7,0
CUST-103096,2,0,0,0,One year,Mailed check,0,Fiber optic,0,0,1,0,0,0,0,74.57,139.98,4,0,172.3,33,6.0,0
CUST-103097,3,0,0,1,Month-to-month,Mailed check,1,Fiber optic,1,0,0,0,0,0,0,78.69,227.81,2,2,148.9,31,4.1,1
CUST-103098,19,0,1,1,Two year,Credit card (auto),1,Fiber optic,0,1,1,1,0,0,0,75.8,1359.99,4,1,106.0,2,7.8,0
CUST-103099,22,0,1,0,One year,Electronic check,1,DSL,1,1,0,0,0,0,0,49.34,1070.24,5,1,126.0,19,5.9,0
CUST-103100,29,0,0,0,One year,Mailed check,1,Fiber optic,1,0,1,0,1,0,0,88.85,2575.51,3,0,182.4,82,6.4,0
CUST-103101,5,0,0,0,Two year,Mailed check,0,DSL,0,0,0,1,0,0,1,51.11,248.16,2,0,130.1,25,6.9,0
CUST-103102,38,0,1,0,Two year,Mailed check,1,No,0,0,0,0,0,0,0,30.98,1099.57,0,0,259.4,0,6.9,0
CUST-103103,6,0,0,1,Month-to-month,Electronic check,1,Fiber optic,0,0,0,0,0,0,0,62.56,350.62,2,0,5.0,68,5.2,1
CUST-103104,0,0,0,0,Month-to-month,Electronic check,0,DSL,0,1,0,0,0,1,1,55.69,53.75,1,2,265.8,66,5.9,1
CUST-103105,12,0,0,1,One year,Credit card (auto),0,Fiber optic,0,0,1,0,1,0,0,79.77,931.85,1,0,24.8,77,8.7,0
CUST-103106,5,0,1,0,One year,Credit card (auto),1,Fiber optic,0,0,0,0,0,0,0,66.98,333.69,2,1,101.6,77,6.3,1
CUST-103107,21,0,0,0,One year,Credit card (auto),0,No,0,0,0,0,0,0,0,18.0,356.75,1,2,261.0,74,6.8,0
CUST-103108,61,0,1,1,Month-to-month,Mailed check,1,DSL,1,0,0,0,0,0,0,53.12,3041.16,0,0,264.3,6,8.7,0
CUST-103109,14,0,1,0,One year,Bank transfer (auto),1,Fiber optic,1,0,0,0,0,0,1,94.32,1282.11,0,1,217.0,87,8.0,1
CUST-103110,60,0,0,1,Month-to-month,Mailed check,0,DSL,1,1,1,0,0,1,0,62.3,3619.76,4,0,266.8,69,5.3,0
CUST-103111,11,0,1,1,Two year,Bank transfer (auto),0,No,0,0,0,0,0,0,0,18.0,191.01,2,1,205.9,43,7.3,0
CUST-103112,1,0,0,1,Two year,Credit card (auto),1,No,0,0,0,0,0,0,0,23.02,22.47,1,1,163.4,15,6.8,0
CUST-103113,57,0,0,1,Month-to-month,Electronic check,1,DSL,0,0,0,0,0,0,1,47.03,2582.22,2,1,147.0,47,5.1,1
CUST-103114,15,0,1,0,One year,Credit card (auto),0,DSL,0,0,0,0,0,0,0,38.54,533.49,2,1,169.8,10,7.2,0
CUST-103115,46,0,0,0,One year,Credit card (auto),0,DSL,1,0,1,0,0,1,0,65.46,2836.72,1,1,186.1,36,7.8,0
CUST-103116,6,0,1,1,Month-to-month,Mailed check,1,Fiber optic,1,0,0,1,0,0,0,85.07,505.84,3,1,155.9,75,3.8,1
CUST-103117,19,0,1,0,Month-to-month,Credit card (auto),0,DSL,0,1,0,0,0,0,1,49.66,919.38,5,1,104.7,62,4.1,0
CUST-103118,2,0,0,1,One year,Credit card (auto),1,No,0,0,0,0,0,0,0,18.0,35.15,0,0,40.7,47,6.0,0
CUST-103119,22,0,1,0,One year,Electronic check,0,Fiber optic,1,1,1,0,1,0,0,96.78,2042.53,3,2,96.0,69,8.8,0
CUST-103120,12,0,1,1,Month-to-month,Electronic check,0,Fiber optic,0,0,1,0,0,1,1,79.17,907.03,3,2,271.1,8,4.7,1
CUST-103121,39,0,0,0,Two year,Bank transfer (auto),1,Fiber optic,1,0,0,0,0,0,1,83.87,3220.35,0,1,158.8,66,4.6,0
CUST-103122,22,0,0,1,Two year,Credit card (auto),1,Fiber optic,0,1,1,1,0,1,0,86.99,1903.56,2,1,132.4,2,4.9,0
CUST-103123,23,0,1,0,Two year,Electronic check,1,DSL,1,0,0,0,0,0,1,60.34,1292.12,2,0,264.4,4,7.5,0
CUST-103124,11,0,0,0,Two year,Mailed check,0,No,0,0,0,0,0,0,0,21.23,217.35,3,0,172.0,14,5.3,0
CUST-103125,25,0,0,1,Month-to-month,Bank transfer (auto),1,Fiber optic,0,0,0,0,0,1,0,82.21,1898.85,5,0,218.1,51,4.3,1
CUST-103126,33,0,0,0,Two year,Mailed check,0,DSL,0,0,0,0,0,1,0,53.3,1646.83,0,0,145.6,82,5.0,0
CUST-103127,18,0,0,0,Two year,Electronic check,1,DSL,0,1,1,0,1,0,0,46.55,825.51,0,2,152.3,74,8.4,0
CUST-103128,42,0,0,0,One year,Electronic check,1,Fiber optic,0,0,1,1,1,1,1,90.24,3656.26,1,0,79.1,8,8.4,0
CUST-103129,6,0,1,0,Month-to-month,Credit card (auto),1,DSL,1,0,0,0,1,0,1,62.75,359.13,3,0,178.1,55,6.8,0
CUST-103130,17,0,1,0,Month-to-month,Electronic check,1,DSL,0,1,0,0,0,0,0,46.99,766.79,4,2,111.2,1,4.3,1
CUST-103131,23,0,1,0,Month-to-month,Bank transfer (auto),1,Fiber optic,1,0,1,1,1,1,1,107.53,2448.32,2,0,97.8,89,6.1,0
CUST-103132,10,0,0,0,One year,Bank transfer (auto),0,No,1,0,0,0,0,0,0,30.68,302.3,0,2,192.8,29,5.9,0
CUST-103133,5,0,0,0,Month-to-month,Credit card (auto),0,Fiber optic,1,0,1,1,0,0,1,80.05,392.89,5,1,187.3,3,4.9,0
CUST-103134,2,1,0,1,One year,Credit card (auto),1,No,0,0,0,0,0,0,0,18.0,33.69,1,2,110.1,87,5.3,0
CUST-103135,21,0,0,0,One year,Credit card (auto),0,DSL,0,0,0,1,1,1,1,63.11,1290.37,0,0,153.4,71,6.3,0
CUST-103136,7,0,1,0,Month-to-month,Bank transfer (auto),1,No,1,0,0,0,0,0,0,23.18,153.45,3,2,168.1,27,5.6,1
CUST-103137,2,0,0,0,Month-to-month,Electronic check,0,Fiber optic,1,1,0,0,1,0,0,91.06,174.4,2,1,284.3,10,8.7,1
CUST-103138,20,0,1,0,One year,Electronic check,1,No,0,0,0,0,0,0,0,23.3,434.08,4,3,38.6,42,3.6,0
CUST-103139,3,0,0,1,Month-to-month,Mailed check,1,Fiber optic,0,1,1,0,0,1,0,85.8,246.87,5,1,290.4,2,5.7,0
CUST-103140,50,0,1,1,Two year,Electronic check,0,Fiber optic,0,0,0,0,0,1,0,78.86,3923.95,1,1,268.9,23,8.1,0
CUST-103141,2,0,1,0,Two year,Electronic check,1,No,1,0,0,0,0,0,0,36.01,70.12,4,1,181.5,58,5.7,1
CUST-103142,33,0,1,0,Month-to-month,Electronic check,0,No,1,0,0,0,0,0,0,32.95,1002.92,4,3,219.9,32,5.2,1
CUST-103143,24,0,1,1,One year,Mailed check,0,DSL,1,0,1,0,0,1,1,71.33,1691.15,1,0,226.4,17,5.8,0
CUST-103144,1,0,1,0,Two year,Bank transfer (auto),1,DSL,0,0,0,0,0,1,0,49.38,48.05,3,0,54.4,53,7.2,0
CUST-103145,10,0,1,0,Two year,Credit card (auto),1,Fiber optic,0,0,1,0,0,0,1,75.52,720.79,2,1,202.6,21,7.6,0
CUST-103146,41,0,0,0,One year,Mailed check,1,DSL,1,0,0,1,0,0,1,74.27,2907.77,1,1,143.4,33,8.3,0
CUST-103147,4,0,0,1,Two year,Electronic check,1,DSL,1,1,0,1,0,1,0,68.98,270.77,3,0,11.3,72,7.1,0
CUST-103148,15,1,1,0,Month-to-month,Bank transfer (auto),1,DSL,0,0,0,1,1,0,0,48.21,680.72,4,0,108.5,9,5.7,0
CUST-103149,41,0,0,0,Month-to-month,Mailed check,1,Fiber optic,0,0,0,0,0,1,0,74.03,2887.39,3,2,278.4,83,5.6,0
CUST-103150,4,0,1,1,One year,Credit card (auto),1,Fiber optic,0,0,0,0,0,1,0,72.4,284.51,2,0,162.2,28,5.3,0
CUST-103151,7,1,0,0,One year,Mailed check,1,DSL,1,0,0,1,1,0,0,66.97,464.36,3,1,261.8,6,6.5,0
CUST-103152,3,0,1,0,Two year,Electronic check,1,Fiber optic,0,0,0,0,1,1,0,77.12,228.43,2,0,203.7,46,7.3,0
CUST-103153,57,0,0,0,Month-to-month,Bank transfer (auto),1,Fiber optic,0,0,0,0,0,0,0,60.75,3349.9,5,0,58.6,60,6.0,1
CUST-103154,2,1,1,1,Month-to-month,Mailed check,1,No,1,0,0,0,0,0,0,31.51,62.27,2,0,250.0,50,8.2,1
CUST-103155,71,0,0,0,One year,Bank transfer (auto),0,DSL,1,1,0,0,0,1,1,63.3,4390.66,2,0,255.1,29,6.8,0
CUST-103156,12,0,0,0,Two year,Electronic check,0,No,0,0,0,0,0,0,0,18.0,213.03,2,0,134.7,75,5.6,1
CUST-103157,37,0,1,1,One year,Mailed check,1,No,1,0,0,0,0,0,0,33.44,1165.44,2,0,46.4,22,6.3,0
CUST-103158,32,0,0,1,Month-to-month,Electronic check,0,Fiber optic,0,0,1,1,0,0,1,75.63,2239.34,2,2,164.6,86,6.4,1
CUST-103159,22,0,0,0,Two year,Bank transfer (auto),1,Fiber optic,0,0,0,0,0,1,0,68.57,1504.97,3,0,124.7,9,7.1,0
CUST-103160,13,0,1,0,One year,Electronic check,1,DSL,1,0,1,0,0,0,1,62.48,794.79,1,2,169.6,18,5.8,0
CUST-103161,21,1,1,0,Two year,Electronic check,1,Fiber optic,0,0,1,1,1,0,0,84.34,1751.86,2,2,291.8,49,5.9,0
CUST-103162,9,0,0,0,Two year,Bank transfer (auto),1,DSL,0,0,1,1,0,0,0,50.74,443.62,3,0,275.8,35,7.0,0
CUST-103163,25,0,1,0,Month-to-month,Bank transfer (auto),0,Fiber optic,0,0,0,0,1,0,0,76.69,1819.21,2,0,253.8,69,5.9,0
CUST-103164,0,1,0,1,Two year,Electronic check,1,No,0,0,0,0,0,0,0,25.03,24.0,2,1,229.0,33,6.8,1
CUST-103165,2,0,0,1,Month-to-month,Credit card (auto),0,DSL,1,0,1,0,1,1,0,60.98,119.06,4,0,166.0,89,7.4,0
CUST-103166,3,0,1,1,Two year,Bank transfer (auto),1,Fiber optic,0,1,0,0,1,0,0,79.43,231.07,0,1,289.4,83,7.6,0
CUST-103167,4,0,0,0,Month-to-month,Credit card (auto),1,Fiber optic,1,0,1,0,0,0,0,83.28,307.14,1,2,100.1,8,7.2,1
CUST-103168,6,0,0,0,One year,Electronic check,1,Fiber optic,1,0,0,1,0,0,1,94.18,549.59,4,2,119.6,32,3.9,1
CUST-103169,41,1,0,1,Month-to-month,Bank transfer (auto),1,Fiber optic,0,1,0,0,0,1,0,80.27,3140.89,5,0,224.5,57,5.3,1
CUST-103170,72,0,1,0,Month-to-month,Mailed check,1,Fiber optic,1,0,0,0,1,0,1,75.93,5380.15,3,1,374.8,82,5.1,0
CUST-103171,5,0,1,0,Two year,Mailed check,1,Fiber optic,0,0,0,1,0,1,0,92.83,458.29,1,0,165.6,51,7.5,0
CUST-103172,2,0,0,0,Month-to-month,Electronic check,1,DSL,1,1,0,0,0,0,1,62.63,121.96,1,1,280.3,68,3.6,1
CUST-103173,5,0,1,0,Month-to-month,Electronic check,0,Fiber optic,1,0,1,0,0,1,0,88.49,421.14,6,0,82.7,42,6.1,1
CUST-103174,27,0,1,0,Two year,Credit card (auto),0,Fiber optic,1,0,0,1,1,0,1,90.81,2408.35,3,2,203.7,66,5.2,0
CUST-103175,41,1,0,0,Month-to-month,Credit card (auto),0,DSL,0,0,0,1,1,1,0,60.08,2452.77,1,0,238.2,35,6.2,0
CUST-103176,12,0,1,1,One year,Electronic check,0,Fiber optic,0,0,1,0,0,0,0,77.0,864.91,2,2,255.7,33,7.6,0
CUST-103177,11,0,0,0,Two year,Electronic check,1,Fiber optic,0,0,0,1,0,1,0,83.58,906.32,2,1,157.2,33,6.0,1
CUST-103178,21,0,0,0,Month-to-month,Electronic check,0,Fiber optic,0,1,0,0,1,1,1,87.01,1687.3,5,1,125.3,41,5.2,0
CUST-103179,29,0,0,0,Month-to-month,Bank transfer (auto),0,Fiber optic,1,0,1,1,1,0,1,81.6,2223.02,0,0,80.5,79,8.0,0
CUST-103180,18,0,0,0,One year,Electronic check,1,Fiber optic,1,1,1,0,0,0,0,84.29,1504.55,2,0,166.4,30,6.9,0
CUST-103181,1,0,1,0,One year,Bank transfer (auto),0,No,0,0,0,0,0,0,0,18.64,17.24,1,0,331.7,83,6.7,0
CUST-103182,72,0,1,0,Month-to-month,Electronic check,1,Fiber optic,1,0,0,1,1,0,1,87.29,5831.17,3,1,154.3,5,7.7,0
CUST-103183,11,0,1,0,Month-to-month,Bank transfer (auto),1,Fiber optic,0,0,0,0,0,0,1,67.9,700.59,3,3,404.6,63,2.5,1
CUST-103184,14,0,0,0,Month-to-month,Credit card (auto),1,Fiber optic,0,0,1,0,0,0,0,71.53,965.39,0,0,182.9,4,5.8,0
CUST-103185,2,0,0,1,Month-to-month,Electronic check,1,Fiber optic,0,0,0,0,1,0,0,79.54,153.45,2,1,256.7,60,5.3,1
CUST-103186,1,0,0,0,Month-to-month,Credit card (auto),1,No,1,0,0,0,0,0,0,29.79,28.49,3,1,377.7,49,8.0,0
CUST-103187,2,0,0,0,Two year,Credit card (auto),0,Fiber optic,0,1,0,0,0,1,0,70.78,140.92,1,0,193.7,17,8.8,0
CUST-103188,17,0,1,1,Month-to-month,Bank transfer (auto),1,DSL,0,1,0,0,0,0,0,38.88,611.79,5,1,351.8,67,5.6,0
CUST-103189,1,0,1,1,Month-to-month,Electronic check,1,Fiber optic,1,0,0,0,0,1,1,76.3,75.79,2,0,187.9,39,6.4,0
CUST-103190,72,0,1,1,Two year,Bank transfer (auto),1,DSL,1,0,1,0,1,0,1,67.85,4503.29,1,1,164.0,30,6.6,0
CUST-103191,15,1,1,0,Month-to-month,Electronic check,0,Fiber optic,1,1,1,0,0,1,0,82.33,1142.06,3,1,193.1,22,7.4,0
CUST-103192,15,1,0,1,Two year,Credit card (auto),0,No,0,0,0,0,0,0,0,19.35,268.97,2,0,46.0,3,4.9,0
CUST-103193,43,0,0,0,Two year,Bank transfer (auto),1,Fiber optic,0,1,0,0,0,1,0,82.78,3507.78,2,1,103.3,2,7.6,0
CUST-103194,14,0,0,0,Month-to-month,Credit card (auto),0,Fiber optic,0,0,0,1,1,1,0,85.73,1156.19,1,1,86.6,50,9.1,0
CUST-103195,5,0,1,1,Month-to-month,Bank transfer (auto),0,DSL,1,0,0,1,0,0,1,59.77,288.36,2,0,181.3,27,6.8,0
CUST-103196,25,0,0,0,Month-to-month,Electronic check,0,DSL,1,0,0,1,0,0,0,66.68,1597.36,3,1,234.4,89,6.3,1
CUST-103197,1,1,0,1,Month-to-month,Mailed check,0,Fiber optic,1,0,1,1,0,0,0,83.18,80.07,2,0,130.8,22,6.7,1
CUST-103198,3,0,1,1,Month-to-month,Credit card (auto),1,No,1,0,0,0,0,0,0,28.64,79.74,6,1,405.7,81,4.3,0
CUST-103199,20,0,0,0,Month-to-month,Mailed check,1,Fiber optic,0,0,1,1,0,1,1,85.53,1695.58,3,0,39.0,79,4.0,1
CUST-103200,0,0,1,0,Month-to-month,Mailed check,0,No,0,0,0,0,0,0,0,18.65,18.03,2,0,72.5,67,6.7,0
CUST-103201,18,0,0,1,Two year,Credit card (auto),0,Fiber optic,1,0,1,0,0,1,1,96.26,1653.22,3,0,246.5,49,5.3,0
CUST-103202,46,0,0,0,Month-to-month,Electronic check,1,DSL,1,0,0,0,1,1,0,65.71,2896.98,3,3,148.0,38,4.7,0
CUST-103203,72,0,0,0,Month-to-month,Credit card (auto),1,Fiber optic,1,0,1,1,0,0,1,80.43,5782.23,3,1,5.0,10,5.6,0
CUST-103204,35,0,1,0,Month-to-month,Electronic check,1,DSL,0,0,1,0,0,1,0,47.65,1628.85,6,0,222.1,19,6.0,0
CUST-103205,5,0,1,1,Month-to-month,Credit card (auto),1,DSL,1,1,1,0,1,0,1,75.79,371.22,2,2,211.4,12,7.1,0
CUST-103206,10,0,0,1,One year,Bank transfer (auto),0,DSL,0,0,1,0,0,1,0,45.96,454.91,3,0,199.9,88,6.6,1
CUST-103207,7,0,1,0,One year,Electronic check,1,Fiber optic,0,0,0,1,0,1,1,77.23,537.85,2,0,176.3,17,7.4,1
CUST-103208,8,0,1,1,Month-to-month,Electronic check,1,DSL,0,0,0,1,0,1,1,60.38,451.14,4,1,178.7,14,6.1,1
CUST-103209,26,0,1,1,One year,Electronic check,1,No,0,0,0,0,0,0,0,25.65,661.65,2,2,330.9,79,7.2,0
CUST-103210,44,0,1,0,Month-to-month,Bank transfer (auto),1,No,0,0,0,0,0,0,0,24.9,1086.23,2,2,273.6,13,7.4,0
CUST-103211,10,0,1,0,Two year,Mailed check,1,Fiber optic,0,0,0,1,0,0,1,69.15,684.98,1,0,247.5,73,8.0,0
CUST-103212,0,0,0,0,Month-to-month,Electronic check,1,Fiber optic,1,1,0,1,1,0,0,89.69,86.67,3,1,279.1,34,5.6,1
CUST-103213,8,0,0,1,One year,Bank transfer (auto),1,DSL,1,1,0,0,0,1,1,64.03,476.7,2,0,174.2,11,7.8,0
CUST-103214,17,0,0,0,Month-to-month,Credit card (auto),1,Fiber optic,0,1,0,0,0,0,0,70.71,1170.75,4,1,210.1,54,5.2,0
CUST-103215,6,0,0,0,Month-to-month,Electronic check,1,DSL,0,1,0,0,0,0,0,39.86,234.37,5,2,5.0,54,3.9,1
CUST-103216,10,0,1,0,Month-to-month,Bank transfer (auto),1,Fiber optic,0,0,1,1,0,1,0,91.52,845.44,0,0,409.1,16,6.4,1
CUST-103217,40,0,1,0,Month-to-month,Credit card (auto),1,DSL,0,1,0,1,1,0,1,62.13,2452.46,0,1,184.4,52,6.4,0
CUST-103218,7,0,0,0,One year,Bank transfer (auto),0,Fiber optic,0,0,0,0,0,0,0,63.96,438.32,5,0,286.8,76,6.6,1
CUST-103219,15,1,1,0,One year,Credit card (auto),0,Fiber optic,0,1,0,0,1,0,0,80.97,1130.89,2,1,262.6,50,7.2,0
CUST-103220,17,0,1,0,Month-to-month,Bank transfer (auto),1,Fiber optic,0,0,0,0,0,0,0,68.8,1105.41,1,0,252.7,42,8.2,0
CUST-103221,43,0,0,1,Two year,Bank transfer (auto),0,Fiber optic,0,0,1,0,0,0,1,83.85,3511.4,0,1,152.6,46,8.4,0
CUST-103222,12,0,1,1,Month-to-month,Credit card (auto),1,DSL,1,0,0,0,0,0,0,49.87,550.81,3,0,299.4,8,6.0,0
CUST-103223,19,0,0,1,Two year,Electronic check,1,DSL,1,0,1,0,1,0,1,63.71,1179.34,1,1,255.2,18,7.9,0
CUST-103224,10,0,0,0,Month-to-month,Bank transfer (auto),1,Fiber optic,1,0,0,1,0,0,0,82.48,789.95,2,1,77.6,9,4.4,1
CUST-103225,10,0,0,0,Month-to-month,Bank transfer (auto),0,Fiber optic,0,1,1,0,1,0,1,91.97,898.87,1,2,196.9,24,5.8,1
CUST-103226,72,0,1,1,Month-to-month,Electronic check,0,DSL,0,0,0,0,0,1,1,47.96,3433.59,1,2,191.1,44,4.5,0
CUST-103227,16,0,0,0,One year,Mailed check,0,No,1,0,0,0,0,0,0,19.44,309.95,1,0,141.7,3,5.7,0
CUST-103228,72,1,0,0,One year,Credit card (auto),0,DSL,1,1,1,0,0,0,0,64.91,4534.1,2,1,80.5,30,5.4,0
CUST-103229,13,0,1,0,One year,Electronic check,1,DSL,1,1,0,0,1,0,0,63.54,825.01,1,2,95.0,28,6.3,0
CUST-103230,1,0,1,0,Month-to-month,Mailed check,0,Fiber optic,1,1,0,0,0,0,1,87.17,82.49,3,0,239.3,64,5.8,1
CUST-103231,2,0,0,0,Month-to-month,Electronic check,0,DSL,1,0,1,1,0,0,1,66.86,133.05,1,1,145.9,83,5.7,1
CUST-103232,1,0,0,1,One year,Electronic check,1,Fiber optic,1,0,0,0,0,0,1,82.55,78.95,1,2,226.9,36,4.9,1
CUST-103233,24,0,1,1,Two year,Mailed check,1,DSL,1,1,0,1,0,1,1,78.97,1877.24,1,0,168.0,63,8.3,0
CUST-103234,19,0,1,1,Month-to-month,Electronic check,1,Fiber optic,0,0,0,1,0,0,1,80.13,1478.98,2,2,170.4,73,5.8,1
CUST-103235,6,0,0,1,Two year,Mailed check,1,DSL,0,0,1,0,0,0,0,48.2,283.93,2,2,97.9,64,6.7,0
CUST-103236,29,0,0,0,One year,Electronic check,1,DSL,0,0,0,1,0,0,0,43.15,1215.57,2,0,126.3,72,5.5,0
CUST-103237,38,1,0,0,Month-to-month,Credit card (auto),1,Fiber optic,1,1,0,1,0,0,1,89.07,3355.96,3,0,173.5,34,5.0,0
CUST-103238,19,1,1,0,One year,Credit card (auto),1,Fiber optic,1,0,1,0,1,0,1,94.71,1781.91,2,1,32.6,28,8.0,0
CUST-103239,13,0,1,1,Month-to-month,Electronic check,1,Fiber optic,0,1,1,0,0,0,0,83.33,1011.26,5,0,201.6,41,7.2,1
CUST-103240,10,0,1,0,Month-to-month,Electronic check,1,Fiber optic,0,1,0,0,0,1,1,74.61,717.93,0,0,173.4,76,7.7,1
CUST-103241,5,0,0,1,One year,Electronic check,0,No,0,0,0,0,0,0,0,25.2,120.7,1,1,42.2,9,6.5,0
CUST-103242,16,1,1,0,Two year,Electronic check,1,DSL,1,0,0,0,1,0,1,61.16,917.22,0,0,170.8,88,9.7,0
CUST-103243,22,0,0,0,Month-to-month,Bank transfer (auto),0,No,0,0,0,0,0,0,0,34.0,702.5,2,1,5.0,71,7.7,0
CUST-103244,15,0,1,1,Month-to-month,Bank transfer (auto),1,No,1,0,0,0,0,0,0,35.19,527.39,6,0,138.6,29,4.8,1
CUST-103245,17,0,0,1,Month-to-month,Bank transfer (auto),1,Fiber optic,1,1,0,1,0,1,0,90.27,1512.64,4,0,187.9,77,4.7,1
CUST-103246,72,0,0,1,Month-to-month,Credit card (auto),1,DSL,0,0,1,1,1,0,0,51.35,3517.39,1,0,262.6,60,9.1,0
CUST-103247,63,0,0,0,One year,Credit card (auto),1,No,0,0,0,0,0,0,0,18.0,1061.82,1,0,418.2,7,3.7,0
CUST-103248,12,0,0,0,Month-to-month,Mailed check,1,Fiber optic,1,0,0,1,0,1,1,88.12,1001.59,1,0,197.3,82,6.7,1
CUST-103249,7,0,0,0,Month-to-month,Bank transfer (auto),1,DSL,1,0,0,0,0,0,1,68.1,450.82,1,0,206.9,49,6.3,1
CUST-103250,72,0,1,1,One year,Mailed check,0,No,1,0,0,0,0,0,0,25.95,1846.05,3,2,36.6,66,4.8,0
CUST-103251,3,0,1,0,Month-to-month,Bank transfer (auto),1,Fiber optic,1,0,0,0,0,1,0,83.6,237.16,1,0,163.9,13,5.8,1
CUST-103252,27,0,1,0,Month-to-month,Electronic check,1,Fiber optic,1,0,0,0,0,0,0,76.93,2009.1,3,0,138.6,49,6.0,0
CUST-103253,40,1,1,0,One year,Electronic check,1,Fiber optic,1,0,1,0,0,1,0,85.61,3394.86,3,6,27.1,14,6.0,1
CUST-103254,0,0,0,1,Month-to-month,Electronic check,0,No,0,0,0,0,0,0,0,18.0,17.45,6,1,336.3,41,3.8,1
CUST-103255,70,0,1,0,Month-to-month,Electronic check,0,Fiber optic,1,0,1,1,1,0,0,100.05,6979.3,2,1,220.1,27,8.6,0
CUST-103256,14,0,0,1,Month-to-month,Mailed check,1,No,1,0,0,0,0,0,0,32.96,425.77,4,0,229.2,79,5.4,0
CUST-103257,25,0,0,0,Month-to-month,Bank transfer (auto),1,DSL,0,0,1,1,1,1,0,54.21,1350.56,1,1,330.8,54,5.3,0
CUST-103258,4,1,0,0,Two year,Mailed check,0,Fiber optic,1,0,1,0,1,0,0,76.85,306.18,2,0,53.3,35,5.9,0
CUST-103259,72,0,0,1,One year,Credit card (auto),0,Fiber optic,0,0,0,0,0,0,1,79.15,5475.16,2,1,65.4,62,5.5,0
CUST-103260,40,1,1,0,Month-to-month,Electronic check,0,DSL,1,0,0,1,1,1,1,77.24,3058.46,5,1,306.6,2,4.9,0
CUST-103261,24,0,0,0,Month-to-month,Credit card (auto),0,DSL,1,0,0,1,0,1,1,60.74,1449.51,3,0,91.9,35,4.7,0
CUST-103262,9,0,0,0,Month-to-month,Electronic check,1,DSL,1,0,0,1,1,1,1,68.2,610.29,2,3,242.2,77,7.0,0
CUST-103263,26,0,1,0,Two year,Electronic check,1,DSL,0,0,0,0,0,0,0,51.39,1301.83,1,2,206.7,11,7.1,0
CUST-103264,30,0,0,1,One year,Electronic check,1,Fiber optic,0,0,1,0,0,1,1,87.13,2594.7,1,2,361.2,27,6.1,0
CUST-103265,72,0,1,0,One year,Electronic check,0,DSL,1,0,0,0,1,0,1,61.83,4163.03,1,3,315.3,31,5.0,0
CUST-103266,3,1,0,0,Month-to-month,Electronic check,0,Fiber optic,0,0,1,1,1,1,1,95.75,276.94,4,0,319.3,26,5.4,1
CUST-103267,15,1,1,1,Two year,Bank transfer (auto),1,No,1,0,0,0,0,0,0,26.34,392.23,0,1,29.9,40,7.0,0
CUST-103268,6,0,1,0,Two year,Electronic check,1,Fiber optic,1,1,0,1,0,0,0,84.41,506.44,2,1,241.7,82,4.7,0
CUST-103269,8,1,0,0,Month-to-month,Electronic check,0,No,1,0,0,0,0,0,0,34.25,271.05,3,1,275.4,15,4.2,1
CUST-103270,67,1,1,1,Month-to-month,Electronic check,1,Fiber optic,0,0,0,0,0,0,0,65.87,4073.26,2,0,179.4,2,6.1,0
CUST-103271,3,0,0,1,Month-to-month,Bank transfer (auto),0,No,1,0,0,0,0,0,0,25.04,75.12,3,1,125.6,70,3.9,0
CUST-103272,38,0,0,0,One year,Mailed check,0,Fiber optic,0,0,0,1,1,0,1,93.55,3494.7,1,3,168.8,80,7.4,0
CUST-103273,72,0,1,0,Month-to-month,Electronic check,1,DSL,1,1,1,1,0,1,0,65.71,4717.34,0,1,258.7,33,7.3,0
CUST-103274,1,0,1,0,Month-to-month,Electronic check,1,Fiber optic,1,1,0,0,1,0,0,96.86,94.7,3,2,67.3,33,8.0,1
CUST-103275,7,0,0,0,One year,Bank transfer (auto),1,Fiber optic,0,0,1,0,1,0,0,79.93,520.46,2,0,340.1,55,5.3,0
CUST-103276,10,1,0,1,One year,Bank transfer (auto),1,Fiber optic,1,0,0,1,1,1,0,91.4,900.89,0,3,12.7,16,5.9,0
CUST-103277,3,0,0,0,Month-to-month,Mailed check,1,DSL,1,0,0,0,0,0,0,56.0,161.48,3,0,119.2,81,7.1,1
CUST-103278,2,0,1,0,Month-to-month,Mailed check,0,Fiber optic,0,0,1,0,1,0,0,83.9,158.64,4,0,71.0,63,7.2,1
CUST-103279,6,0,1,0,Month-to-month,Electronic check,1,No,0,0,0,0,0,0,0,28.05,155.46,3,1,182.5,22,3.8,0
CUST-103280,5,0,0,0,Month-to-month,Mailed check,0,No,0,0,0,0,0,0,0,18.52,86.66,1,1,134.9,41,8.6,1
CUST-103281,27,0,1,1,Two year,Bank transfer (auto),1,Fiber optic,1,1,0,0,0,0,0,85.04,2144.08,0,0,298.1,70,6.4,0
CUST-103282,27,0,0,0,One year,Credit card (auto),0,Fiber optic,1,1,0,1,0,1,0,88.69,2205.44,5,0,160.6,2,7.5,0
CUST-103283,28,0,1,0,Two year,Mailed check,1,DSL,1,0,0,0,0,0,0,49.59,1331.96,2,1,208.4,62,5.9,0
CUST-103284,66,0,1,0,One year,Bank transfer (auto),0,Fiber optic,1,1,1,0,1,0,1,96.6,5962.82,1,0,169.1,41,8.6,0
CUST-103285,2,0,1,0,One year,Mailed check,1,DSL,1,0,1,0,0,0,0,61.78,117.13,3,1,152.1,71,3.1,0
CUST-103286,16,0,0,1,Month-to-month,Bank transfer (auto),0,No,0,0,0,0,0,0,0,18.0,281.88,4,0,198.2,10,10.0,0
CUST-103287,14,0,0,1,Month-to-month,Bank transfer (auto),1,Fiber optic,0,0,0,1,0,1,0,69.28,905.84,4,1,62.3,74,5.5,0
CUST-103288,69,0,0,1,Two year,Bank transfer (auto),0,DSL,0,0,0,1,0,0,0,43.23,2816.23,5,0,94.4,1,7.2,0
CUST-103289,5,0,1,0,One year,Electronic check,1,DSL,0,0,1,1,1,1,0,59.99,283.47,2,1,80.5,33,6.8,0
CUST-103290,33,0,1,1,Two year,Electronic check,0,Fiber optic,1,1,1,1,1,0,0,103.58,3313.54,2,1,208.3,59,7.3,0
CUST-103291,5,0,0,0,One year,Electronic check,1,Fiber optic,0,1,0,0,0,0,0,69.3,345.18,2,3,193.2,88,7.3,0
CUST-103292,2,0,0,0,Month-to-month,Mailed check,1,Fiber optic,1,0,0,0,1,0,0,85.34,168.41,2,1,199.9,29,8.9,1
CUST-103293,23,1,0,0,Month-to-month,Mailed check,0,Fiber optic,1,0,1,0,0,1,0,93.67,2011.48,3,0,183.5,28,6.1,1
CUST-103294,22,1,1,1,Month-to-month,Bank transfer (auto),1,Fiber optic,0,0,0,0,0,0,0,65.24,1388.33,4,0,217.2,55,7.9,0
CUST-103295,72,0,1,1,One year,Bank transfer (auto),0,DSL,0,0,1,0,0,1,1,66.52,4663.01,4,0,142.0,51,5.8,0
CUST-103296,3,0,0,0,Two year,Bank transfer (auto),1,DSL,0,0,1,0,0,0,0,52.82,149.22,4,1,167.6,7,6.3,0
CUST-103297,10,0,1,1,Two year,Bank transfer (auto),0,DSL,1,0,1,0,1,0,1,60.55,557.11,0,3,215.0,27,7.2,0
CUST-103298,57,1,0,1,Month-to-month,Electronic check,1,Fiber optic,0,0,0,0,0,1,1,76.5,4198.21,3,2,113.5,49,5.9,0
CUST-103299,21,0,1,1,Month-to-month,Electronic check,1,Fiber optic,0,0,0,0,0,0,1,69.6,1447.01,3,0,224.5,36,5.9,0
CUST-103300,34,0,0,0,Month-to-month,Electronic check,0,DSL,1,1,0,0,0,1,0,60.3,1900.72,5,3,284.6,40,4.5,0
CUST-103301,3,0,0,1,Month-to-month,Credit card (auto),0,Fiber optic,0,0,1,0,0,0,0,76.73,218.15,4,0,198.5,11,5.6,0
CUST-103302,1,0,1,1,Two year,Electronic check,0,DSL,0,0,0,0,1,0,1,49.93,47.28,1,3,310.9,72,7.8,0
CUST-103303,16,0,1,0,One year,Electronic check,0,DSL,0,0,0,0,0,0,1,51.55,796.97,4,2,170.8,23,6.9,0
CUST-103304,9,0,0,0,Month-to-month,Electronic check,1,DSL,0,1,1,1,1,1,1,72.9,617.45,1,1,279.6,38,4.6,0
CUST-103305,26,0,1,1,Two year,Bank transfer (auto),0,Fiber optic,1,0,0,1,0,0,0,75.96,1939.66,4,2,107.9,41,4.8,0
CUST-103306,39,0,0,1,Month-to-month,Credit card (auto),1,DSL,0,0,1,0,0,0,0,51.58,1922.12,3,0,209.2,13,3.9,1
CUST-103307,60,0,0,0,Two year,Credit card (auto),1,No,1,0,0,0,0,0,0,34.29,2026.79,2,0,231.7,29,6.7,0
CUST-103308,62,0,1,1,One year,Electronic check,0,DSL,0,0,0,0,0,0,0,43.41,2630.58,1,0,269.9,13,5.2,0
CUST-103309,29,0,1,0,Month-to-month,Bank transfer (auto),1,Fiber optic,0,0,0,0,0,1,0,78.76,2190.47,1,0,227.0,18,5.2,0
CUST-103310,2,1,0,0,One year,Electronic check,0,No,1,0,0,0,0,0,0,21.71,41.89,2,2,321.4,52,5.6,0
CUST-103311,9,0,1,0,Month-to-month,Credit card (auto),0,DSL,0,0,0,0,0,1,0,58.59,509.82,0,0,248.7,43,5.2,0
CUST-103312,19,1,1,0,One year,Mailed check,0,Fiber optic,0,0,0,0,0,1,0,77.99,1448.42,0,1,188.4,24,7.7,0
CUST-103313,67,0,0,0,Month-to-month,Electronic check,1,Fiber optic,0,1,1,0,0,0,0,83.08,5517.4,4,1,191.1,15,6.0,0
CUST-103314,0,1,0,0,Month-to-month,Mailed check,0,DSL,0,0,1,1,0,0,0,49.89,49.33,1,0,125.0,85,5.9,0
CUST-103315,38,0,0,0,One year,Mailed check,1,DSL,1,0,0,0,0,1,0,61.6,2295.52,1,1,158.1,17,7.2,0
CUST-103316,8,0,1,0,Month-to-month,Credit card (auto),1,No,1,0,0,0,0,0,0,30.35,230.86,5,0,167.2,45,4.9,1
CUST-103317,4,0,1,0,Month-to-month,Electronic check,0,DSL,0,1,0,1,1,0,0,62.82,247.45,3,0,202.0,63,6.9,1
CUST-103318,3,1,0,1,Two year,Credit card (auto),0,DSL,0,0,0,0,0,0,0,52.67,157.68,1,1,168.0,26,10.0,0
CUST-103319,13,1,0,0,Month-to-month,Electronic check,1,Fiber optic,0,0,1,0,0,1,0,75.95,933.89,5,0,57.3,80,5.1,1
CUST-103320,59,0,0,0,One year,Electronic check,0,DSL,0,0,0,0,0,0,1,57.17,3280.66,3,2,291.8,36,5.8,0
CUST-103321,29,0,1,0,One year,Bank transfer (auto),0,No,0,0,0,0,0,0,0,24.46,695.14,2,0,5.0,56,7.5,0
CUST-103322,45,0,1,0,Month-to-month,Mailed check,1,No,0,0,0,0,0,0,0,18.0,795.37,5,0,103.1,38,9.2,0
CUST-103323,23,0,0,0,Two year,Credit card (auto),1,No,1,0,0,0,0,0,0,37.81,845.48,3,0,295.5,68,5.3,0
CUST-103324,17,0,1,1,Month-to-month,Bank transfer (auto),0,DSL,0,0,1,1,0,0,1,55.25,893.49,4,0,108.9,29,5.3,1
CUST-103325,72,0,0,0,Month-to-month,Mailed check,1,No,0,0,0,0,0,0,0,21.16,1477.78,6,1,271.0,76,5.6,0
CUST-103326,44,0,1,0,Month-to-month,Electronic check,1,Fiber optic,0,0,1,0,0,0,0,75.92,3169.88,4,1,203.1,61,5.0,0
CUST-103327,55,0,1,0,One year,Credit card (auto),1,Fiber optic,0,1,0,0,0,0,0,68.72,3759.29,2,0,228.9,69,7.0,0
CUST-103328,0,1,1,0,Month-to-month,Bank transfer (auto),0,Fiber optic,0,0,0,1,0,0,0,79.66,78.58,3,0,144.0,55,8.7,1
CUST-103329,1,0,0,1,Month-to-month,Bank transfer (auto),0,Fiber optic,0,0,0,0,0,1,1,76.34,70.3,5,0,156.8,89,5.1,1
CUST-103330,23,0,1,1,Month-to-month,Credit card (auto),0,Fiber optic,0,0,0,0,0,1,0,66.82,1459.84,2,1,240.3,48,5.7,0
CUST-103331,56,0,1,0,One year,Electronic check,0,Fiber optic,0,0,0,0,0,0,0,65.06,3499.2,1,1,187.6,55,8.9,0
CUST-103332,31,0,1,0,Month-to-month,Credit card (auto),0,Fiber optic,0,0,0,0,0,1,0,63.59,1929.8,2,1,138.8,86,5.6,0
CUST-103333,0,0,1,0,Month-to-month,Mailed check,0,DSL,1,0,0,0,0,1,0,49.48,47.93,5,0,178.0,0,5.8,0
CUST-103334,33,0,1,0,Month-to-month,Credit card (auto),1,DSL,0,0,0,1,1,0,0,59.91,1965.7,4,1,154.2,4,3.5,1
CUST-103335,39,0,0,0,Month-to-month,Bank transfer (auto),1,Fiber optic,1,0,1,0,0,0,0,73.29,2800.53,4,3,66.5,17,5.9,0
CUST-103336,72,0,0,0,One year,Mailed check,1,Fiber optic,1,0,0,0,0,0,0,80.04,5597.73,2,2,188.6,82,6.3,0
CUST-103337,0,0,1,0,Month-to-month,Bank transfer (auto),1,Fiber optic,0,0,0,0,1,0,1,75.48,73.6,1,1,243.4,61,5.1,1
CUST-103338,2,0,0,0,Month-to-month,Bank transfer (auto),1,Fiber optic,0,0,1,0,0,0,0,80.96,160.75,2,1,179.4,7,6.2,1
CUST-103339,46,0,1,1,Month-to-month,Electronic check,1,Fiber optic,1,1,0,0,1,1,1,95.85,4234.82,2,0,168.0,13,8.3,0
CUST-103340,28,0,1,0,One year,Bank transfer (auto),1,DSL,0,0,0,1,0,1,1,51.25,1382.36,5,1,209.7,45,4.5,1
CUST-103341,12,0,1,0,One year,Mailed check,1,Fiber optic,0,0,1,0,0,1,1,86.99,1027.55,2,0,88.5,53,5.8,1
CUST-103342,16,0,1,1,Month-to-month,Credit card (auto),1,DSL,0,0,0,0,0,1,0,47.18,708.81,2,1,5.0,84,7.8,0
CUST-103343,19,0,1,0,One year,Credit card (auto),1,No,0,0,0,0,0,0,0,23.99,437.26,2,1,265.7,25,6.2,0
CUST-103344,60,0,1,0,One year,Electronic check,0,Fiber optic,1,0,0,1,0,1,1,93.42,5506.58,2,1,234.8,6,7.1,0
CUST-103345,47,0,1,0,Month-to-month,Electronic check,0,No,0,0,0,0,0,0,0,18.0,828.61,1,1,5.0,30,8.2,0
CUST-103346,16,0,0,0,Month-to-month,Electronic check,0,DSL,0,0,1,1,0,0,0,53.19,846.07,7,0,165.5,80,3.6,1
CUST-103347,14,0,0,1,Month-to-month,Bank transfer (auto),1,Fiber optic,1,1,0,0,0,0,1,83.54,1152.63,1,1,179.3,14,5.8,1
CUST-103348,12,0,0,0,Two year,Credit card (auto),0,Fiber optic,0,0,0,0,0,0,0,68.42,766.53,2,0,140.7,7,7.0,1
CUST-103349,21,0,1,0,Month-to-month,Bank transfer (auto),0,DSL,1,0,0,0,0,1,1,61.14,1272.17,1,0,101.3,43,5.8,0
CUST-103350,38,0,0,1,Month-to-month,Credit card (auto),1,Fiber optic,1,0,1,0,0,1,0,77.4,2867.25,8,0,174.9,47,4.4,1
CUST-103351,33,0,1,0,Month-to-month,Bank transfer (auto),1,DSL,1,0,1,0,0,0,1,63.75,1964.35,3,0,110.9,59,6.6,0
CUST-103352,53,0,0,1,Month-to-month,Mailed check,1,DSL,0,0,0,1,1,0,0,51.98,2609.57,2,0,175.5,87,7.9,0
CUST-103353,22,0,0,0,Two year,Credit card (auto),1,Fiber optic,1,0,1,1,0,1,0,83.8,1714.05,1,1,56.4,51,6.2,0
CUST-103354,26,0,1,0,Month-to-month,Electronic check,1,Fiber optic,0,1,0,0,0,0,1,71.98,1864.45,4,2,226.6,57,7.8,0
CUST-103355,15,0,0,1,Month-to-month,Mailed check,1,Fiber optic,0,0,1,0,0,1,0,68.53,987.23,2,1,324.5,74,9.6,0
CUST-103356,53,0,1,0,One year,Electronic check,1,Fiber optic,1,0,0,0,1,1,0,98.66,5036.38,2,4,183.8,18,4.8,0
CUST-103357,72,0,0,0,One year,Electronic check,1,DSL,1,0,1,0,0,1,0,61.75,4133.73,3,4,244.7,65,8.6,0
CUST-103358,12,0,0,0,Two year,Bank transfer (auto),1,Fiber optic,0,0,1,0,0,0,1,81.18,932.21,4,0,158.8,45,5.1,0
CUST-103359,30,0,0,1,One year,Electronic check,0,Fiber optic,1,0,1,0,0,1,1,100.09,2970.18,2,2,319.9,43,4.1,1
CUST-103360,6,0,1,1,Month-to-month,Mailed check,1,Fiber optic,1,0,1,0,1,1,0,107.84,637.64,1,0,119.7,61,7.4,0
CUST-103361,22,0,0,0,Month-to-month,Electronic check,0,Fiber optic,1,0,1,0,0,0,1,82.69,1788.25,2,6,37.0,32,5.6,1
CUST-103362,34,0,1,0,Two year,Mailed check,1,DSL,0,0,0,0,0,1,0,46.32,1538.7,3,1,50.3,37,5.2,1
CUST-103363,9,1,1,0,One year,Electronic check,0,Fiber optic,0,0,1,1,0,0,0,72.91,645.22,0,2,100.2,83,6.4,0
CUST-103364,15,0,0,0,Month-to-month,Credit card (auto),0,DSL,1,1,0,0,0,1,0,61.04,903.67,4,0,195.1,51,7.0,1
CUST-103365,72,0,0,0,Month-to-month,Mailed check,0,DSL,0,1,1,1,0,1,0,52.1,3647.96,1,1,152.4,59,4.6,0
CUST-103366,0,0,0,1,One year,Credit card (auto),0,Fiber optic,1,0,0,1,0,1,0,94.8,88.33,1,1,360.0,50,6.4,1
CUST-103367,54,0,1,0,Month-to-month,Mailed check,0,Fiber optic,0,0,0,0,0,1,0,77.46,4029.1,5,0,202.5,85,3.9,1
CUST-103368,72,0,1,0,One year,Electronic check,0,DSL,0,0,0,0,1,1,0,52.72,3507.82,4,2,189.5,14,5.1,0
CUST-103369,27,0,0,0,One year,Bank transfer (auto),1,DSL,0,0,0,1,1,1,1,54.19,1424.04,2,1,192.5,34,8.7,0
CUST-103370,26,1,1,0,Month-to-month,Electronic check,1,Fiber optic,0,0,1,0,0,0,1,87.6,2262.87,2,1,297.4,42,6.6,0
CUST-103371,13,0,0,0,Two year,Mailed check,0,Fiber optic,1,0,1,0,1,1,0,88.82,1109.32,3,0,28.0,42,9.6,0
CUST-103372,51,0,1,0,Two year,Bank transfer (auto),1,Fiber optic,0,0,0,0,0,1,0,84.89,4090.76,3,0,236.7,17,5.5,0
CUST-103373,26,0,0,0,Month-to-month,Credit card (auto),1,Fiber optic,1,0,0,1,0,1,0,85.17,2111.28,4,0,96.4,31,7.4,0
CUST-103374,21,0,0,0,Month-to-month,Credit card (auto),0,DSL,1,0,0,0,0,0,1,57.92,1196.91,2,0,209.1,16,7.7,0
CUST-103375,17,0,0,0,Two year,Electronic check,0,Fiber optic,0,0,0,0,0,1,1,71.49,1169.83,2,1,149.5,77,4.0,0
CUST-103376,27,0,1,0,Month-to-month,Bank transfer (auto),1,No,0,0,0,0,0,0,0,27.22,727.44,2,0,188.6,48,5.7,0
CUST-103377,0,0,1,1,Two year,Mailed check,1,No,1,0,0,0,0,0,0,18.0,17.65,4,2,224.9,29,7.2,1
CUST-103378,10,0,0,0,Month-to-month,Bank transfer (auto),1,DSL,0,0,0,1,0,1,0,58.64,556.78,7,1,260.5,28,5.1,1
CUST-103379,19,0,0,0,One year,Credit card (auto),1,No,1,0,0,0,0,0,0,36.27,670.17,0,0,224.8,36,6.2,0
CUST-103380,21,0,1,1,One year,Bank transfer (auto),0,DSL,0,0,1,1,0,0,0,44.01,868.31,2,1,192.8,38,4.1,0
CUST-103381,15,0,0,0,Month-to-month,Electronic check,1,DSL,0,0,1,0,0,0,0,55.08,773.47,4,3,224.5,34,2.6,1
CUST-103382,54,0,1,0,One year,Credit card (auto),1,Fiber optic,1,0,0,0,0,0,1,91.13,4555.28,0,3,175.7,9,7.6,0
CUST-103383,28,1,0,1,Month-to-month,Mailed check,0,DSL,0,1,1,0,1,0,0,61.09,1606.86,3,1,230.0,84,5.0,1
CUST-103384,23,0,0,0,Month-to-month,Credit card (auto),1,DSL,0,0,0,0,0,0,1,53.02,1199.6,3,0,285.5,3,8.3,1
CUST-103385,72,0,1,1,Month-to-month,Bank transfer (auto),0,DSL,1,1,0,1,0,1,1,73.3,4892.78,6,0,343.4,43,6.6,0
CUST-103386,49,1,0,0,Month-to-month,Credit card (auto),1,Fiber optic,1,1,0,0,0,0,0,82.9,3950.18,2,2,286.0,27,2.8,1
CUST-103387,58,0,1,0,Month-to-month,Electronic check,1,Fiber optic,1,0,0,1,0,1,1,85.35,4697.24,4,1,310.1,51,6.2,0
CUST-103388,45,1,0,0,Month-to-month,Bank transfer (auto),0,Fiber optic,0,1,1,0,1,0,1,87.67,3940.36,2,2,103.0,45,5.7,0
CUST-103389,30,0,0,0,Month-to-month,Mailed check,1,Fiber optic,1,0,1,1,0,0,1,89.68,2603.31,2,1,263.7,56,6.1,0
CUST-103390,37,0,0,0,Month-to-month,Bank transfer (auto),0,DSL,0,0,0,0,0,0,0,56.27,2046.79,5,1,201.3,54,5.3,0
CUST-103391,11,0,0,0,Month-to-month,Credit card (auto),1,Fiber optic,1,0,0,0,0,0,0,77.6,839.48,2,0,106.9,55,6.2,1
CUST-103392,4,0,1,0,Two year,Bank transfer (auto),0,Fiber optic,0,0,0,1,1,1,0,83.31,318.43,2,1,123.1,60,7.1,0
CUST-103393,32,0,1,0,Month-to-month,Bank transfer (auto),1,DSL,1,1,1,0,0,1,0,67.63,2003.51,4,1,279.1,76,4.1,1
CUST-103394,3,0,1,0,One year,Electronic check,0,No,1,0,0,0,0,0,0,30.71,85.65,2,0,268.1,41,7.6,0
CUST-103395,25,0,0,0,Month-to-month,Electronic check,0,Fiber optic,1,0,0,0,0,1,1,82.35,1965.32,5,1,80.0,29,3.1,1
CUST-103396,1,0,0,0,Month-to-month,Bank transfer (auto),1,Fiber optic,1,0,1,0,0,0,1,92.71,90.08,2,0,169.0,34,6.1,1
CUST-103397,26,0,0,0,Month-to-month,Mailed check,1,Fiber optic,0,0,0,0,0,0,0,69.52,1740.66,1,0,63.1,13,6.4,0
CUST-103398,4,0,1,1,Month-to-month,Electronic check,0,Fiber optic,0,0,0,1,1,1,0,87.91,345.06,2,4,145.8,70,7.9,1
CUST-103399,14,0,0,0,Month-to-month,Bank transfer (auto),0,Fiber optic,0,0,1,1,0,0,0,73.58,1021.15,0,0,118.4,45,5.8,0
CUST-103400,8,1,0,0,One year,Bank transfer (auto),1,No,0,0,0,0,0,0,0,19.18,143.88,5,3,177.5,51,5.1,0
CUST-103401,16,0,1,1,Month-to-month,Electronic check,0,DSL,0,0,0,0,1,0,0,58.42,886.74,1,4,250.5,86,7.2,0
CUST-103402,12,0,0,1,Month-to-month,Electronic check,0,DSL,0,0,0,0,1,0,0,61.44,696.11,6,2,108.5,26,6.0,1
CUST-103403,3,0,1,0,Two year,Mailed check,0,DSL,0,0,0,0,1,0,0,53.52,149.88,3,2,89.0,19,5.7,0
CUST-103404,3,0,0,0,Month-to-month,Bank transfer (auto),1,No,1,0,0,0,0,0,0,21.29,61.59,1,1,180.8,39,7.3,1
CUST-103405,1,0,1,1,One year,Credit card (auto),1,Fiber optic,0,1,1,0,0,0,0,67.95,63.29,2,1,179.3,53,8.3,1
CUST-103406,18,1,1,0,One year,Mailed check,0,DSL,0,0,0,0,0,0,0,49.02,814.71,1,0,68.5,42,5.8,0
CUST-103407,2,0,0,0,Month-to-month,Electronic check,0,DSL,1,0,0,1,0,1,0,73.9,136.75,4,3,229.7,74,4.6,1
CUST-103408,10,0,1,0,Month-to-month,Credit card (auto),1,Fiber optic,0,0,0,0,0,0,0,67.68,663.4,1,0,99.0,77,6.9,1
CUST-103409,9,1,1,0,Month-to-month,Electronic check,1,No,0,0,0,0,0,0,0,18.87,164.07,2,0,302.6,44,5.4,0
CUST-103410,11,0,0,1,One year,Bank transfer (auto),0,Fiber optic,1,0,0,0,0,0,1,84.17,922.05,1,0,247.7,19,8.9,0
CUST-103411,20,0,1,0,Two year,Mailed check,1,DSL,1,1,0,0,0,1,0,77.11,1532.89,5,1,292.6,70,5.1,0
CUST-103412,6,0,1,0,Month-to-month,Credit card (auto),1,No,1,0,0,0,0,0,0,29.16,171.16,3,0,159.6,83,5.9,1
CUST-103413,12,0,1,0,Two year,Bank transfer (auto),1,No,1,0,0,0,0,0,0,29.26,347.23,5,0,318.3,55,4.1,0
CUST-103414,72,0,1,0,Month-to-month,Electronic check,1,Fiber optic,0,0,1,1,0,0,0,76.79,5151.83,4,3,226.3,54,5.6,0
CUST-103415,44,0,0,1,Month-to-month,Mailed check,1,Fiber optic,0,0,0,1,0,1,1,84.18,3646.79,1,0,265.0,28,7.8,0
CUST-103416,62,0,0,1,Month-to-month,Electronic check,1,Fiber optic,0,0,0,1,1,0,0,85.83,5180.95,0,1,276.0,29,5.8,0
CUST-103417,13,0,0,0,Two year,Electronic check,0,Fiber optic,0,0,1,0,0,1,1,79.67,1024.34,2,0,252.1,84,7.3,0
CUST-103418,7,0,0,1,Month-to-month,Mailed check,0,No,0,0,0,0,0,0,0,25.79,170.12,4,0,76.0,0,6.9,0
CUST-103419,17,0,0,0,One year,Bank transfer (auto),1,Fiber optic,1,0,0,0,0,1,1,93.05,1550.84,0,1,151.9,24,7.3,1
CUST-103420,11,1,0,0,Month-to-month,Credit card (auto),1,Fiber optic,1,0,0,0,0,0,0,73.3,745.46,1,0,200.1,61,5.7,1
CUST-103421,48,0,0,0,Two year,Electronic check,0,DSL,0,0,0,0,0,1,1,58.85,2765.14,3,2,111.2,40,5.2,0
CUST-103422,53,1,1,0,Two year,Mailed check,1,Fiber optic,0,1,0,1,0,0,0,91.4,4530.39,1,0,221.5,4,5.0,0
CUST-103423,23,0,0,0,One year,Credit card (auto),0,DSL,1,0,1,1,0,1,0,59.23,1357.15,2,1,109.1,79,4.4,0
CUST-103424,16,0,0,1,One year,Mailed check,0,Fiber optic,1,1,0,0,0,0,0,81.67,1305.11,1,0,236.6,45,8.1,0
CUST-103425,13,0,1,0,Month-to-month,Mailed check,0,No,1,0,0,0,0,0,0,29.6,366.73,7,0,283.7,40,6.6,0
CUST-103426,19,0,1,0,Two year,Credit card (auto),0,DSL,1,0,0,0,0,0,0,55.37,1045.67,2,0,369.8,58,6.0,0
CUST-103427,4,0,0,1,One year,Bank transfer (auto),0,Fiber optic,0,1,1,1,0,0,0,77.85,292.78,2,0,165.0,68,7.4,0
CUST-103428,57,1,1,1,Month-to-month,Mailed check,0,Fiber optic,1,0,0,1,0,0,0,75.04,4146.23,5,0,205.7,12,4.7,1
CUST-103429,9,0,1,0,Two year,Credit card (auto),1,DSL,0,0,0,0,1,0,1,49.61,441.76,2,2,157.5,39,6.3,0
CUST-103430,8,0,1,0,One year,Electronic check,0,Fiber optic,1,0,0,0,0,0,1,83.14,656.09,2,1,252.3,74,6.8,1
CUST-103431,72,0,0,1,One year,Electronic check,1,No,0,0,0,0,0,0,0,18.0,1228.93,3,3,179.7,45,6.1,0
CUST-103432,62,1,0,0,One year,Mailed check,1,DSL,1,0,0,0,1,0,0,62.76,3641.59,1,1,149.8,48,6.4,0
CUST-103433,33,0,1,0,Month-to-month,Electronic check,1,Fiber optic,1,1,0,0,0,1,1,98.79,3076.03,1,2,363.2,74,7.6,0
CUST-103434,5,0,0,0,Month-to-month,Electronic check,0,Fiber optic,0,1,0,1,1,0,0,78.38,360.7,3,1,260.4,21,4.9,0
CUST-103435,25,0,1,0,Month-to-month,Electronic check,0,Fiber optic,1,0,1,0,0,1,0,89.03,2107.81,1,2,62.5,63,8.3,0
CUST-103436,25,1,1,0,Two year,Bank transfer (auto),0,DSL,0,0,0,1,0,0,1,54.63,1335.39,3,0,141.4,17,5.0,0
CUST-103437,4,0,1,1,One year,Mailed check,1,DSL,1,1,1,1,0,1,0,86.3,330.33,4,1,204.5,76,6.5,0
CUST-103438,3,0,1,0,Two year,Credit card (auto),0,DSL,0,1,0,0,0,1,0,51.5,143.87,2,0,211.9,33,4.7,0
CUST-103439,5,0,1,1,Month-to-month,Electronic check,0,Fiber optic,0,0,0,0,0,0,0,72.5,343.19,3,1,28.8,36,4.3,1
CUST-103440,20,0,1,0,Two year,Bank transfer (auto),1,DSL,0,1,1,1,0,0,0,70.51,1326.75,3,0,162.7,37,4.2,0
CUST-103441,3,0,1,0,Month-to-month,Electronic check,1,Fiber optic,0,0,1,0,0,0,0,62.59,181.6,4,2,323.6,25,3.6,1
CUST-103442,5,0,0,0,Month-to-month,Electronic check,1,Fiber optic,0,0,1,1,0,1,0,92.4,427.95,2,2,261.5,41,7.5,1
CUST-103443,12,0,1,0,Two year,Bank transfer (auto),1,No,1,0,0,0,0,0,0,24.33,285.68,4,1,253.3,81,5.1,0
CUST-103444,16,1,1,0,One year,Electronic check,0,No,0,0,0,0,0,0,0,18.0,268.09,1,2,5.0,21,7.1,0
CUST-103445,28,1,1,1,Two year,Bank transfer (auto),1,Fiber optic,0,0,0,0,0,0,1,76.42,2134.66,3,1,10.2,21,6.6,0
CUST-103446,5,1,0,0,One year,Bank transfer (auto),1,DSL,1,1,0,0,1,0,1,67.76,332.73,3,1,167.9,46,7.3,0
CUST-103447,69,1,0,0,Month-to-month,Bank transfer (auto),0,DSL,0,1,0,0,1,0,0,57.75,3779.95,1,0,101.6,6,9.0,0
CUST-103448,8,0,1,0,Month-to-month,Bank transfer (auto),1,Fiber optic,0,0,1,1,0,0,0,83.57,625.29,4,1,137.3,45,5.3,1
CUST-103449,31,1,0,0,Two year,Credit card (auto),0,Fiber optic,0,0,0,0,0,1,1,78.41,2360.62,1,1,128.6,48,6.1,0
CUST-103450,1,1,1,0,Month-to-month,Electronic check,1,DSL,1,0,0,1,0,1,0,72.6,72.38,6,1,191.7,21,2.9,1
CUST-103451,15,0,1,0,One year,Credit card (auto),1,Fiber optic,1,0,0,0,0,0,1,90.91,1309.06,3,2,136.8,55,5.8,0
CUST-103452,8,0,0,0,Month-to-month,Electronic check,0,DSL,1,0,1,0,0,0,0,60.26,462.99,2,1,316.8,37,6.2,0
CUST-103453,38,0,0,1,Month-to-month,Mailed check,1,Fiber optic,1,1,0,0,0,0,1,89.21,3214.07,3,0,5.0,5,5.0,0
CUST-103454,54,0,1,1,Two year,Credit card (auto),1,Fiber optic,0,0,0,1,0,1,1,90.67,4739.07,3,0,222.7,27,5.3,0
CUST-103455,26,0,0,0,Two year,Electronic check,0,DSL,0,0,0,0,0,0,1,49.84,1293.11,2,1,160.0,15,5.2,0
CUST-103456,72,0,1,0,Month-to-month,Credit card (auto),1,No,0,0,0,0,0,0,0,18.0,1239.03,2,0,210.7,38,4.8,0
CUST-103457,3,0,1,0,Month-to-month,Bank transfer (auto),0,Fiber optic,1,1,0,0,0,0,1,86.45,240.5,2,0,214.1,2,8.7,0
CUST-103458,23,0,1,0,Month-to-month,Credit card (auto),0,Fiber optic,1,1,0,0,0,0,0,80.56,1779.93,0,0,108.8,53,8.2,0
CUST-103459,12,0,0,1,Month-to-month,Electronic check,1,Fiber optic,0,0,1,0,0,1,1,84.42,993.46,2,0,169.1,80,8.5,1
CUST-103460,21,1,0,0,Two year,Bank transfer (auto),0,DSL,1,0,0,0,0,0,0,46.0,959.74,3,2,229.7,73,6.8,1
CUST-103461,6,0,1,1,Month-to-month,Electronic check,0,Fiber optic,0,0,1,0,1,0,0,72.79,426.98,4,1,121.4,26,7.4,1
CUST-103462,37,0,0,0,Month-to-month,Electronic check,0,Fiber optic,0,0,0,1,0,0,0,81.51,2974.87,5,1,235.4,72,2.9,1
CUST-103463,34,0,0,1,One year,Bank transfer (auto),1,Fiber optic,0,0,1,0,1,0,0,79.55,2588.44,2,1,263.9,85,5.8,0
CUST-103464,11,1,1,1,One year,Bank transfer (auto),0,Fiber optic,1,1,0,1,1,0,1,94.43,963.53,1,1,51.5,79,8.7,0
CUST-103465,5,1,0,1,Month-to-month,Bank transfer (auto),1,Fiber optic,1,1,1,0,1,1,1,98.06,453.25,1,1,95.4,83,8.3,0
CUST-103466,18,0,0,1,Two year,Bank transfer (auto),0,Fiber optic,1,0,0,0,0,0,0,77.2,1298.37,7,2,5.0,20,5.4,0
CUST-103467,22,0,1,0,Month-to-month,Credit card (auto),0,Fiber optic,0,1,0,0,1,1,1,89.16,1870.35,2,2,298.7,83,5.4,0
CUST-103468,22,0,0,0,Month-to-month,Mailed check,0,Fiber optic,0,0,0,0,0,1,0,64.73,1406.05,4,0,113.1,42,6.6,0
CUST-103469,21,0,0,0,Two year,Mailed check,1,DSL,0,0,0,0,0,1,1,51.76,1043.05,3,1,348.0,72,4.3,0
CUST-103470,5,0,0,1,Month-to-month,Credit card (auto),1,No,0,0,0,0,0,0,0,21.35,101.2,2,0,151.2,70,6.3,1
CUST-103471,22,0,1,1,Two year,Bank transfer (auto),0,DSL,0,0,0,0,0,1,0,48.77,1021.56,1,1,364.5,4,7.3,0
CUST-103472,15,0,1,0,One year,Electronic check,0,DSL,1,1,0,1,0,0,1,56.21,840.76,2,2,164.9,32,4.9,1
CUST-103473,53,0,1,1,Two year,Mailed check,1,No,0,0,0,0,0,0,0,20.31,1027.97,1,1,70.9,72,6.7,0
CUST-103474,0,0,1,0,Month-to-month,Electronic check,1,Fiber optic,0,1,0,0,0,0,0,74.45,72.57,1,1,183.1,37,6.4,1
CUST-103475,3,0,0,0,Month-to-month,Credit card (auto),0,Fiber optic,0,0,0,0,1,0,0,70.51,210.87,3,0,136.2,12,6.2,0
CUST-103476,14,0,1,0,Two year,Electronic check,0,Fiber optic,0,0,0,0,0,0,0,64.62,880.49,3,2,153.2,45,5.1,0
CUST-103477,21,0,0,0,Two year,Bank transfer (auto),1,DSL,1,0,0,0,0,0,1,58.87,1191.99,2,1,275.0,82,4.9,0
CUST-103478,18,0,1,0,Two year,Bank transfer (auto),0,Fiber optic,1,0,1,0,0,1,1,92.33,1597.59,3,1,247.5,43,4.8,0
CUST-103479,30,0,1,1,Month-to-month,Credit card (auto),1,Fiber optic,0,0,0,1,0,1,0,81.96,2390.9,1,1,203.4,37,7.0,0
CUST-103480,7,1,0,0,One year,Mailed check,1,DSL,1,0,1,0,1,0,0,74.67,504.28,1,0,150.3,67,5.6,0
CUST-103481,12,0,1,0,Month-to-month,Credit card (auto),0,Fiber optic,0,0,1,1,0,1,1,91.63,1071.1,2,1,150.2,30,5.5,1
CUST-103482,14,0,1,0,Month-to-month,Bank transfer (auto),1,DSL,0,0,0,1,0,1,0,49.84,675.06,3,0,235.0,25,6.5,0
CUST-103483,28,0,0,0,Month-to-month,Electronic check,1,Fiber optic,1,0,1,0,0,0,0,90.23,2521.35,3,4,335.0,87,5.2,0
CUST-103484,60,0,1,0,One year,Mailed check,1,Fiber optic,0,0,1,0,1,1,1,86.67,5140.66,0,1,278.8,41,6.4,0
CUST-103485,26,1,1,1,Month-to-month,Mailed check,1,No,0,0,0,0,0,0,0,18.7,450.98,1,1,53.7,40,7.2,0
CUST-103486,1,0,0,0,Month-to-month,Electronic check,1,No,1,0,0,0,0,0,0,22.77,22.46,1,1,264.8,40,7.3,1
CUST-103487,13,0,0,1,Two year,Mailed check,0,No,1,0,0,0,0,0,0,31.63,384.17,0,1,133.7,65,7.9,0
CUST-103488,19,0,1,1,Two year,Electronic check,1,No,0,0,0,0,0,0,0,18.39,329.04,1,1,168.4,25,6.4,0
CUST-103489,3,0,0,1,Month-to-month,Credit card (auto),0,No,0,0,0,0,0,0,0,25.51,71.65,3,0,268.0,8,7.7,1
CUST-103490,5,1,0,0,Two year,Mailed check,1,No,1,0,0,0,0,0,0,31.76,151.08,1,0,188.7,41,6.3,0
CUST-103491,20,0,1,0,Two year,Electronic check,0,DSL,0,0,0,0,0,1,0,44.69,847.47,5,4,261.8,69,2.7,1
CUST-103492,14,0,1,1,Month-to-month,Bank transfer (auto),0,Fiber optic,0,0,0,0,1,0,0,69.04,958.99,2,0,158.3,36,5.4,0
CUST-103493,43,0,0,0,One year,Credit card (auto),0,Fiber optic,0,0,0,0,0,0,0,71.74,2972.72,3,1,31.4,89,6.0,1
CUST-103494,37,0,0,0,Two year,Credit card (auto),1,No,0,0,0,0,0,0,0,27.72,969.98,1,0,125.8,73,5.4,0
CUST-103495,53,0,1,0,One year,Credit card (auto),1,Fiber optic,0,0,0,0,0,0,0,76.63,3924.23,2,1,18.1,34,7.5,0
CUST-103496,4,1,0,0,Month-to-month,Credit card (auto),1,DSL,1,1,0,0,0,0,1,71.41,274.96,5,2,217.6,25,6.3,1
CUST-103497,38,0,1,0,One year,Mailed check,1,DSL,0,0,0,0,0,0,0,46.28,1754.93,2,0,140.0,23,8.4,0
CUST-103498,3,0,1,1,One year,Mailed check,1,DSL,1,1,0,1,0,0,1,72.25,202.92,2,1,150.5,23,7.1,1
CUST-103499,3,1,0,0,One year,Mailed check,0,Fiber optic,1,0,1,0,0,0,0,89.64,263.85,5,1,155.2,35,3.1,1
CUST-103500,8,0,1,0,Month-to-month,Credit card (auto),1,Fiber optic,0,0,1,1,0,1,0,95.89,709.34,4,0,259.8,10,5.7,1
CUST-103501,4,0,1,1,Month-to-month,Electronic check,0,DSL,1,0,1,1,0,0,0,64.82,246.4,3,2,222.5,9,5.5,0
CUST-103502,31,0,1,0,Two year,Bank transfer (auto),0,DSL,0,1,0,0,0,0,1,52.1,1540.76,1,1,5.0,19,7.4,0
CUST-103503,2,0,0,0,Month-to-month,Electronic check,1,DSL,0,0,0,0,1,0,0,56.85,113.14,4,1,5.0,50,5.8,0
CUST-103504,38,0,0,1,Two year,Credit card (auto),0,No,0,0,0,0,0,0,0,18.0,635.36,0,1,272.9,48,8.3,0
CUST-103505,8,0,1,1,Month-to-month,Electronic check,0,Fiber optic,1,0,1,0,0,1,1,98.43,754.17,6,1,204.9,24,4.5,1
CUST-103506,39,0,1,0,Two year,Credit card (auto),0,DSL,1,0,0,1,0,1,0,70.5,2590.32,2,0,161.5,75,6.7,0
CUST-103507,17,1,1,0,Month-to-month,Credit card (auto),0,Fiber optic,1,1,0,0,0,0,0,89.05,1392.95,1,1,182.8,7,7.0,0
CUST-103508,26,0,0,0,Two year,Electronic check,0,DSL,0,0,0,0,0,0,0,39.82,959.89,2,1,192.3,46,6.4,0
CUST-103509,1,0,1,1,Two year,Bank transfer (auto),1,Fiber optic,1,0,1,0,0,1,0,88.81,84.5,0,0,183.7,88,7.2,0
CUST-103510,35,1,0,1,Month-to-month,Mailed check,0,No,0,0,0,0,0,0,0,27.01,928.5,1,1,244.7,9,6.1,0
CUST-103511,11,0,1,0,Month-to-month,Mailed check,0,DSL,1,0,0,0,0,0,0,56.64,621.32,2,0,83.6,31,6.6,0
CUST-103512,4,0,1,1,Two year,Electronic check,1,No,0,0,0,0,0,0,0,20.71,79.49,1,3,150.2,50,5.3,0
CUST-103513,10,0,1,0,One year,Bank transfer (auto),1,Fiber optic,1,1,1,0,0,0,1,93.27,932.69,3,1,173.5,3,5.2,0
CUST-103514,12,0,0,0,One year,Mailed check,0,DSL,1,1,0,0,0,0,0,76.47,847.36,2,1,195.3,81,5.4,1
CUST-103515,7,0,1,0,Month-to-month,Bank transfer (auto),1,DSL,1,0,1,0,1,1,0,61.03,393.87,2,0,162.9,7,6.8,1
CUST-103516,18,0,0,0,Two year,Credit card (auto),1,DSL,0,0,1,0,0,0,0,42.36,724.63,3,1,164.2,39,5.1,0
CUST-103517,40,0,0,1,One year,Mailed check,0,DSL,0,0,1,0,0,0,1,48.82,1848.04,4,0,226.3,71,3.7,0
CUST-103518,14,0,1,0,Month-to-month,Electronic check,0,DSL,0,0,0,0,0,1,0,62.75,829.25,5,3,272.8,20,6.6,0
CUST-103519,4,0,1,1,Month-to-month,Electronic check,1,No,0,0,0,0,0,0,0,24.8,98.26,2,2,201.1,1,5.4,0
CUST-103520,13,0,1,0,Month-to-month,Electronic check,1,DSL,0,0,0,0,0,0,0,42.13,528.31,1,2,66.3,9,5.5,0
CUST-103521,9,0,1,1,Two year,Credit card (auto),1,No,0,0,0,0,0,0,0,33.85,289.44,3,0,139.9,84,5.3,0
CUST-103522,2,0,0,0,Two year,Mailed check,1,Fiber optic,1,0,0,0,0,0,1,76.15,140.42,2,1,32.2,56,5.4,0
CUST-103523,6,0,0,1,Month-to-month,Bank transfer (auto),1,Fiber optic,0,0,1,1,1,1,0,84.91,469.75,2,0,233.4,60,6.0,0
CUST-103524,11,0,1,0,Month-to-month,Credit card (auto),0,Fiber optic,0,1,1,0,0,0,1,76.88,786.5,3,1,158.2,35,5.4,0
CUST-103525,21,1,1,1,Month-to-month,Mailed check,0,No,1,0,0,0,0,0,0,28.89,570.38,6,1,270.1,89,5.9,0
CUST-103526,48,0,0,0,Month-to-month,Bank transfer (auto),0,No,0,0,0,0,0,0,0,23.27,1030.56,3,0,208.4,3,5.8,0
CUST-103527,1,0,0,0,Two year,Credit card (auto),0,DSL,1,0,0,0,0,1,0,58.83,54.99,4,1,221.0,81,6.9,0
CUST-103528,5,1,0,1,One year,Bank transfer (auto),0,Fiber optic,0,0,1,0,0,0,0,82.12,379.43,2,0,63.2,71,7.8,0
CUST-103529,7,1,1,0,Month-to-month,Electronic check,1,DSL,0,0,0,0,0,0,0,43.04,298.58,2,1,94.4,63,3.6,1
CUST-103530,40,0,0,1,Month-to-month,Bank transfer (auto),1,DSL,1,0,0,0,0,1,1,60.72,2343.11,5,0,156.3,12,6.1,0
CUST-103531,17,0,1,0,Month-to-month,Credit card (auto),1,DSL,0,1,0,0,0,0,1,56.25,911.67,0,1,135.5,28,5.9,0
CUST-103532,8,0,0,0,One year,Bank transfer (auto),0,Fiber optic,0,0,0,0,0,0,0,81.46,617.74,2,1,152.4,83,7.7,0
CUST-103533,12,0,0,1,Month-to-month,Bank transfer (auto),0,DSL,0,1,0,0,0,1,1,61.71,733.48,2,0,88.9,42,6.1,0
CUST-103534,18,0,0,1,Month-to-month,Bank transfer (auto),1,No,0,0,0,0,0,0,0,18.7,319.11,2,1,228.9,46,5.6,1
CUST-103535,6,0,0,0,Two year,Bank transfer (auto),1,Fiber optic,0,0,1,0,0,1,0,84.24,481.48,7,1,162.7,55,4.4,1
CUST-103536,41,0,1,0,One year,Electronic check,1,Fiber optic,1,0,1,0,0,0,1,86.14,3270.55,2,1,269.4,32,7.0,0
CUST-103537,37,0,0,1,Two year,Credit card (auto),1,Fiber optic,1,0,0,0,0,0,0,79.96,2922.9,4,0,50.1,15,4.1,1
CUST-103538,18,1,0,0,Month-to-month,Electronic check,0,Fiber optic,0,0,0,1,1,0,1,82.86,1407.76,1,2,311.1,85,7.0,1
CUST-103539,59,0,1,1,Month-to-month,Credit card (auto),1,DSL,0,0,0,1,0,1,0,47.07,2703.09,2,0,168.2,54,8.1,0
CUST-103540,0,0,0,0,Two year,Mailed check,1,Fiber optic,1,0,0,0,0,0,0,74.51,69.08,2,0,103.5,11,6.8,0
CUST-103541,72,0,0,0,Two year,Bank transfer (auto),0,DSL,1,0,0,0,0,1,0,67.08,4566.28,2,0,156.2,58,6.6,0
CUST-103542,72,0,0,1,One year,Credit card (auto),1,DSL,0,1,1,0,0,1,1,65.21,4372.88,1,0,103.2,16,5.8,0
CUST-103543,4,0,0,0,One year,Credit card (auto),1,Fiber optic,1,0,0,1,0,0,0,83.8,328.49,3,0,155.4,10,6.3,0
CUST-103544,8,0,0,0,Month-to-month,Electronic check,0,DSL,1,1,0,0,1,0,0,62.58,489.82,1,1,273.9,58,8.0,0
CUST-103545,13,0,1,0,One year,Bank transfer (auto),1,Fiber optic,0,1,1,1,0,0,1,86.64,1101.91,0,0,150.6,61,7.6,0
CUST-103546,3,0,0,1,Month-to-month,Electronic check,0,Fiber optic,0,0,0,0,0,1,1,79.64,223.97,3,2,189.9,82,5.9,1
CUST-103547,23,0,1,0,Month-to-month,Electronic check,1,Fiber optic,0,1,0,0,0,1,1,81.61,1817.6,0,2,144.6,52,7.8,1
CUST-103548,6,0,1,1,Month-to-month,Mailed check,1,DSL,0,1,1,0,0,0,0,55.89,311.13,3,2,158.7,5,6.1,0
CUST-103549,24,0,0,0,Month-to-month,Credit card (auto),1,DSL,0,0,0,0,0,1,1,48.03,1076.78,1,1,143.6,36,5.7,1
CUST-103550,18,0,1,0,Month-to-month,Credit card (auto),0,DSL,1,0,0,1,1,1,0,71.0,1274.29,3,0,66.7,44,7.0,0
CUST-103551,16,0,0,0,Month-to-month,Bank transfer (auto),1,Fiber optic,0,1,1,0,0,0,1,83.4,1281.94,1,0,342.0,80,6.0,0
CUST-103552,4,0,0,0,Month-to-month,Credit card (auto),0,Fiber optic,1,1,0,0,0,0,0,75.15,292.08,3,1,209.9,25,6.4,1
CUST-103553,11,0,1,0,Two year,Electronic check,1,No,0,0,0,0,0,0,0,18.58,189.25,1,1,340.2,85,5.7,1
CUST-103554,36,0,0,0,Two year,Electronic check,0,DSL,0,0,0,1,1,0,0,51.97,1751.57,0,2,237.2,9,10.0,0
CUST-103555,45,0,1,0,Month-to-month,Bank transfer (auto),0,No,0,0,0,0,0,0,0,26.35,1177.55,2,0,19.7,74,8.3,0
CUST-103556,3,0,1,1,Month-to-month,Credit card (auto),1,DSL,0,0,1,0,0,1,0,53.3,148.02,3,0,213.0,72,7.3,1
CUST-103557,2,0,0,0,Two year,Bank transfer (auto),0,Fiber optic,1,0,1,0,0,0,0,78.08,150.33,2,1,177.8,83,6.7,1
CUST-103558,12,0,0,0,Month-to-month,Electronic check,0,No,0,0,0,0,0,0,0,18.0,213.08,1,1,157.7,68,6.6,0
CUST-103559,3,0,1,0,One year,Mailed check,0,No,1,0,0,0,0,0,0,24.8,73.68,1,1,151.0,68,4.5,0
CUST-103560,45,0,0,0,Month-to-month,Electronic check,0,Fiber optic,1,0,0,0,0,0,1,89.86,3806.44,0,0,297.7,58,7.7,0
CUST-103561,47,0,0,1,One year,Credit card (auto),1,DSL,0,1,0,1,0,1,0,61.56,2680.15,1,0,79.0,88,5.8,0
CUST-103562,32,0,0,1,Month-to-month,Electronic check,0,Fiber optic,1,0,0,1,0,1,1,86.58,2605.55,4,1,155.6,12,4.9,1
CUST-103563,11,0,0,1,One year,Mailed check,1,Fiber optic,1,0,0,0,0,0,0,77.23,821.65,2,1,222.6,47,4.8,0
CUST-103564,3,0,1,0,Month-to-month,Bank transfer (auto),1,DSL,0,1,0,0,0,0,1,54.78,159.41,5,0,121.6,82,2.8,1
CUST-103565,1,0,0,0,Month-to-month,Electronic check,1,DSL,0,0,0,0,0,0,1,59.21,57.55,6,2,196.6,20,3.5,1
CUST-103566,28,0,0,1,Month-to-month,Mailed check,1,Fiber optic,0,0,0,0,0,1,0,74.83,1982.75,1,0,277.7,20,7.0,0
CUST-103567,25,1,1,1,Month-to-month,Bank transfer (auto),1,Fiber optic,1,0,1,0,0,1,0,84.11,2019.74,4,1,235.1,25,2.1,1
CUST-103568,9,0,1,0,Two year,Electronic check,1,Fiber optic,0,0,1,0,0,0,1,81.38,692.09,1,2,5.8,74,6.4,0
CUST-103569,26,0,1,0,Month-to-month,Bank transfer (auto),0,DSL,1,1,1,0,0,0,1,70.59,1819.41,3,0,110.8,3,8.8,0
CUST-103570,21,0,1,1,Month-to-month,Credit card (auto),1,No,1,0,0,0,0,0,0,32.85,635.44,4,1,100.4,50,4.9,0
CUST-103571,2,0,0,1,One year,Electronic check,1,No,0,0,0,0,0,0,0,24.74,46.81,2,2,237.4,29,7.1,1
CUST-103572,7,0,0,0,Month-to-month,Electronic check,0,Fiber optic,0,1,0,0,1,0,0,92.12,632.44,2,4,134.6,80,5.1,1
CUST-103573,29,0,1,0,Two year,Bank transfer (auto),0,DSL,0,0,0,0,0,0,1,42.52,1232.95,2,0,183.6,89,10.0,0
CUST-103574,16,0,0,1,Two year,Bank transfer (auto),0,DSL,1,0,1,1,0,1,0,65.98,1002.47,2,1,129.7,69,6.7,0
CUST-103575,43,0,1,1,Month-to-month,Credit card (auto),1,Fiber optic,0,1,0,1,0,0,1,83.69,3405.54,5,0,166.7,75,5.5,0
CUST-103576,12,0,0,0,One year,Electronic check,0,No,0,0,0,0,0,0,0,18.0,211.54,0,0,341.2,43,6.0,0
CUST-103577,60,0,1,0,One year,Credit card (auto),1,Fiber optic,0,0,0,0,0,0,1,68.07,4038.79,2,0,389.0,21,6.2,0
CUST-103578,40,0,1,0,Month-to-month,Mailed check,1,DSL,1,1,0,1,0,0,0,60.71,2337.6,2,1,204.0,53,6.2,0
CUST-103579,46,0,1,1,One year,Electronic check,0,No,0,0,0,0,0,0,0,18.07,819.69,3,4,89.1,8,4.7,0
CUST-103580,23,0,0,1,Month-to-month,Mailed check,1,Fiber optic,0,1,0,0,0,1,0,76.17,1735.53,3,1,200.0,24,4.2,0
CUST-103581,2,0,1,0,Month-to-month,Mailed check,1,No,0,0,0,0,0,0,0,18.0,34.07,1,2,317.6,69,5.3,1
CUST-103582,8,0,1,0,One year,Electronic check,1,Fiber optic,0,0,0,0,0,0,0,63.53,479.6,5,1,203.3,64,6.3,0
CUST-103583,72,1,1,1,One year,Electronic check,1,Fiber optic,0,1,0,1,0,1,1,84.82,5669.19,2,0,29.7,67,5.7,0
CUST-103584,7,0,1,0,One year,Electronic check,1,DSL,1,0,0,0,1,0,0,56.26,366.38,1,1,165.1,68,9.3,0
CUST-103585,21,0,0,0,Month-to-month,Bank transfer (auto),0,DSL,0,0,0,1,1,1,1,64.95,1314.41,4,0,61.4,82,8.4,0
CUST-103586,54,0,0,0,One year,Electronic check,0,No,1,0,0,0,0,0,0,26.62,1334.69,3,1,94.2,78,4.5,0
CUST-103587,49,0,0,0,Month-to-month,Electronic check,0,Fiber optic,1,0,0,0,1,1,0,83.17,3988.59,2,0,168.7,60,5.5,0
CUST-103588,38,0,1,1,One year,Electronic check,1,Fiber optic,1,1,0,1,0,1,1,98.31,3576.31,2,3,104.3,6,3.1,1
CUST-103589,40,0,1,0,Month-to-month,Bank transfer (auto),0,Fiber optic,0,1,1,1,0,1,0,89.71,3549.14,4,1,223.0,6,9.0,1
CUST-103590,32,0,0,1,Month-to-month,Credit card (auto),0,DSL,0,1,0,0,0,1,0,48.6,1513.69,4,0,265.7,67,5.8,0
CUST-103591,36,0,1,0,Month-to-month,Electronic check,1,No,0,0,0,0,0,0,0,31.94,1091.8,5,1,65.5,89,4.8,1
CUST-103592,14,1,0,0,Month-to-month,Credit card (auto),1,DSL,1,1,0,1,1,0,0,52.98,696.1,3,0,266.9,53,6.7,0
CUST-103593,35,0,1,1,Month-to-month,Bank transfer (auto),1,Fiber optic,1,0,1,0,0,0,1,91.15,3030.68,7,1,256.2,88,5.2,1
CUST-103594,14,0,0,0,Month-to-month,Credit card (auto),1,Fiber optic,0,0,1,0,1,1,0,89.12,1192.83,1,0,187.6,53,5.0,0
CUST-103595,52,0,0,1,Month-to-month,Bank transfer (auto),1,Fiber optic,1,1,0,0,1,0,1,97.89,4996.88,0,0,209.2,21,8.5,0
CUST-103596,15,0,0,0,Month-to-month,Mailed check,0,Fiber optic,0,1,0,0,1,0,1,85.62,1213.98,3,0,234.7,3,8.4,0
CUST-103597,36,1,1,1,Month-to-month,Credit card (auto),0,No,1,0,0,0,0,0,0,19.95,670.32,5,0,273.4,5,5.8,1
CUST-103598,17,0,1,0,One year,Bank transfer (auto),1,No,1,0,0,0,0,0,0,39.89,655.7,0,0,28.9,5,7.5,0
CUST-103599,3,1,0,0,Two year,Credit card (auto),0,No,0,0,0,0,0,0,0,18.0,51.36,2,0,262.2,74,5.1,0
CUST-103600,72,0,0,0,Two year,Credit card (auto),1,Fiber optic,0,0,0,1,0,0,1,72.72,4977.09,1,0,280.9,85,8.6,0
CUST-103601,11,0,1,0,Two year,Bank transfer (auto),1,DSL,0,0,0,1,0,0,1,50.92,531.01,3,0,200.1,47,6.7,0
CUST-103602,8,0,0,0,Two year,Bank transfer (auto),0,No,0,0,0,0,0,0,0,18.0,138.4,4,1,256.5,15,4.4,1
CUST-103603,2,0,1,0,Month-to-month,Mailed check,1,DSL,1,0,0,0,1,0,0,50.1,95.86,2,0,5.0,16,7.5,0
CUST-103604,14,1,0,0,Month-to-month,Bank transfer (auto),0,No,0,0,0,0,0,0,0,18.0,250.58,2,0,257.0,79,8.0,0
CUST-103605,13,0,1,0,Month-to-month,Bank transfer (auto),1,DSL,1,0,1,1,0,0,0,50.45,617.85,1,1,72.0,54,4.8,0
CUST-103606,55,0,1,1,Month-to-month,Bank transfer (auto),1,No,1,0,0,0,0,0,0,28.79,1496.25,6,0,269.0,19,6.8,0
CUST-103607,32,0,0,0,Two year,Electronic check,0,Fiber optic,0,0,0,0,1,0,0,71.96,2176.4,1,4,358.2,16,6.3,0
CUST-103608,4,0,1,0,Two year,Credit card (auto),1,Fiber optic,0,1,0,0,0,0,0,73.1,290.73,2,0,331.0,65,7.1,0
CUST-103609,12,0,0,1,One year,Electronic check,1,No,0,0,0,0,0,0,0,21.78,241.09,1,2,321.9,39,5.2,0
CUST-103610,21,0,1,0,Two year,Electronic check,0,DSL,0,0,0,0,1,1,0,53.32,1035.19,2,1,159.8,73,3.9,0
CUST-103611,62,0,1,0,One year,Electronic check,0,Fiber optic,0,0,0,0,0,0,1,70.67,4342.34,3,1,281.6,85,6.4,0
CUST-103612,1,1,0,0,Month-to-month,Electronic check,0,DSL,1,0,0,0,0,0,0,55.81,52.34,5,1,160.5,53,3.7,1
CUST-103613,10,0,1,0,Month-to-month,Mailed check,0,No,0,0,0,0,0,0,0,18.43,178.42,4,1,310.5,29,3.4,1
CUST-103614,5,0,0,0,Two year,Electronic check,1,Fiber optic,0,0,1,0,1,0,0,74.21,353.42,0,3,224.6,1,5.5,0
CUST-103615,19,0,1,1,One year,Electronic check,1,DSL,0,0,1,1,1,0,1,62.19,1105.28,1,2,5.0,12,7.9,0
CUST-103616,18,1,1,0,Month-to-month,Electronic check,0,DSL,0,0,1,1,1,0,1,70.68,1258.61,3,0,255.8,72,8.0,1
CUST-103617,31,1,1,1,Month-to-month,Electronic check,1,No,1,0,0,0,0,0,0,24.63,733.66,8,1,42.5,31,6.0,0
CUST-103618,16,0,1,1,One year,Credit card (auto),1,No,0,0,0,0,0,0,0,23.97,370.14,0,0,349.9,0,8.8,0
CUST-103619,21,0,1,1,Two year,Bank transfer (auto),1,No,0,0,0,0,0,0,0,18.0,348.16,0,1,255.1,81,5.9,0
CUST-103620,19,0,0,0,Month-to-month,Electronic check,0,DSL,0,0,0,1,0,0,1,54.19,994.57,0,0,168.5,67,5.8,0
CUST-103621,3,0,0,0,Two year,Bank transfer (auto),0,Fiber optic,0,0,0,0,0,0,1,76.19,212.61,2,1,340.1,77,7.1,0
CUST-103622,6,0,1,1,Month-to-month,Bank transfer (auto),1,Fiber optic,1,0,0,1,0,0,0,77.34,460.81,2,2,201.3,76,6.6,0
CUST-103623,8,0,0,1,Two year,Bank transfer (auto),1,Fiber optic,0,1,1,0,0,0,0,76.92,588.34,1,1,99.9,6,7.9,0
CUST-103624,72,0,0,0,One year,Electronic check,0,No,0,0,0,0,0,0,0,18.0,1292.36,0,1,205.1,29,7.9,0
CUST-103625,3,0,0,0,One year,Bank transfer (auto),1,DSL,0,0,1,1,0,1,0,53.42,151.96,0,1,336.6,10,7.0,0
CUST-103626,4,0,1,0,Two year,Electronic check,1,Fiber optic,1,0,1,0,0,0,1,86.94,332.83,2,1,223.2,60,7.7,1
CUST-103627,0,0,1,0,Two year,Electronic check,1,DSL,1,0,0,0,0,1,0,67.17,61.89,1,1,8.7,6,6.8,0
CUST-103628,17,0,0,1,Month-to-month,Credit card (auto),1,Fiber optic,1,0,0,0,0,0,0,80.53,1261.1,2,0,207.9,49,8.2,1
CUST-103629,34,0,0,1,Two year,Mailed check,1,DSL,1,1,1,0,1,0,0,66.73,2208.84,0,1,222.9,87,6.6,0
CUST-103630,31,0,1,0,Month-to-month,Electronic check,1,DSL,1,0,0,0,1,0,0,66.05,1884.22,3,2,192.9,6,4.0,0
CUST-103631,19,0,0,0,Month-to-month,Electronic check,1,DSL,1,0,1,0,0,0,0,49.69,940.55,6,4,5.0,38,3.9,1
CUST-103632,19,0,1,0,One year,Bank transfer (auto),0,DSL,0,0,0,0,1,0,0,57.64,1092.5,1,2,110.2,39,6.6,0
CUST-103633,14,0,1,1,Month-to-month,Electronic check,1,Fiber optic,0,0,0,1,0,1,0,76.85,1010.15,6,3,226.3,4,3.8,1
CUST-103634,18,0,1,1,Month-to-month,Mailed check,0,Fiber optic,1,1,1,1,1,0,1,102.28,1813.27,1,2,321.3,5,5.4,1
CUST-103635,27,0,0,0,Month-to-month,Electronic check,0,No,1,0,0,0,0,0,0,32.18,858.38,3,0,97.8,43,5.9,0
CUST-103636,72,0,1,0,Month-to-month,Electronic check,1,Fiber optic,1,0,0,1,0,0,1,90.02,6031.41,1,1,107.4,33,5.3,1
CUST-103637,56,0,1,1,Month-to-month,Mailed check,0,Fiber optic,1,0,1,0,1,1,0,89.46,4935.04,2,0,101.4,61,5.7,0
CUST-103638,42,0,0,0,One year,Electronic check,1,No,1,0,0,0,0,0,0,33.13,1376.24,1,1,233.2,75,5.5,0
CUST-103639,57,0,1,1,Month-to-month,Mailed check,1,Fiber optic,0,1,0,1,1,1,1,90.2,4882.9,1,1,233.4,4,4.7,0
CUST-103640,3,0,0,0,One year,Electronic check,1,Fiber optic,1,0,0,1,1,0,0,84.67,247.78,2,2,233.9,31,6.1,0
CUST-103641,42,1,1,0,Month-to-month,Credit card (auto),1,No,0,0,0,0,0,0,0,19.85,784.78,2,3,140.9,61,6.4,0
CUST-103642,61,0,1,0,Month-to-month,Bank transfer (auto),1,No,1,0,0,0,0,0,0,31.18,1837.32,0,1,123.8,64,5.5,0
CUST-103643,2,0,0,0,Month-to-month,Electronic check,0,DSL,0,1,0,0,1,0,0,48.17,92.95,1,4,232.7,53,8.1,0
CUST-103644,9,0,0,1,Month-to-month,Electronic check,0,DSL,1,1,0,1,1,1,0,65.84,550.89,2,4,307.6,80,5.0,1
CUST-103645,34,0,0,1,Two year,Bank transfer (auto),1,DSL,0,0,0,1,1,1,1,52.79,1784.93,1,0,203.0,79,7.2,0
CUST-103646,7,0,0,0,Two year,Bank transfer (auto),1,Fiber optic,0,0,0,0,0,0,1,72.98,508.36,3,0,218.7,78,5.2,0
CUST-103647,8,1,1,0,Month-to-month,Mailed check,1,Fiber optic,0,0,1,1,1,0,1,94.5,752.83,0,0,104.7,58,5.8,0
CUST-103648,36,0,0,1,Month-to-month,Electronic check,1,DSL,1,0,0,1,1,0,1,85.95,2979.34,0,2,80.1,45,6.4,0
CUST-103649,35,0,1,1,One year,Bank transfer (auto),1,Fiber optic,1,0,1,1,0,0,1,93.14,3064.53,1,0,233.6,67,5.9,0
CUST-103650,3,0,0,0,Month-to-month,Electronic check,1,Fiber optic,0,1,0,0,1,0,0,89.03,261.52,1,1,144.1,20,7.0,0
CUST-103651,12,0,1,1,Month-to-month,Electronic check,1,Fiber optic,0,1,0,0,0,0,0,74.88,874.23,3,2,181.1,44,6.2,0
CUST-103652,12,0,1,0,Month-to-month,Mailed check,1,DSL,0,1,0,1,0,0,1,59.32,704.74,3,0,255.3,74,8.9,0
CUST-103653,4,0,1,1,One year,Bank transfer (auto),0,DSL,1,0,1,1,1,0,0,65.93,260.6,2,0,225.6,10,7.3,0
CUST-103654,8,0,1,0,Month-to-month,Mailed check,1,Fiber optic,0,0,0,0,0,0,0,69.92,527.07,4,0,129.5,54,6.0,1
CUST-103655,1,1,1,0,Two year,Electronic check,1,DSL,0,0,0,0,1,0,1,53.95,52.15,2,1,246.8,66,6.4,0
CUST-103656,8,0,1,1,Month-to-month,Electronic check,0,Fiber optic,0,0,0,0,1,0,0,72.72,555.64,3,4,269.0,36,3.7,1
CUST-103657,14,0,1,1,Month-to-month,Bank transfer (auto),0,Fiber optic,0,0,0,1,1,0,0,89.82,1250.36,3,1,309.8,27,6.7,0
CUST-103658,10,0,0,1,Two year,Mailed check,0,Fiber optic,1,0,0,0,0,0,0,81.49,776.37,1,1,156.7,3,5.7,1
CUST-103659,36,0,0,0,Month-to-month,Bank transfer (auto),1,No,1,0,0,0,0,0,0,23.91,796.27,3,0,166.2,85,6.2,0
CUST-103660,37,0,0,1,Month-to-month,Bank transfer (auto),0,DSL,0,0,1,1,1,1,1,71.52,2538.23,2,0,97.2,78,6.4,0
CUST-103661,20,0,1,1,Month-to-month,Mailed check,0,DSL,0,0,0,0,0,0,0,51.17,960.39,2,0,253.6,82,2.9,1
CUST-103662,9,0,1,0,One year,Mailed check,1,No,1,0,0,0,0,0,0,20.79,172.3,5,1,262.2,84,4.8,1
CUST-103663,1,1,1,0,One year,Credit card (auto),0,Fiber optic,1,0,0,0,0,1,0,88.91,88.28,1,0,192.0,63,6.3,0
CUST-103664,3,0,1,1,Month-to-month,Credit card (auto),1,DSL,1,0,1,0,1,0,0,67.6,197.49,0,1,324.9,13,8.2,0
CUST-103665,36,0,0,0,Month-to-month,Mailed check,1,Fiber optic,0,0,0,1,0,0,1,81.44,2724.77,3,2,215.5,17,6.8,0
CUST-103666,2,0,1,0,Month-to-month,Bank transfer (auto),0,Fiber optic,0,0,0,0,1,0,0,84.19,160.02,2,2,112.8,80,7.1,0
CUST-103667,1,1,0,1,Month-to-month,Electronic check,1,Fiber optic,1,1,0,0,0,0,0,88.74,83.62,1,3,195.3,76,5.7,1
CUST-103668,12,0,0,0,Month-to-month,Electronic check,1,No,0,0,0,0,0,0,0,18.0,212.83,2,0,164.8,89,7.1,0
CUST-103669,44,0,1,1,Month-to-month,Electronic check,0,DSL,0,1,0,1,0,0,0,55.08,2364.72,4,3,228.7,16,4.7,1
CUST-103670,27,0,0,0,Month-to-month,Bank transfer (auto),1,Fiber optic,1,0,0,0,0,0,0,86.73,2174.95,3,1,414.0,68,6.1,1
CUST-103671,42,1,1,0,One year,Credit card (auto),0,DSL,0,0,0,1,1,1,1,60.46,2337.52,1,1,317.6,31,8.6,0
CUST-103672,10,0,1,1,One year,Bank transfer (auto),0,Fiber optic,1,1,0,0,0,1,1,89.42,881.31,2,1,285.8,25,6.8,0
CUST-103673,16,0,1,1,One year,Bank transfer (auto),0,Fiber optic,0,0,0,0,1,1,0,81.02,1289.39,0,0,59.9,32,10.0,0
CUST-103674,13,0,0,0,One year,Electronic check,0,No,1,0,0,0,0,0,0,27.0,349.93,5,0,307.7,1,6.7,0
CUST-103675,28,0,0,1,Month-to-month,Credit card (auto),0,Fiber optic,0,0,1,1,1,0,0,98.69,2568.56,0,1,249.7,7,6.2,0
CUST-103676,13,0,0,1,One year,Electronic check,1,No,0,0,0,0,0,0,0,28.53,352.82,3,0,310.1,82,5.7,1
CUST-103677,31,1,0,1,Month-to-month,Credit card (auto),0,DSL,1,0,0,1,0,1,1,79.98,2305.29,1,1,29.0,69,6.1,0
CUST-103678,12,0,0,0,One year,Electronic check,1,Fiber optic,1,1,0,1,0,1,0,99.21,1184.27,4,2,117.5,63,5.2,1
CUST-103679,10,0,0,0,Month-to-month,Electronic check,0,No,1,0,0,0,0,0,0,29.63,283.32,2,1,243.7,10,6.6,1
CUST-103680,18,0,1,1,One year,Bank transfer (auto),1,DSL,0,0,0,0,0,1,1,42.4,757.7,2,1,38.1,73,4.8,0
CUST-103681,6,0,1,1,Two year,Electronic check,0,No,0,0,0,0,0,0,0,22.44,128.76,2,1,319.2,31,5.8,0
CUST-103682,72,0,1,0,Month-to-month,Electronic check,1,Fiber optic,0,0,0,0,0,0,1,68.08,4545.22,2,2,237.4,44,5.3,0
CUST-103683,17,0,0,0,Month-to-month,Bank transfer (auto),1,No,1,0,0,0,0,0,0,18.9,304.78,4,1,196.2,23,5.3,0
CUST-103684,19,0,1,0,Two year,Bank transfer (auto),0,DSL,1,0,1,0,0,0,0,64.85,1229.33,1,0,103.4,81,8.9,0
CUST-103685,19,0,0,0,Month-to-month,Electronic check,1,Fiber optic,1,0,0,0,0,0,0,71.65,1347.9,4,1,122.0,39,4.8,1
CUST-103686,1,0,0,0,Month-to-month,Bank transfer (auto),1,DSL,1,0,0,0,0,0,1,53.45,51.37,1,0,81.6,63,5.4,1
CUST-103687,21,1,0,0,Month-to-month,Bank transfer (auto),0,No,1,0,0,0,0,0,0,25.36,503.97,1,0,160.4,16,8.4,0
CUST-103688,32,0,1,0,Month-to-month,Electronic check,1,DSL,0,1,1,0,0,0,0,55.09,1644.98,5,2,261.8,69,5.6,1
CUST-103689,17,0,1,0,Month-to-month,Mailed check,1,Fiber optic,0,0,0,0,1,0,1,78.85,1248.0,2,0,149.8,64,9.0,0
CUST-103690,21,1,0,0,Two year,Bank transfer (auto),1,Fiber optic,1,1,1,1,0,0,0,96.21,1883.95,1,1,262.7,40,5.8,0
CUST-103691,17,0,1,1,One year,Credit card (auto),0,No,1,0,0,0,0,0,0,31.68,518.4,3,0,58.8,58,6.2,0
CUST-103692,36,0,1,0,Month-to-month,Mailed check,1,No,0,0,0,0,0,0,0,18.0,632.43,5,1,18.1,21,5.4,0
CUST-103693,11,0,0,0,One year,Bank transfer (auto),1,No,0,0,0,0,0,0,0,29.42,305.4,2,1,286.2,76,7.1,0
CUST-103694,9,0,1,0,Two year,Mailed check,0,DSL,0,0,0,1,1,0,1,51.82,465.79,0,1,120.8,57,8.9,0
CUST-103695,14,0,0,0,Month-to-month,Bank transfer (auto),0,No,0,0,0,0,0,0,0,18.0,241.25,2,2,166.2,27,5.2,0
CUST-103696,18,0,0,0,One year,Credit card (auto),0,Fiber optic,0,1,1,1,0,0,0,94.23,1641.26,3,1,102.7,81,5.7,1
CUST-103697,15,1,1,1,Month-to-month,Bank transfer (auto),1,Fiber optic,1,1,0,0,1,0,1,91.18,1316.93,2,0,204.3,17,5.4,0
CUST-103698,15,0,0,0,Month-to-month,Electronic check,0,DSL,0,1,1,1,0,1,0,69.92,1029.59,2,0,333.5,74,6.2,1
CUST-103699,21,0,1,0,One year,Credit card (auto),0,No,1,0,0,0,0,0,0,32.41,677.1,4,1,110.6,4,10.0,0
CUST-103700,1,0,0,1,One year,Bank transfer (auto),0,Fiber optic,0,1,0,1,1,0,0,86.31,85.26,2,0,38.6,51,6.4,0
CUST-103701,72,0,1,1,Two year,Bank transfer (auto),0,No,1,0,0,0,0,0,0,23.84,1649.86,0,0,75.0,84,6.7,0
CUST-103702,15,0,1,0,Month-to-month,Mailed check,0,Fiber optic,0,1,0,1,0,0,0,77.85,1162.0,1,2,184.4,84,8.2,0
CUST-103703,19,1,1,0,Month-to-month,Electronic check,0,Fiber optic,1,0,0,0,1,0,0,92.61,1677.77,0,1,73.8,7,8.4,1
CUST-103704,37,0,1,0,Month-to-month,Mailed check,0,DSL,0,1,1,0,0,0,0,49.9,1709.5,0,1,101.7,1,6.3,0
CUST-103705,14,0,1,0,Month-to-month,Bank transfer (auto),0,DSL,0,0,0,0,0,1,0,49.95,650.78,2,0,5.0,73,6.9,0
CUST-103706,24,0,0,0,Month-to-month,Mailed check,1,No,0,0,0,0,0,0,0,23.13,552.99,6,1,205.8,74,7.0,0
CUST-103707,72,0,0,0,Month-to-month,Electronic check,0,Fiber optic,0,1,0,1,0,1,0,81.15,5814.78,2,0,247.7,65,9.3,0
CUST-103708,20,0,1,0,One year,Bank transfer (auto),1,DSL,0,0,0,1,0,0,0,45.36,900.94,1,2,100.5,39,7.5,0
CUST-103709,41,0,0,0,Month-to-month,Mailed check,1,Fiber optic,0,1,0,0,0,1,0,77.94,3132.01,4,1,117.7,9,4.6,1
CUST-103710,28,0,0,1,Month-to-month,Bank transfer (auto),1,No,1,0,0,0,0,0,0,26.81,731.42,1,0,197.5,7,6.8,0
CUST-103711,14,0,1,0,Month-to-month,Electronic check,1,Fiber optic,1,0,0,1,1,0,0,78.0,1077.81,0,1,228.5,12,7.0,1
CUST-103712,16,1,0,0,One year,Mailed check,1,Fiber optic,0,0,0,0,0,1,1,80.66,1233.29,3,1,186.3,2,8.0,0
CUST-103713,5,0,0,1,Month-to-month,Electronic check,1,No,0,0,0,0,0,0,0,27.98,134.83,0,4,189.0,34,5.0,1
CUST-103714,20,0,1,0,Month-to-month,Bank transfer (auto),0,DSL,0,0,0,1,1,1,0,38.42,762.15,2,0,146.6,42,5.5,0
CUST-103715,15,0,1,0,Month-to-month,Bank transfer (auto),0,Fiber optic,1,1,0,0,0,0,0,83.6,1159.38,4,1,237.9,63,4.2,1
CUST-103716,12,0,1,0,Month-to-month,Mailed check,1,Fiber optic,1,0,1,0,0,1,1,73.49,851.07,6,0,221.5,56,3.2,0
CUST-103717,5,0,0,0,Month-to-month,Credit card (auto),1,Fiber optic,1,0,0,0,0,1,1,95.86,455.57,5,3,102.2,30,4.7,1
CUST-103718,15,1,0,0,Two year,Electronic check,1,DSL,0,0,0,0,0,1,0,45.95,664.74,3,0,146.5,1,5.3,1
CUST-103719,55,0,1,0,Month-to-month,Mailed check,0,DSL,1,0,0,1,1,0,0,62.06,3401.63,2,0,231.5,58,4.7,0
CUST-103720,5,0,0,0,Month-to-month,Bank transfer (auto),1,No,0,0,0,0,0,0,0,18.0,88.46,4,0,229.8,20,4.7,1
CUST-103721,18,0,1,0,Month-to-month,Mailed check,1,No,0,0,0,0,0,0,0,31.86,549.47,3,1,88.2,80,6.1,1
CUST-103722,7,0,0,0,Month-to-month,Bank transfer (auto),1,No,1,0,0,0,0,0,0,40.5,276.26,4,1,175.4,10,6.1,0
CUST-103723,9,0,0,1,Two year,Credit card (auto),1,Fiber optic,0,0,1,0,0,0,0,67.83,589.12,2,2,143.0,74,4.8,0
CUST-103724,1,0,0,1,One year,Bank transfer (auto),0,DSL,1,1,0,0,0,0,0,50.13,46.91,2,0,10.6,39,5.0,0
CUST-103725,48,0,0,0,Month-to-month,Electronic check,0,Fiber optic,1,1,0,1,0,0,1,96.53,4431.81,5,0,319.7,43,7.2,1
CUST-103726,3,0,0,0,One year,Electronic check,1,Fiber optic,0,0,0,0,0,1,0,79.67,222.01,3,1,147.0,55,5.1,0
CUST-103727,18,0,1,1,Month-to-month,Credit card (auto),1,DSL,0,1,0,0,1,0,1,56.17,967.09,1,1,107.6,68,9.6,0
CUST-103728,18,0,1,0,Month-to-month,Electronic check,0,DSL,0,1,1,0,0,0,0,47.66,819.41,2,0,175.7,13,6.9,0
CUST-103729,23,1,0,0,Month-to-month,Mailed check,0,DSL,1,0,0,0,1,0,1,71.01,1593.81,1,3,138.7,5,3.9,0
CUST-103730,4,0,1,1,Two year,Credit card (auto),0,DSL,0,0,1,0,1,0,1,56.88,214.22,1,0,300.7,78,6.2,0
CUST-103731,37,0,0,0,One year,Credit card (auto),0,DSL,0,0,0,0,1,1,1,56.53,1990.04,0,1,283.0,88,7.2,0
CUST-103732,11,0,0,0,Month-to-month,Electronic check,0,Fiber optic,0,0,0,1,0,1,0,79.71,835.54,4,1,177.2,27,6.4,0
CUST-103733,14,0,1,0,One year,Bank transfer (auto),1,No,1,0,0,0,0,0,0,19.1,249.68,0,2,261.6,20,5.1,0
CUST-103734,4,0,1,0,Month-to-month,Mailed check,1,Fiber optic,1,0,0,0,1,0,1,83.2,325.68,4,1,181.6,38,5.7,1
CUST-103735,5,0,1,0,Month-to-month,Credit card (auto),0,DSL,0,0,1,0,1,1,1,56.92,277.07,2,1,28.5,53,5.5,0
CUST-103736,1,0,0,0,Month-to-month,Bank transfer (auto),1,DSL,0,0,0,0,1,1,1,46.56,44.33,3,0,181.1,50,7.4,0
CUST-103737,0,0,0,1,Month-to-month,Bank transfer (auto),1,Fiber optic,0,0,1,0,0,0,1,73.8,68.83,4,0,129.4,2,4.0,1
CUST-103738,48,0,1,0,Month-to-month,Electronic check,0,Fiber optic,1,1,0,0,0,1,0,86.62,4087.04,2,2,114.1,16,6.2,0
CUST-103739,1,0,1,1,Two year,Electronic check,1,Fiber optic,1,0,1,1,0,1,0,86.65,84.52,5,1,231.8,41,4.6,1
CUST-103740,14,0,1,0,Month-to-month,Mailed check,1,DSL,0,0,0,1,0,0,1,53.08,723.16,1,0,366.9,29,7.0,0
CUST-103741,57,1,1,0,Month-to-month,Bank transfer (auto),1,Fiber optic,1,0,1,0,0,1,1,85.01,4824.47,2,2,110.1,30,5.5,0
CUST-103742,15,0,0,0,Month-to-month,Mailed check,1,Fiber optic,0,0,1,0,0,0,0,78.08,1152.79,2,1,201.4,82,4.7,1
CUST-103743,4,0,1,0,Month-to-month,Credit card (auto),1,DSL,0,0,0,0,0,0,1,55.33,219.53,2,0,187.4,46,6.0,1
CUST-103744,59,0,1,0,Month-to-month,Electronic check,1,No,1,0,0,0,0,0,0,31.89,1845.46,2,1,355.0,79,4.4,0
CUST-103745,30,0,0,0,Month-to-month,Electronic check,1,Fiber optic,1,0,0,0,1,1,1,92.36,2714.38,2,2,140.5,33,4.9,0
CUST-103746,0,0,0,0,Month-to-month,Bank transfer (auto),0,DSL,0,0,0,0,1,0,0,54.33,53.28,3,1,333.8,19,6.0,0
CUST-103747,36,0,1,0,Month-to-month,Bank transfer (auto),1,Fiber optic,1,0,0,0,0,1,0,78.72,2821.54,2,0,14.6,5,3.9,0
CUST-103748,29,0,0,0,Month-to-month,Mailed check,0,Fiber optic,0,0,0,0,1,1,1,78.66,2194.45,1,0,122.6,89,8.3,0
CUST-103749,44,0,1,0,One year,Mailed check,0,No,0,0,0,0,0,0,0,19.49,817.12,5,1,256.7,68,5.4,0
CUST-103750,25,1,1,0,Two year,Electronic check,1,DSL,1,0,0,1,0,1,0,58.66,1461.95,2,1,5.0,27,8.6,0
CUST-103751,5,0,0,0,Month-to-month,Bank transfer (auto),1,No,0,0,0,0,0,0,0,28.16,140.45,4,0,154.6,42,8.4,0
CUST-103752,26,0,1,1,One year,Credit card (auto),0,Fiber optic,1,1,0,1,0,1,0,103.58,2665.59,2,1,54.9,77,4.9,1
CUST-103753,30,0,1,1,One year,Credit card (auto),1,Fiber optic,0,0,1,0,0,0,1,94.75,2745.78,2,0,55.8,31,7.3,0
CUST-103754,39,0,0,0,One year,Bank transfer (auto),1,DSL,1,1,0,1,0,0,1,72.01,2724.53,1,0,334.2,37,7.2,0
CUST-103755,12,1,1,0,One year,Bank transfer (auto),1,DSL,1,1,0,1,0,1,0,68.65,787.47,1,2,270.0,20,7.8,0
CUST-103756,14,0,0,0,Month-to-month,Credit card (auto),0,No,0,0,0,0,0,0,0,18.0,236.08,6,0,194.9,39,4.5,1
CUST-103757,18,0,1,0,Two year,Credit card (auto),0,Fiber optic,0,1,1,1,0,0,0,80.98,1352.82,1,1,293.9,44,6.3,0
CUST-103758,16,0,0,0,Month-to-month,Electronic check,0,No,0,0,0,0,0,0,0,18.0,265.24,1,3,223.4,57,5.8,1
CUST-103759,14,0,0,0,Month-to-month,Mailed check,1,Fiber optic,0,1,0,0,1,0,0,74.99,983.76,0,0,267.1,69,8.0,1
CUST-103760,8,1,1,1,One year,Credit card (auto),1,Fiber optic,0,1,1,1,1,1,0,100.61,775.16,0,0,205.6,6,7.6,0
CUST-103761,4,0,0,1,Two year,Credit card (auto),1,No,0,0,0,0,0,0,0,28.7,113.9,3,1,144.0,42,6.5,0
CUST-103762,26,0,0,0,Month-to-month,Bank transfer (auto),0,Fiber optic,0,0,0,1,1,1,0,80.96,2006.52,3,0,115.4,58,5.7,0
CUST-103763,37,1,0,0,Two year,Electronic check,0,Fiber optic,1,0,0,1,0,1,1,87.81,3155.62,0,2,158.8,53,4.6,1
CUST-103764,17,0,1,0,One year,Credit card (auto),1,No,1,0,0,0,0,0,0,26.67,433.9,5,0,32.4,33,4.7,1
CUST-103765,16,0,1,0,One year,Electronic check,1,DSL,0,0,0,1,0,0,0,38.52,567.69,1,4,190.2,37,5.1,0
CUST-103766,66,0,0,0,Two year,Electronic check,1,Fiber optic,1,0,0,0,1,0,1,94.73,5965.88,0,2,316.5,8,9.9,0
CUST-103767,28,0,0,0,One year,Bank transfer (auto),0,DSL,1,0,1,0,0,0,0,62.46,1660.85,3,0,102.9,24,6.0,0
CUST-103768,15,0,0,0,Month-to-month,Bank transfer (auto),0,No,1,0,0,0,0,0,0,20.58,291.82,2,1,169.1,58,7.2,0
CUST-103769,13,0,1,0,One year,Mailed check,1,No,0,0,0,0,0,0,0,18.0,221.0,2,0,5.0,12,6.2,0
CUST-103770,11,0,0,0,Month-to-month,Bank transfer (auto),1,No,1,0,0,0,0,0,0,37.98,389.45,3,1,187.8,81,4.3,1
CUST-103771,20,0,1,0,Two year,Bank transfer (auto),0,Fiber optic,0,0,1,0,0,0,1,84.08,1625.58,4,0,445.4,27,4.4,0
CUST-103772,20,0,0,1,Two year,Electronic check,1,Fiber optic,0,1,1,1,0,0,0,94.64,1863.0,2,0,195.6,43,7.0,0
CUST-103773,38,0,1,0,One year,Electronic check,0,DSL,1,1,0,1,0,1,1,66.5,2493.22,2,0,268.6,89,7.7,1
CUST-103774,6,0,1,0,Month-to-month,Bank transfer (auto),0,Fiber optic,0,0,0,0,0,1,0,85.46,482.75,0,1,135.9,47,7.7,0
CUST-103775,39,0,0,0,Month-to-month,Credit card (auto),0,No,0,0,0,0,0,0,0,18.0,661.96,5,0,233.9,89,5.7,0
CUST-103776,27,0,1,0,Month-to-month,Credit card (auto),1,DSL,0,0,0,1,0,1,1,59.66,1518.57,7,2,123.9,43,4.9,1
CUST-103777,10,0,0,0,Month-to-month,Electronic check,0,DSL,0,0,0,0,0,0,0,34.82,324.82,5,2,198.7,55,5.5,1
CUST-103778,7,0,1,0,One year,Bank transfer (auto),1,Fiber optic,1,0,0,1,0,0,0,79.71,541.19,1,1,27.7,30,7.0,1
CUST-103779,27,0,0,0,Two year,Credit card (auto),1,Fiber optic,1,1,1,0,0,0,0,88.4,2223.83,1,0,280.8,57,7.7,0
CUST-103780,17,0,0,0,One year,Electronic check,1,Fiber optic,0,0,0,0,0,0,1,72.31,1170.08,3,4,224.5,81,5.5,0
CUST-103781,4,0,0,0,Month-to-month,Bank transfer (auto),1,Fiber optic,0,0,0,0,0,1,0,78.59,302.86,6,1,244.5,44,4.2,1
CUST-103782,14,0,0,0,Two year,Mailed check,0,No,0,0,0,0,0,0,0,18.0,245.49,0,0,141.5,89,7.2,0
CUST-103783,29,0,1,0,Two year,Bank transfer (auto),0,DSL,1,0,1,1,0,0,1,66.81,1932.43,6,0,223.1,78,7.8,1
CUST-103784,29,0,1,0,One year,Electronic check,1,No,0,0,0,0,0,0,0,18.31,523.22,4,1,312.0,48,6.1,0
CUST-103785,20,1,0,1,Month-to-month,Electronic check,1,Fiber optic,0,1,0,1,0,1,0,81.74,1555.52,4,2,112.3,20,7.0,0
CUST-103786,28,0,1,0,One year,Electronic check,0,Fiber optic,0,1,0,0,0,0,1,84.13,2323.36,3,2,248.3,4,5.2,0
CUST-103787,22,0,1,1,Month-to-month,Mailed check,1,DSL,0,0,0,1,0,0,1,50.11,1038.98,6,1,178.9,10,4.6,1
CUST-103788,20,0,0,0,Month-to-month,Electronic check,1,Fiber optic,1,1,1,1,0,0,0,90.69,1767.17,2,1,320.1,50,5.1,1
CUST-103789,8,0,0,0,One year,Mailed check,1,No,1,0,0,0,0,0,0,25.38,190.14,0,1,114.7,41,6.1,0
CUST-103790,30,0,1,0,One year,Bank transfer (auto),0,Fiber optic,0,0,0,1,1,0,0,88.87,2545.98,3,1,132.5,40,7.1,0
CUST-103791,17,0,0,0,Month-to-month,Electronic check,1,DSL,0,1,0,1,0,0,1,58.49,963.63,1,0,268.2,13,5.6,0
CUST-103792,35,1,1,0,Two year,Electronic check,0,DSL,1,1,1,1,0,0,1,71.04,2448.98,3,1,165.3,30,8.4,0
CUST-103793,27,0,0,0,Two year,Electronic check,0,No,0,0,0,0,0,0,0,18.51,497.02,4,3,224.5,83,5.3,0
CUST-103794,1,0,0,0,One year,Credit card (auto),1,Fiber optic,0,0,0,1,1,0,1,86.23,86.09,1,0,248.4,61,9.5,0
CUST-103795,14,0,1,0,Month-to-month,Electronic check,1,DSL,1,0,0,1,0,0,0,55.11,762.06,2,2,199.1,87,7.6,0
CUST-103796,11,0,1,1,Month-to-month,Bank transfer (auto),1,No,0,0,0,0,0,0,0,18.0,185.2,1,0,25.5,66,7.1,1
CUST-103797,8,0,1,0,One year,Mailed check,1,DSL,0,0,0,1,0,0,0,46.85,370.32,1,0,239.9,54,5.7,0
CUST-103798,20,0,0,0,Two year,Electronic check,1,No,0,0,0,0,0,0,0,20.45,395.44,2,4,121.0,80,4.9,1
CUST-103799,7,0,1,0,Month-to-month,Credit card (auto),0,DSL,0,1,0,1,0,0,1,65.05,432.53,3,2,45.6,41,5.8,1
CUST-103800,4,0,1,1,Month-to-month,Bank transfer (auto),1,DSL,0,0,0,0,0,0,0,43.13,162.9,2,0,336.4,89,6.3,0
CUST-103801,4,1,1,1,Month-to-month,Bank transfer (auto),1,DSL,1,0,0,0,0,0,1,49.68,194.29,4,1,284.7,88,5.8,1
CUST-103802,5,0,1,0,Month-to-month,Electronic check,1,No,1,0,0,0,0,0,0,19.11,91.2,2,0,71.5,59,9.0,0
CUST-103803,20,0,1,0,One year,Electronic check,1,Fiber optic,1,1,0,0,0,1,0,104.45,2066.17,0,1,5.0,9,6.5,0
CUST-103804,65,1,1,0,Month-to-month,Electronic check,0,DSL,0,1,0,0,1,0,0,49.09,3177.05,2,2,158.7,19,5.3,0
CUST-103805,9,0,1,0,Month-to-month,Mailed check,1,No,0,0,0,0,0,0,0,31.42,280.3,5,0,330.7,30,6.1,1
CUST-103806,41,1,1,1,Month-to-month,Credit card (auto),1,No,1,0,0,0,0,0,0,26.58,1043.06,2,0,91.6,35,6.9,0
CUST-103807,5,0,0,0,Two year,Mailed check,0,Fiber optic,0,1,0,0,0,1,0,73.26,362.87,1,1,139.9,58,5.5,0
CUST-103808,10,0,1,1,Month-to-month,Electronic check,1,Fiber optic,0,1,0,0,0,0,1,78.53,760.08,3,3,81.7,44,7.0,1
CUST-103809,40,0,1,0,Month-to-month,Electronic check,1,Fiber optic,1,0,1,0,1,1,1,99.77,3730.34,0,1,209.5,46,5.1,0
CUST-103810,28,0,0,1,One year,Mailed check,0,DSL,0,0,0,0,0,0,0,43.66,1133.3,2,1,170.6,47,7.6,0
CUST-103811,29,0,0,0,Two year,Electronic check,0,No,1,0,0,0,0,0,0,24.39,653.25,4,0,109.0,18,7.3,0
CUST-103812,35,1,0,0,Month-to-month,Mailed check,0,Fiber optic,0,0,1,0,0,0,0,65.15,2105.39,0,0,45.6,18,9.9,0
CUST-103813,67,1,1,0,Month-to-month,Credit card (auto),1,No,0,0,0,0,0,0,0,18.0,1188.34,1,2,201.4,40,5.9,0
CUST-103814,26,1,0,0,One year,Bank transfer (auto),1,No,1,0,0,0,0,0,0,30.42,736.01,3,0,257.4,56,6.3,0
CUST-103815,3,0,0,1,Month-to-month,Electronic check,1,No,1,0,0,0,0,0,0,18.73,55.68,2,0,128.3,1,6.7,0
CUST-103816,37,0,0,0,Two year,Electronic check,1,No,1,0,0,0,0,0,0,25.38,886.0,3,3,237.5,20,4.6,1
CUST-103817,33,0,0,1,One year,Bank transfer (auto),0,No,0,0,0,0,0,0,0,21.6,712.38,2,3,173.9,70,6.0,0
CUST-103818,39,0,1,0,Month-to-month,Electronic check,1,Fiber optic,0,1,0,1,0,1,1,95.17,3544.66,3,0,360.6,24,6.8,0
CUST-103819,8,0,0,0,Two year,Credit card (auto),1,No,1,0,0,0,0,0,0,21.34,159.12,0,1,303.0,79,7.4,0
CUST-103820,19,0,0,0,One year,Bank transfer (auto),1,No,1,0,0,0,0,0,0,40.23,717.14,1,1,219.0,4,7.7,0
CUST-103821,2,0,0,0,Month-to-month,Mailed check,1,DSL,0,0,1,1,1,1,1,70.26,131.68,1,0,187.3,83,8.2,0
CUST-103822,8,0,1,1,Month-to-month,Bank transfer (auto),1,Fiber optic,0,0,1,1,0,0,1,76.49,570.93,3,0,190.1,35,6.0,0
CUST-103823,14,0,1,0,One year,Electronic check,1,Fiber optic,0,0,0,0,0,0,0,70.89,976.26,2,4,180.8,62,3.5,0
CUST-103824,11,0,0,0,Two year,Electronic check,0,DSL,1,1,0,0,0,0,1,57.66,590.77,2,3,170.8,51,8.0,0
CUST-103825,38,0,0,0,Month-to-month,Bank transfer (auto),1,Fiber optic,0,0,0,1,0,0,0,65.1,2371.89,2,2,19.8,62,4.5,1
CUST-103826,10,1,1,1,Month-to-month,Electronic check,1,DSL,1,0,1,0,0,0,0,56.53,557.19,4,1,336.7,63,6.0,1
CUST-103827,72,0,1,1,Two year,Electronic check,0,DSL,0,0,0,0,0,1,1,53.2,3708.81,2,1,73.9,72,4.4,0
CUST-103828,9,0,1,1,Month-to-month,Credit card (auto),1,Fiber optic,0,0,0,0,1,0,0,76.18,671.95,2,0,299.7,6,6.3,0
CUST-103829,17,0,0,0,Month-to-month,Credit card (auto),1,DSL,0,0,1,0,0,0,0,43.81,691.7,4,0,79.3,40,6.0,1
CUST-103830,2,0,1,0,Month-to-month,Electronic check,1,Fiber optic,0,0,1,1,1,0,0,78.23,154.31,4,2,141.2,51,6.0,1
CUST-103831,20,0,1,0,One year,Credit card (auto),0,Fiber optic,1,0,0,0,0,0,0,83.65,1619.17,2,0,188.6,69,5.1,0
CUST-103832,11,0,0,1,One year,Electronic check,1,DSL,1,0,0,1,1,0,1,71.07,719.51,0,0,189.1,78,9.6,0
CUST-103833,72,0,1,0,Month-to-month,Credit card (auto),1,DSL,0,0,1,0,0,1,0,46.53,3302.73,2,0,43.0,41,5.9,0
CUST-103834,16,0,1,1,Month-to-month,Mailed check,0,DSL,1,0,0,0,1,0,1,51.97,808.7,1,1,256.3,55,8.4,0
CUST-103835,2,0,1,1,One year,Mailed check,1,Fiber optic,1,0,0,1,0,1,0,80.28,147.92,3,0,128.9,64,5.6,1
CUST-103836,2,0,1,1,One year,Bank transfer (auto),0,Fiber optic,0,1,0,0,1,0,0,85.71,168.49,1,2,231.0,81,6.5,0
CUST-103837,2,1,0,1,Month-to-month,Electronic check,1,Fiber optic,0,0,0,1,1,0,0,61.66,123.2,1,1,352.9,65,9.8,0
CUST-103838,9,1,0,0,Month-to-month,Credit card (auto),1,DSL,1,1,0,0,1,0,0,58.49,511.66,1,0,176.8,55,7.6,0
CUST-103839,8,0,0,0,One year,Electronic check,0,Fiber optic,1,1,0,0,0,0,0,88.04,695.68,1,1,199.5,15,4.4,0
CUST-103840,72,0,1,0,Month-to-month,Credit card (auto),0,No,0,0,0,0,0,0,0,21.16,1506.47,4,0,77.9,11,5.9,0
CUST-103841,4,0,0,0,Month-to-month,Electronic check,1,No,0,0,0,0,0,0,0,19.09,76.33,2,1,183.1,34,6.2,1
CUST-103842,25,0,0,1,Two year,Electronic check,0,Fiber optic,0,1,0,1,0,1,0,89.03,2092.89,4,4,72.6,25,4.4,1
CUST-103843,12,1,1,0,Two year,Electronic check,1,DSL,0,0,0,0,0,0,0,43.66,502.05,2,3,163.8,1,4.1,0
CUST-103844,26,0,0,1,Month-to-month,Mailed check,1,DSL,0,0,0,0,0,1,0,46.23,1144.24,6,0,210.3,20,4.2,0
CUST-103845,8,1,1,1,Two year,Bank transfer (auto),1,Fiber optic,0,0,1,1,0,0,0,83.51,652.04,1,0,67.6,75,9.1,1
CUST-103846,1,0,0,0,One year,Bank transfer (auto),1,Fiber optic,1,1,1,0,0,0,0,98.49,95.61,1,2,97.9,69,5.8,0
CUST-103847,5,0,0,0,Two year,Credit card (auto),1,Fiber optic,1,0,0,0,0,0,1,68.84,329.18,3,1,237.2,26,6.3,0
CUST-103848,10,0,0,0,Two year,Mailed check,0,DSL,1,1,0,0,1,1,0,61.79,614.43,3,1,157.3,25,5.7,0
CUST-103849,51,1,0,0,One year,Mailed check,1,No,0,0,0,0,0,0,0,18.16,918.95,1,1,157.6,25,5.1,0
CUST-103850,28,0,0,0,Month-to-month,Electronic check,0,Fiber optic,0,0,0,0,1,0,0,71.12,1852.81,6,2,301.4,81,4.3,1
CUST-103851,5,0,0,1,Month-to-month,Bank transfer (auto),1,No,0,0,0,0,0,0,0,20.36,97.36,2,0,74.6,62,7.6,1
CUST-103852,14,0,1,1,Month-to-month,Credit card (auto),1,No,1,0,0,0,0,0,0,27.87,359.18,4,1,58.2,17,6.9,0
CUST-103853,9,0,0,0,Month-to-month,Mailed check,0,Fiber optic,1,0,0,0,1,1,0,79.67,693.43,2,0,205.8,68,6.3,0
CUST-103854,1,0,0,1,One year,Mailed check,1,Fiber optic,0,1,0,0,0,0,0,77.93,77.08,0,2,371.5,80,6.3,0
CUST-103855,4,0,0,0,Month-to-month,Mailed check,1,No,0,0,0,0,0,0,0,19.27,74.77,3,0,230.2,33,9.1,0
CUST-103856,29,0,0,1,Two year,Electronic check,1,DSL,0,0,1,0,0,0,1,61.5,1686.49,1,1,172.8,11,7.3,0
CUST-103857,21,0,0,1,Two year,Bank transfer (auto),1,DSL,0,0,1,0,0,0,0,55.91,1166.41,0,0,204.8,10,8.6,0
CUST-103858,11,0,0,1,Month-to-month,Electronic check,1,DSL,1,0,1,1,0,1,0,65.22,709.11,2,3,142.1,81,6.6,1
CUST-103859,25,0,1,0,One year,Credit card (auto),1,Fiber optic,0,0,0,1,0,0,1,82.18,2035.08,1,0,287.9,45,8.8,0
CUST-103860,41,0,1,1,Two year,Electronic check,1,Fiber optic,0,1,0,0,1,1,0,69.73,2799.4,0,0,103.9,17,7.7,0
CUST-103861,39,1,1,0,One year,Electronic check,1,DSL,0,0,1,0,1,1,0,45.73,1653.14,0,1,149.5,55,7.7,0
CUST-103862,3,0,1,0,Two year,Electronic check,1,Fiber optic,0,1,0,0,0,1,1,90.05,261.14,4,1,320.0,63,5.3,0
CUST-103863,58,0,1,0,Month-to-month,Mailed check,1,Fiber optic,0,0,0,0,0,0,1,73.67,4120.93,2,0,190.5,88,4.9,1
CUST-103864,4,0,0,0,Month-to-month,Bank transfer (auto),0,No,1,0,0,0,0,0,0,35.62,141.7,4,0,247.1,0,5.3,1
CUST-103865,31,0,0,0,Month-to-month,Credit card (auto),0,DSL,1,0,1,1,0,1,0,73.08,2229.54,5,1,94.6,15,2.5,0
CUST-103866,3,0,1,0,Month-to-month,Mailed check,1,No,1,0,0,0,0,0,0,18.79,52.97,3,0,119.3,56,5.1,0
CUST-103867,5,0,0,1,Month-to-month,Electronic check,1,No,0,0,0,0,0,0,0,23.92,117.28,1,0,182.4,83,7.4,1
CUST-103868,31,0,0,0,One year,Bank transfer (auto),1,Fiber optic,1,0,1,1,0,1,0,86.79,2556.19,4,0,195.0,30,7.5,0
CUST-103869,8,0,1,1,One year,Bank transfer (auto),1,Fiber optic,0,0,1,0,1,0,0,77.18,586.82,0,3,150.9,44,5.3,0
CUST-103870,7,0,0,1,Month-to-month,Bank transfer (auto),0,DSL,0,0,1,1,0,0,1,50.85,353.46,3,1,50.9,0,6.9,1
CUST-103871,61,0,0,0,Month-to-month,Mailed check,1,Fiber optic,0,0,1,1,0,1,0,89.46,5055.48,3,1,210.4,60,5.6,1
CUST-103872,4,1,1,1,Month-to-month,Bank transfer (auto),0,No,0,0,0,0,0,0,0,22.93,85.63,6,0,189.9,5,4.9,0
CUST-103873,21,0,0,0,Month-to-month,Electronic check,0,DSL,0,1,0,0,0,0,1,50.39,1008.63,6,1,272.6,32,6.4,1
CUST-103874,42,0,0,0,Month-to-month,Electronic check,0,No,0,0,0,0,0,0,0,18.0,722.36,5,1,27.1,57,5.9,1
CUST-103875,21,1,0,1,Month-to-month,Credit card (auto),1,DSL,0,0,1,0,0,1,0,58.64,1222.44,6,1,79.8,35,3.2,1
CUST-103876,12,0,0,1,Two year,Electronic check,1,No,0,0,0,0,0,0,0,18.0,209.66,0,0,115.1,50,6.9,0
CUST-103877,1,0,1,0,Two year,Electronic check,0,Fiber optic,0,1,0,1,0,0,1,79.85,77.12,1,0,5.0,63,6.5,0
CUST-103878,27,1,1,1,Month-to-month,Electronic check,0,Fiber optic,0,1,1,1,0,1,0,83.6,2206.12,2,1,224.9,9,7.5,0
CUST-103879,26,0,0,0,One year,Electronic check,1,No,1,0,0,0,0,0,0,23.54,566.32,2,2,124.0,59,7.3,0
CUST-103880,20,1,0,1,Two year,Credit card (auto),1,Fiber optic,0,0,1,0,0,0,1,83.07,1598.64,1,2,127.9,54,7.2,0
CUST-103881,19,0,0,0,Month-to-month,Electronic check,1,DSL,1,1,0,0,0,0,0,58.86,1090.2,1,0,178.6,23,6.9,0
CUST-103882,28,0,1,0,Month-to-month,Mailed check,1,Fiber optic,1,0,0,0,1,0,0,79.12,2189.31,2,0,70.7,19,5.7,0
CUST-103883,4,0,0,1,Month-to-month,Credit card (auto),1,DSL,0,0,0,0,0,1,0,43.18,159.13,0,1,141.8,59,6.1,1
CUST-103884,11,0,0,0,Month-to-month,Electronic check,1,No,0,0,0,0,0,0,0,19.89,205.92,0,2,256.1,53,6.7,0
CUST-103885,50,1,1,0,Month-to-month,Electronic check,0,DSL,0,0,0,0,0,1,1,52.38,2454.2,2,2,24.9,86,6.4,0
CUST-103886,2,1,1,1,One year,Mailed check,0,Fiber optic,1,0,0,1,0,0,0,87.17,172.42,3,0,100.7,12,5.8,0
CUST-103887,71,0,1,1,Month-to-month,Electronic check,0,Fiber optic,1,1,0,0,0,0,1,82.64,5583.03,1,1,211.4,16,8.5,0
CUST-103888,34,0,1,0,Month-to-month,Electronic check,0,Fiber optic,1,1,0,0,1,1,0,94.08,3185.47,2,3,338.5,54,7.5,0
CUST-103889,10,0,1,1,Month-to-month,Bank transfer (auto),0,Fiber optic,1,0,0,0,1,0,1,85.46,838.33,4,0,254.8,44,8.5,1
CUST-103890,15,0,1,0,Month-to-month,Electronic check,1,Fiber optic,1,0,0,1,0,0,1,88.73,1316.3,2,2,186.7,20,4.5,1
CUST-103891,29,1,1,0,Month-to-month,Bank transfer (auto),0,Fiber optic,1,0,1,0,0,0,1,96.74,2769.03,0,0,329.2,18,8.3,1
CUST-103892,2,0,0,0,Month-to-month,Credit card (auto),1,DSL,0,0,0,0,0,0,0,43.42,80.99,2,0,99.2,39,8.0,0
CUST-103893,17,0,0,0,Month-to-month,Electronic check,0,No,0,0,0,0,0,0,0,33.04,518.95,3,1,272.0,21,4.8,1
CUST-103894,23,1,0,0,Month-to-month,Electronic check,1,DSL,0,0,0,0,1,0,0,48.21,1072.09,3,2,226.2,43,6.5,1
CUST-103895,38,0,1,1,One year,Electronic check,0,No,1,0,0,0,0,0,0,21.75,765.14,2,2,263.2,19,6.1,0
CUST-103896,42,0,1,1,Month-to-month,Electronic check,1,Fiber optic,0,1,0,0,0,0,0,83.9,3402.87,1,4,364.8,28,5.9,0
CUST-103897,67,0,1,0,One year,Mailed check,1,No,1,0,0,0,0,0,0,38.89,2446.44,0,0,118.7,49,5.9,0
CUST-103898,18,0,0,0,Two year,Mailed check,1,DSL,0,0,0,0,0,1,0,43.88,786.57,3,0,149.6,74,5.7,0
CUST-103899,45,0,1,1,Month-to-month,Electronic check,1,No,0,0,0,0,0,0,0,18.0,774.08,0,2,169.4,19,5.8,0
CUST-103900,7,0,0,1,Month-to-month,Electronic check,0,Fiber optic,1,1,0,1,0,0,0,91.91,624.19,3,1,282.8,87,7.3,0
CUST-103901,18,0,0,0,One year,Electronic check,1,No,0,0,0,0,0,0,0,23.43,408.13,0,4,50.6,39,8.1,1
CUST-103902,24,0,1,0,Month-to-month,Bank transfer (auto),1,DSL,0,0,0,1,0,1,0,49.14,1172.11,2,0,279.6,71,5.3,0
CUST-103903,14,0,1,0,Two year,Mailed check,0,No,0,0,0,0,0,0,0,18.0,248.42,3,0,5.0,74,7.2,0
CUST-103904,21,0,1,0,One year,Bank transfer (auto),1,Fiber optic,0,0,1,1,0,0,0,80.71,1666.71,4,1,216.4,41,5.7,0
CUST-103905,55,1,0,0,Month-to-month,Bank transfer (auto),0,No,0,0,0,0,0,0,0,19.18,997.57,1,0,85.0,82,7.3,0
CUST-103906,25,0,0,0,Month-to-month,Mailed check,1,Fiber optic,0,0,0,0,0,1,1,82.46,1954.08,2,0,151.9,33,6.0,0
CUST-103907,16,0,0,1,One year,Bank transfer (auto),1,DSL,1,0,0,1,0,0,0,60.94,926.36,0,0,138.4,53,6.3,0
CUST-103908,52,1,0,1,One year,Electronic check,1,No,1,0,0,0,0,0,0,33.48,1653.38,3,3,199.6,19,7.3,0
CUST-103909,57,0,1,0,Month-to-month,Bank transfer (auto),0,DSL,1,0,0,0,1,0,1,49.74,2808.42,5,0,193.4,30,5.2,0
CUST-103910,20,0,0,0,One year,Mailed check,0,Fiber optic,0,1,1,0,0,0,0,90.19,1729.42,4,0,301.3,2,7.1,1
CUST-103911,16,1,0,0,Month-to-month,Mailed check,0,DSL,0,1,1,0,0,1,0,61.61,959.38,2,1,66.5,39,7.4,1
CUST-103912,40,0,0,0,Two year,Mailed check,1,No,0,0,0,0,0,0,0,18.0,675.43,1,0,184.6,77,6.7,0
CUST-103913,64,0,1,0,Two year,Bank transfer (auto),1,Fiber optic,0,0,0,1,0,1,1,82.86,5297.46,1,0,199.2,18,7.7,0
CUST-103914,13,0,1,1,Month-to-month,Bank transfer (auto),1,DSL,1,0,1,0,0,0,0,61.39,795.61,3,0,145.7,25,5.7,1
CUST-103915,14,0,0,0,Month-to-month,Electronic check,1,No,1,0,0,0,0,0,0,29.41,398.69,2,1,184.8,17,6.9,0
CUST-103916,42,0,0,1,Month-to-month,Mailed check,1,DSL,1,0,1,0,0,0,0,58.99,2461.87,1,0,156.1,88,4.6,0
CUST-103917,16,0,1,0,Two year,Electronic check,0,DSL,1,0,1,1,0,0,1,65.95,1041.2,5,0,318.5,7,4.8,0
CUST-103918,17,0,1,0,Month-to-month,Electronic check,0,No,1,0,0,0,0,0,0,38.01,599.3,2,1,249.0,55,6.4,1
CUST-103919,25,0,0,1,Month-to-month,Electronic check,1,DSL,1,0,1,0,0,0,1,64.04,1597.15,6,1,228.3,12,2.9,1
CUST-103920,3,0,0,1,One year,Bank transfer (auto),0,DSL,0,0,0,0,1,0,0,56.33,159.55,3,0,381.0,39,5.1,0
CUST-103921,21,0,1,0,Month-to-month,Bank transfer (auto),1,Fiber optic,0,0,1,1,0,0,1,96.6,1899.52,7,0,163.2,22,2.7,1
CUST-103922,2,0,1,1,Month-to-month,Credit card (auto),1,DSL,0,0,0,0,1,0,0,55.28,110.48,4,1,248.7,43,6.7,0
CUST-103923,2,1,0,0,One year,Mailed check,1,No,0,0,0,0,0,0,0,21.81,40.49,4,0,118.3,47,4.1,1
CUST-103924,35,0,0,1,Month-to-month,Bank transfer (auto),1,No,1,0,0,0,0,0,0,18.0,611.93,3,0,175.0,3,4.8,0
CUST-103925,20,0,0,0,One year,Credit card (auto),0,No,0,0,0,0,0,0,0,18.0,358.06,4,1,150.0,25,4.9,0
CUST-103926,0,0,0,0,Month-to-month,Electronic check,1,No,0,0,0,0,0,0,0,32.73,32.71,3,0,185.7,59,7.2,1
CUST-103927,19,0,0,1,Month-to-month,Bank transfer (auto),1,No,0,0,0,0,0,0,0,21.98,413.39,3,0,246.6,74,2.5,1
CUST-103928,23,0,0,1,Month-to-month,Electronic check,1,DSL,0,1,0,0,0,1,0,46.0,1049.57,3,2,176.6,8,5.3,0
CUST-103929,5,1,0,1,Month-to-month,Electronic check,0,Fiber optic,0,0,0,1,0,0,0,73.22,350.84,3,2,209.5,16,7.1,1
CUST-103930,5,0,0,0,Two year,Credit card (auto),1,No,0,0,0,0,0,0,0,18.0,89.69,1,1,121.6,87,5.4,0
CUST-103931,2,0,0,1,Month-to-month,Electronic check,0,Fiber optic,0,1,0,0,0,0,0,71.75,134.25,2,0,75.9,85,7.1,1
CUST-103932,13,0,0,0,Month-to-month,Credit card (auto),1,No,0,0,0,0,0,0,0,18.0,220.06,1,0,162.9,69,7.5,1
CUST-103933,24,0,1,0,Two year,Credit card (auto),0,No,0,0,0,0,0,0,0,18.0,404.72,3,1,111.2,27,3.9,0
CUST-103934,72,0,0,0,Month-to-month,Credit card (auto),1,DSL,1,1,0,1,0,1,0,66.96,4703.55,1,2,270.2,20,6.1,0
CUST-103935,6,0,1,0,Two year,Bank transfer (auto),1,Fiber optic,1,0,1,0,1,0,0,74.74,413.79,1,0,205.1,61,6.4,0
CUST-103936,24,0,1,0,Month-to-month,Bank transfer (auto),1,DSL,0,0,0,1,0,1,1,62.47,1406.3,2,0,150.8,81,6.7,0
CUST-103937,12,0,1,0,Month-to-month,Mailed check,0,No,1,0,0,0,0,0,0,36.6,419.95,1,1,193.7,79,7.3,0
CUST-103938,22,0,0,0,Month-to-month,Mailed check,0,No,0,0,0,0,0,0,0,18.0,375.87,1,2,177.3,55,6.7,0
CUST-103939,32,0,0,0,Month-to-month,Credit card (auto),0,Fiber optic,1,1,0,1,0,1,0,97.88,2882.54,3,0,71.7,10,7.1,0
CUST-103940,12,0,1,0,Two year,Mailed check,1,DSL,1,1,1,1,1,1,0,79.43,894.54,1,3,157.0,20,5.6,0
CUST-103941,2,0,0,1,Two year,Mailed check,0,Fiber optic,1,0,1,0,0,0,0,84.69,156.56,1,0,165.2,7,6.5,1
CUST-103942,36,0,0,0,One year,Credit card (auto),1,DSL,0,0,0,0,0,0,0,45.29,1530.39,1,1,249.7,60,7.5,0
CUST-103943,18,1,0,0,Month-to-month,Mailed check,1,Fiber optic,0,0,0,0,1,1,0,80.35,1390.06,0,1,37.1,41,8.0,0
CUST-103944,55,1,1,0,Month-to-month,Credit card (auto),1,No,0,0,0,0,0,0,0,25.2,1315.22,4,2,140.7,18,3.1,0
CUST-103945,5,0,1,1,Month-to-month,Electronic check,0,Fiber optic,0,0,0,0,1,0,0,75.81,373.74,0,0,278.3,4,8.0,1
CUST-103946,3,1,0,1,Month-to-month,Electronic check,0,Fiber optic,1,0,0,0,0,0,0,94.15,268.4,1,3,148.4,48,4.3,1
CUST-103947,4,0,1,0,Month-to-month,Bank transfer (auto),1,No,0,0,0,0,0,0,0,18.0,68.54,2,1,257.6,40,4.7,1
CUST-103948,72,0,1,1,Month-to-month,Mailed check,1,No,1,0,0,0,0,0,0,37.87,2577.23,4,0,219.2,49,7.1,0
CUST-103949,44,0,0,0,Month-to-month,Credit card (auto),1,DSL,1,0,1,0,0,1,0,61.23,2512.34,1,0,251.5,69,7.9,0
CUST-103950,7,1,0,1,One year,Electronic check,1,DSL,0,0,1,0,0,0,1,51.63,338.34,1,4,156.9,19,4.9,0
CUST-103951,9,0,0,0,Month-to-month,Electronic check,1,DSL,0,0,0,0,1,1,1,64.55,577.56,1,1,49.3,74,7.1,1
CUST-103952,24,0,1,0,Month-to-month,Credit card (auto),1,DSL,0,1,1,1,0,0,0,56.66,1306.35,3,0,165.3,71,6.9,0
CUST-103953,13,0,1,0,Month-to-month,Mailed check,1,DSL,1,0,0,0,0,1,0,67.94,877.02,3,1,225.6,42,4.8,1
CUST-103954,8,0,1,1,One year,Mailed check,0,Fiber optic,0,0,0,1,0,0,0,70.02,542.19,2,1,281.6,70,3.3,0
CUST-103955,9,0,1,0,One year,Electronic check,1,Fiber optic,0,0,0,1,0,1,0,86.62,738.7,1,2,101.5,47,6.7,1
CUST-103956,50,0,0,0,Month-to-month,Credit card (auto),0,DSL,0,1,0,1,0,1,0,62.11,3102.81,3,0,150.5,49,8.3,0
CUST-103957,27,0,1,0,Two year,Credit card (auto),0,Fiber optic,0,0,0,0,0,0,0,69.02,1724.49,4,3,145.8,3,4.2,0
CUST-103958,50,1,1,1,One year,Mailed check,1,Fiber optic,1,0,1,0,0,0,1,81.11,4030.95,1,0,328.8,30,6.8,0
CUST-103959,64,0,1,0,Month-to-month,Electronic check,1,DSL,1,0,0,0,0,0,0,47.08,2873.07,1,1,168.0,34,8.0,0
CUST-103960,26,0,0,1,Month-to-month,Credit card (auto),0,DSL,1,0,1,0,0,0,0,52.4,1339.69,4,0,206.8,35,7.6,0
CUST-103961,24,0,0,0,Two year,Credit card (auto),1,DSL,0,1,0,0,0,1,0,60.65,1432.75,2,0,198.0,3,7.2,0
CUST-103962,4,0,0,1,Month-to-month,Mailed check,1,Fiber optic,1,1,0,0,0,1,0,87.27,329.72,3,0,5.0,16,5.7,1
CUST-103963,17,0,0,0,Month-to-month,Bank transfer (auto),1,Fiber optic,0,0,0,0,0,1,0,79.24,1247.83,1,1,205.7,65,6.8,1
CUST-103964,9,0,1,0,Month-to-month,Mailed check,0,DSL,1,0,0,0,0,1,1,62.92,556.68,3,1,167.4,45,5.4,1
CUST-103965,60,0,1,0,Month-to-month,Electronic check,1,DSL,0,0,1,1,0,0,0,47.41,2784.45,2,3,84.9,56,5.3,0
CUST-103966,8,0,1,0,One year,Bank transfer (auto),1,DSL,1,1,1,0,0,0,0,64.13,482.9,0,1,373.2,46,7.9,0
CUST-103967,10,0,0,0,One year,Bank transfer (auto),0,DSL,0,0,0,0,0,0,0,48.68,480.83,0,2,313.9,78,7.2,0
CUST-103968,61,1,0,0,Two year,Bank transfer (auto),1,Fiber optic,1,1,1,0,0,0,1,81.01,4764.86,2,1,207.8,7,7.0,0
CUST-103969,72,0,0,0,One year,Credit card (auto),0,Fiber optic,0,1,0,0,1,1,1,84.43,5963.97,2,0,193.9,34,6.7,0
CUST-103970,24,0,1,0,One year,Mailed check,1,Fiber optic,0,0,0,0,0,1,1,74.12,1704.19,2,1,316.9,42,8.1,0
CUST-103971,20,0,1,0,Month-to-month,Credit card (auto),0,Fiber optic,0,0,1,0,0,0,1,71.47,1325.59,1,2,281.4,88,5.3,1
CUST-103972,8,0,0,0,Two year,Electronic check,1,DSL,0,0,0,0,0,0,1,50.37,373.49,2,1,153.4,0,3.9,1
CUST-103973,35,1,1,1,Month-to-month,Credit card (auto),1,DSL,1,0,0,1,0,0,1,63.65,2169.51,1,0,192.6,60,6.0,0
CUST-103974,17,0,1,0,Month-to-month,Electronic check,1,Fiber optic,0,1,1,0,0,0,0,86.88,1476.84,4,2,238.7,24,6.0,0
CUST-103975,18,0,0,0,Two year,Electronic check,1,Fiber optic,0,0,0,1,1,1,1,92.84,1641.06,1,1,119.1,35,6.7,0
CUST-103976,16,0,0,0,Two year,Bank transfer (auto),1,No,0,0,0,0,0,0,0,18.17,278.17,1,1,409.3,43,5.2,0
CUST-103977,15,0,0,1,Month-to-month,Electronic check,1,Fiber optic,1,0,0,1,0,0,0,80.68,1198.17,1,0,255.2,58,8.5,1
CUST-103978,8,0,0,1,Month-to-month,Electronic check,1,Fiber optic,1,0,0,0,1,0,0,93.14,714.47,3,2,140.0,67,3.4,1
CUST-103979,72,0,1,1,Month-to-month,Bank transfer (auto),1,No,1,0,0,0,0,0,0,31.04,2157.59,1,0,592.7,79,6.6,0
CUST-103980,32,0,0,0,One year,Electronic check,1,Fiber optic,0,1,1,0,1,1,0,94.9,2875.02,1,2,136.6,31,6.8,0
CUST-103981,72,0,1,0,Month-to-month,Credit card (auto),1,No,0,0,0,0,0,0,0,18.0,1262.69,5,0,274.6,42,8.5,0
CUST-103982,72,0,1,0,Month-to-month,Electronic check,0,DSL,0,0,1,1,0,1,0,48.99,3405.89,2,4,137.3,59,6.7,0
CUST-103983,11,0,1,1,Month-to-month,Mailed check,1,DSL,1,1,0,0,0,0,1,59.52,651.6,1,3,139.2,1,7.0,1
CUST-103984,16,0,1,0,Two year,Mailed check,0,Fiber optic,1,0,1,0,1,0,1,97.36,1482.47,0,0,220.4,42,10.0,0
CUST-103985,37,0,0,0,Two year,Mailed check,1,Fiber optic,0,0,1,1,1,0,1,97.55,3462.86,4,1,192.8,7,6.8,0
CUST-103986,10,0,1,0,Two year,Mailed check,1,Fiber optic,1,1,0,0,0,1,1,86.92,811.71,3,0,185.6,36,7.5,0
CUST-103987,61,0,0,1,One year,Mailed check,1,Fiber optic,1,0,0,0,0,1,1,90.17,5399.98,0,0,202.4,70,6.6,0
CUST-103988,15,0,1,0,Month-to-month,Electronic check,1,Fiber optic,1,1,0,0,0,0,1,89.48,1340.39,4,1,265.1,77,7.5,0
CUST-103989,11,0,0,1,Month-to-month,Electronic check,0,Fiber optic,1,1,1,1,0,1,0,89.02,977.52,5,3,294.2,40,3.6,1
CUST-103990,13,0,0,0,Month-to-month,Bank transfer (auto),1,DSL,0,0,1,1,0,1,1,57.89,721.11,5,0,479.1,32,4.6,1
CUST-103991,2,0,0,1,Month-to-month,Mailed check,0,Fiber optic,1,0,0,0,1,1,1,90.84,174.84,0,0,286.7,84,9.7,0
CUST-103992,9,0,1,0,One year,Mailed check,0,Fiber optic,0,1,1,1,0,1,0,80.34,682.54,2,1,159.1,40,6.4,0
CUST-103993,72,0,1,0,Month-to-month,Electronic check,1,DSL,1,0,0,0,0,0,0,68.2,4898.88,4,2,122.7,53,5.5,0
CUST-103994,13,0,1,1,Two year,Credit card (auto),0,DSL,0,1,1,0,0,0,0,47.64,575.5,2,1,262.1,53,8.8,0
CUST-103995,11,0,0,0,Month-to-month,Electronic check,1,Fiber optic,0,1,0,0,1,0,1,80.76,872.58,2,1,159.6,74,6.0,1
CUST-103996,22,0,1,0,Month-to-month,Credit card (auto),0,No,1,0,0,0,0,0,0,30.2,641.02,2,1,111.5,89,6.3,0
CUST-103997,21,0,1,0,One year,Electronic check,1,DSL,0,0,0,0,0,1,1,55.45,1131.41,2,1,66.8,76,4.4,0
CUST-103998,3,0,0,0,One year,Credit card (auto),1,DSL,0,0,1,0,0,0,1,57.7,168.01,4,0,162.4,52,6.9,0
CUST-103999,26,0,0,0,Month-to-month,Mailed check,1,DSL,0,0,1,0,1,0,0,47.92,1189.74,1,1,44.8,41,8.1,0
CUST-104000,3,0,0,0,One year,Bank transfer (auto),0,DSL,1,0,0,0,1,1,0,53.86,155.38,1,1,238.9,47,7.5,0
CUST-104001,5,0,1,0,One year,Electronic check,1,Fiber optic,0,0,1,1,0,0,1,84.1,410.32,3,3,71.6,4,4.4,1
CUST-104002,1,0,0,0,Month-to-month,Credit card (auto),1,DSL,0,0,1,0,0,0,0,44.06,43.89,6,0,258.4,25,5.7,1
CUST-104003,37,0,0,0,Month-to-month,Electronic check,0,Fiber optic,0,0,0,0,0,0,0,65.62,2313.03,2,2,302.8,8,5.0,0
CUST-104004,30,0,1,0,Two year,Bank transfer (auto),1,No,1,0,0,0,0,0,0,23.19,664.86,3,0,164.8,70,4.3,0
CUST-104005,10,0,1,1,Month-to-month,Electronic check,0,Fiber optic,1,1,1,0,0,0,1,86.68,809.63,2,1,5.0,49,7.7,1
CUST-104006,26,0,0,0,Month-to-month,Bank transfer (auto),1,Fiber optic,1,1,0,0,0,0,0,73.79,1868.39,3,1,345.5,66,6.3,0
CUST-104007,53,0,1,1,Month-to-month,Bank transfer (auto),0,No,0,0,0,0,0,0,0,18.0,947.76,3,2,184.3,7,5.2,0
CUST-104008,5,0,0,1,Month-to-month,Mailed check,1,Fiber optic,1,0,0,0,0,1,0,80.3,386.48,0,0,256.6,1,8.0,0
CUST-104009,11,0,1,0,Two year,Bank transfer (auto),0,DSL,1,1,0,0,0,0,0,64.3,664.28,1,1,66.5,71,5.2,0
CUST-104010,3,0,0,1,Month-to-month,Bank transfer (auto),0,DSL,0,0,1,0,1,1,1,75.18,215.85,1,3,320.9,73,7.7,1
CUST-104011,0,0,0,0,Two year,Mailed check,1,No,0,0,0,0,0,0,0,25.55,24.48,4,1,5.0,4,6.4,0
CUST-104012,4,0,1,0,Two year,Electronic check,0,No,0,0,0,0,0,0,0,21.45,80.57,2,3,44.8,79,3.8,1
CUST-104013,24,0,0,0,Month-to-month,Mailed check,0,DSL,0,0,0,0,1,0,0,55.63,1287.84,3,0,304.6,44,8.1,1
CUST-104014,19,0,1,0,One year,Bank transfer (auto),0,Fiber optic,0,0,1,1,0,1,0,82.56,1520.5,3,0,79.3,46,9.3,0
CUST-104015,13,0,0,0,Two year,Electronic check,0,DSL,1,0,1,1,1,1,0,72.54,886.78,1,2,261.4,67,8.6,0
CUST-104016,21,0,0,0,Two year,Bank transfer (auto),0,DSL,0,1,0,1,0,1,0,62.81,1261.36,2,0,236.1,80,8.4,0
CUST-104017,45,0,1,0,One year,Electronic check,1,No,0,0,0,0,0,0,0,23.25,1017.04,3,3,249.5,84,5.3,0
CUST-104018,20,0,1,0,Month-to-month,Credit card (auto),0,Fiber optic,1,0,1,1,1,0,0,97.24,1930.46,1,0,293.4,70,4.8,0
CUST-104019,33,0,1,0,Month-to-month,Bank transfer (auto),0,DSL,0,0,0,1,0,0,1,58.07,1776.73,2,0,84.2,66,6.4,0
CUST-104020,15,0,1,0,Month-to-month,Mailed check,1,Fiber optic,0,0,1,0,0,1,0,74.6,1109.83,4,3,340.6,72,4.9,1
CUST-104021,1,0,0,0,One year,Credit card (auto),1,No,1,0,0,0,0,0,0,31.86,29.65,6,0,169.9,71,4.8,1
CUST-104022,13,0,0,1,Month-to-month,Credit card (auto),1,No,0,0,0,0,0,0,0,18.0,224.52,3,1,250.3,0,5.3,0
CUST-104023,47,0,0,0,One year,Electronic check,0,Fiber optic,0,0,0,1,0,1,0,83.39,3881.83,5,4,347.0,53,4.9,0
CUST-104024,22,0,1,0,One year,Electronic check,0,No,0,0,0,0,0,0,0,18.0,393.47,2,1,192.7,60,5.4,0
CUST-104025,72,0,0,0,Month-to-month,Mailed check,0,Fiber optic,0,0,0,0,1,0,0,66.75,4725.53,1,0,411.8,50,6.2,0
CUST-104026,24,0,0,1,Two year,Mailed check,1,No,0,0,0,0,0,0,0,18.0,400.67,3,0,5.0,5,5.9,0
CUST-104027,39,1,1,0,Month-to-month,Electronic check,1,Fiber optic,0,1,0,0,0,1,0,91.95,3389.42,1,1,348.3,75,6.7,1
CUST-104028,43,0,0,0,Month-to-month,Mailed check,1,Fiber optic,0,1,0,0,0,1,1,77.2,3105.31,8,1,140.6,39,3.7,1
CUST-104029,18,1,1,1,Two year,Electronic check,0,No,1,0,0,0,0,0,0,33.68,583.0,2,1,72.6,56,8.0,0
CUST-104030,16,1,0,0,Month-to-month,Electronic check,0,Fiber optic,0,1,1,0,1,1,1,96.55,1469.52,1,1,437.4,22,7.8,1
CUST-104031,24,0,0,1,Month-to-month,Electronic check,0,Fiber optic,0,0,1,0,0,0,0,80.03,1908.21,1,2,66.4,59,7.3,0
CUST-104032,42,0,0,0,Two year,Electronic check,1,No,1,0,0,0,0,0,0,21.95,865.77,1,1,92.6,1,7.8,0
CUST-104033,33,0,0,1,Two year,Mailed check,0,No,1,0,0,0,0,0,0,25.48,830.6,3,0,273.3,69,5.6,0
CUST-104034,32,1,1,0,Two year,Electronic check,0,Fiber optic,0,0,0,0,0,0,0,64.16,1947.65,0,0,265.2,62,9.5,0
CUST-104035,4,0,0,0,Month-to-month,Electronic check,0,Fiber optic,0,1,1,1,0,1,0,93.91,371.77,2,1,160.9,74,7.4,1
CUST-104036,12,0,1,0,Month-to-month,Credit card (auto),0,No,1,0,0,0,0,0,0,36.88,416.28,2,0,69.1,42,7.2,0
CUST-104037,29,1,1,0,Month-to-month,Bank transfer (auto),1,Fiber optic,1,0,1,0,0,1,1,91.21,2522.02,2,0,155.9,0,5.0,1
CUST-104038,16,0,0,0,Month-to-month,Credit card (auto),0,Fiber optic,0,0,0,0,1,1,0,91.85,1397.24,2,0,152.4,12,5.7,0
CUST-104039,61,1,1,1,Two year,Credit card (auto),1,DSL,1,0,1,0,0,1,1,68.05,4072.0,7,0,76.9,66,5.4,1
CUST-104040,1,0,1,1,Month-to-month,Bank transfer (auto),0,DSL,0,0,1,0,0,0,0,48.24,46.78,3,0,131.6,52,4.8,1
CUST-104041,9,0,0,1,One year,Credit card (auto),0,DSL,1,0,1,0,1,1,1,71.57,641.17,0,1,295.7,11,6.7,0
CUST-104042,1,0,1,0,Month-to-month,Electronic check,0,Fiber optic,0,1,1,0,0,0,0,81.89,76.38,2,3,240.6,0,6.2,1
CUST-104043,8,0,0,1,Month-to-month,Bank transfer (auto),1,Fiber optic,1,0,1,1,0,0,0,78.12,624.96,3,1,252.6,9,5.5,0
CUST-104044,0,0,1,1,Month-to-month,Bank transfer (auto),0,DSL,0,1,0,0,0,0,1,55.55,51.51,6,1,138.5,11,6.1,1
CUST-104045,72,0,0,0,Month-to-month,Bank transfer (auto),1,DSL,0,1,0,0,1,1,1,62.02,4299.46,3,0,94.1,32,8.0,0
CUST-104046,24,0,1,0,Month-to-month,Electronic check,0,Fiber optic,0,0,0,1,0,0,1,77.4,1739.81,3,0,331.7,34,4.8,1
CUST-104047,21,0,1,0,Two year,Credit card (auto),0,DSL,1,0,0,1,0,0,1,61.19,1231.63,3,0,119.2,55,5.6,0
CUST-104048,22,0,1,0,One year,Mailed check,1,No,0,0,0,0,0,0,0,25.84,557.72,3,1,70.5,18,5.5,0
CUST-104049,9,1,1,0,One year,Credit card (auto),0,DSL,1,0,0,0,0,1,0,57.5,495.92,2,2,211.0,65,5.7,0
CUST-104050,5,0,0,0,Month-to-month,Credit card (auto),0,No,0,0,0,0,0,0,0,18.0,88.97,1,3,178.4,39,6.5,1
CUST-104051,26,0,1,0,One year,Credit card (auto),0,Fiber optic,0,0,1,1,1,0,1,88.41,2244.55,2,0,119.2,87,3.6,0
CUST-104052,4,0,0,0,One year,Electronic check,1,No,0,0,0,0,0,0,0,18.5,71.11,5,0,82.5,47,5.4,0
CUST-104053,1,0,0,1,Month-to-month,Mailed check,0,Fiber optic,1,0,1,1,1,1,0,95.99,95.55,2,1,77.7,68,3.5,1
CUST-104054,10,0,0,0,One year,Bank transfer (auto),0,No,1,0,0,0,0,0,0,27.49,270.7,3,1,214.1,33,6.6,0
CUST-104055,22,0,1,1,Two year,Bank transfer (auto),0,Fiber optic,1,0,1,0,0,0,0,84.57,1853.17,3,0,101.6,28,5.5,0
CUST-104056,2,0,1,0,Two year,Mailed check,1,Fiber optic,1,1,1,0,1,0,1,87.61,168.78,1,0,306.2,3,7.7,0
CUST-104057,44,1,0,1,Two year,Bank transfer (auto),0,DSL,0,0,1,1,0,1,1,54.82,2399.47,1,0,264.9,69,6.5,0
CUST-104058,20,0,1,1,Month-to-month,Credit card (auto),1,Fiber optic,0,1,0,0,0,1,0,78.4,1460.47,5,2,198.6,66,6.4,1
CUST-104059,64,1,1,1,Month-to-month,Electronic check,0,DSL,0,0,1,0,0,1,1,56.88,3622.54,1,1,189.0,61,5.7,0
CUST-104060,1,0,0,0,Month-to-month,Electronic check,1,No,0,0,0,0,0,0,0,18.0,17.29,3,0,317.6,16,5.8,1
CUST-104061,0,1,0,0,Month-to-month,Bank transfer (auto),1,Fiber optic,0,0,0,1,0,0,0,62.19,57.24,4,0,308.9,77,6.6,0
CUST-104062,7,0,1,0,Month-to-month,Bank transfer (auto),1,Fiber optic,0,0,0,0,1,0,1,80.44,554.55,0,0,307.7,27,10.0,0
CUST-104063,1,0,1,0,Month-to-month,Credit card (auto),0,DSL,1,0,1,0,1,0,0,59.24,58.73,1,0,279.7,51,6.3,1
CUST-104064,39,1,0,1,One year,Bank transfer (auto),0,DSL,0,0,1,0,0,1,0,55.94,2104.63,2,1,156.0,6,7.7,0
CUST-104065,32,1,0,0,Month-to-month,Mailed check,0,Fiber optic,1,0,1,1,1,1,1,102.06,3121.14,1,2,363.1,24,5.1,0
CUST-104066,13,0,0,0,One year,Bank transfer (auto),1,Fiber optic,1,0,0,1,0,0,0,86.73,1116.54,2,1,191.5,46,5.3,1
CUST-104067,5,0,0,1,Two year,Credit card (auto),1,Fiber optic,1,0,0,0,0,1,0,76.06,351.44,2,1,186.6,1,8.4,0
CUST-104068,19,0,0,0,Month-to-month,Mailed check,1,No,1,0,0,0,0,0,0,28.09,527.23,1,1,146.7,77,6.8,0
CUST-104069,20,0,0,1,Month-to-month,Electronic check,0,DSL,1,0,1,0,0,0,1,74.48,1454.75,1,2,120.2,52,6.4,1
CUST-104070,38,1,0,0,One year,Bank transfer (auto),1,Fiber optic,0,0,1,0,0,0,1,80.43,2959.08,0,1,193.9,78,6.4,0
CUST-104071,5,0,1,0,Month-to-month,Electronic check,0,DSL,1,0,1,0,0,1,1,75.42,364.63,4,1,115.2,37,4.8,1
CUST-104072,33,0,0,0,Month-to-month,Credit card (auto),1,Fiber optic,1,0,0,0,0,0,0,82.17,2554.44,6,1,135.6,40,4.2,1
CUST-104073,28,0,0,0,Two year,Electronic check,0,Fiber optic,1,1,0,1,0,0,0,81.63,2138.92,2,1,302.5,58,8.0,0
CUST-104074,14,0,0,1,Month-to-month,Mailed check,1,Fiber optic,1,0,0,1,0,0,1,101.41,1372.35,1,1,236.9,77,5.3,1
CUST-104075,1,0,1,1,One year,Credit card (auto),1,Fiber optic,1,0,0,0,1,0,0,90.81,86.11,3,1,232.1,12,4.8,0
CUST-104076,3,0,0,0,Two year,Electronic check,1,DSL,0,0,0,0,0,0,0,37.25,105.11,2,1,50.3,47,5.1,1
CUST-104077,3,1,0,0,Month-to-month,Electronic check,1,DSL,0,0,0,1,0,0,0,48.54,140.66,2,3,398.5,18,5.3,1
CUST-104078,19,0,0,1,One year,Electronic check,1,DSL,0,0,1,1,0,1,0,69.18,1266.31,3,2,117.0,48,3.1,1
CUST-104079,46,0,1,0,Month-to-month,Credit card (auto),0,Fiber optic,0,0,1,0,1,1,0,87.33,3800.33,2,2,169.9,20,5.0,0
CUST-104080,26,0,0,0,Month-to-month,Credit card (auto),0,DSL,1,0,0,0,1,0,0,46.44,1172.71,3,1,189.4,73,6.7,0
CUST-104081,7,0,0,0,Month-to-month,Mailed check,1,Fiber optic,1,0,1,0,0,1,0,82.8,535.45,3,1,212.2,14,6.4,1
CUST-104082,23,1,1,1,One year,Bank transfer (auto),0,Fiber optic,0,0,0,0,0,0,0,65.25,1490.13,0,1,191.7,25,8.6,0
CUST-104083,28,0,1,0,One year,Bank transfer (auto),1,Fiber optic,1,0,1,1,0,0,0,95.89,2500.2,1,0,140.3,68,7.2,1
CUST-104084,72,0,0,0,Two year,Electronic check,0,Fiber optic,0,0,0,1,1,1,0,86.59,6175.19,2,1,109.0,2,7.5,0
CUST-104085,1,0,0,1,One year,Electronic check,1,No,0,0,0,0,0,0,0,18.15,17.36,3,1,135.9,35,7.5,0
CUST-104086,20,0,1,1,Month-to-month,Credit card (auto),1,No,0,0,0,0,0,0,0,18.0,353.35,5,0,5.0,5,5.0,0
CUST-104087,53,0,1,0,Two year,Electronic check,0,Fiber optic,0,0,0,0,1,0,0,78.52,4042.03,1,2,323.6,10,8.1,0
CUST-104088,1,0,1,0,Month-to-month,Mailed check,1,No,1,0,0,0,0,0,0,27.26,26.26,0,1,406.3,78,7.7,0
CUST-104089,7,0,1,1,One year,Electronic check,1,No,0,0,0,0,0,0,0,21.08,146.0,2,1,347.4,4,6.0,0
CUST-104090,23,0,1,0,Month-to-month,Bank transfer (auto),0,DSL,0,0,0,0,0,0,0,48.64,1044.33,4,0,257.4,12,6.9,0
CUST-104091,12,1,1,1,One year,Electronic check,0,Fiber optic,1,0,1,1,0,1,0,92.54,1109.38,1,1,249.3,61,4.7,1
CUST-104092,17,0,0,0,Two year,Electronic check,0,Fiber optic,0,0,0,1,0,0,0,66.36,1111.56,1,0,211.2,47,6.7,0
CUST-104093,16,1,1,0,Month-to-month,Electronic check,0,No,0,0,0,0,0,0,0,25.13,399.85,2,0,207.1,29,6.3,0
CUST-104094,27,0,1,1,Month-to-month,Credit card (auto),1,No,1,0,0,0,0,0,0,34.21,921.33,3,3,155.5,11,6.6,0
CUST-104095,10,0,1,0,Month-to-month,Electronic check,0,Fiber optic,1,0,1,0,0,0,0,95.14,890.21,2,1,130.4,64,6.3,1
CUST-104096,29,1,0,0,Month-to-month,Mailed check,0,Fiber optic,1,0,0,1,1,1,0,87.75,2539.06,6,0,5.0,31,6.1,0
CUST-104097,36,0,0,0,Month-to-month,Mailed check,1,Fiber optic,1,0,0,0,0,0,1,90.2,3136.03,2,0,183.8,34,7.7,0
CUST-104098,22,0,1,1,One year,Electronic check,1,Fiber optic,0,0,0,0,0,0,1,82.17,1749.57,1,2,167.7,1,6.3,0
CUST-104099,9,0,1,0,Month-to-month,Credit card (auto),0,Fiber optic,0,1,0,0,0,0,1,85.4,724.58,4,0,194.4,50,3.8,1
CUST-104100,52,0,0,1,Month-to-month,Electronic check,0,Fiber optic,0,0,1,0,0,0,1,79.96,3888.74,3,2,230.4,82,5.8,0
CUST-104101,1,0,1,0,One year,Bank transfer (auto),1,No,0,0,0,0,0,0,0,18.0,16.81,4,1,203.6,79,4.1,0
CUST-104102,16,0,0,0,One year,Bank transfer (auto),0,Fiber optic,1,0,1,0,0,0,0,80.75,1191.92,3,0,200.2,63,6.3,0
CUST-104103,33,0,0,1,Month-to-month,Credit card (auto),1,DSL,0,0,0,1,0,1,1,51.78,1621.82,5,0,126.6,62,5.7,0
CUST-104104,11,0,1,1,Two year,Credit card (auto),1,DSL,1,0,0,0,0,0,1,48.45,525.24,3,1,187.8,38,7.6,0
CUST-104105,10,0,1,1,Two year,Electronic check,0,Fiber optic,0,0,0,1,0,1,1,88.02,861.74,4,1,210.7,28,5.6,0
CUST-104106,3,0,0,0,Two year,Bank transfer (auto),1,Fiber optic,1,1,0,0,0,1,1,86.47,239.32,3,0,126.7,52,6.1,0
CUST-104107,14,1,0,0,Month-to-month,Credit card (auto),1,Fiber optic,0,1,0,0,0,0,1,67.12,925.49,2,4,154.7,75,4.9,1
CUST-104108,64,0,0,0,Month-to-month,Credit card (auto),0,Fiber optic,0,0,0,1,0,1,0,79.75,4923.24,2,1,14.1,24,6.5,0
CUST-104109,1,1,1,0,Month-to-month,Credit card (auto),1,No,1,0,0,0,0,0,0,32.88,31.03,3,0,365.5,21,7.6,0
CUST-104110,1,0,1,0,Two year,Bank transfer (auto),0,No,1,0,0,0,0,0,0,31.79,30.51,1,0,68.0,16,5.4,0
CUST-104111,55,0,1,0,Two year,Mailed check,0,Fiber optic,0,0,0,0,0,0,0,64.09,3248.33,1,0,249.5,43,7.6,0
CUST-104112,72,0,1,0,One year,Electronic check,0,Fiber optic,1,1,0,0,0,0,0,78.9,5427.43,5,2,240.6,37,4.6,0
CUST-104113,23,1,0,0,Month-to-month,Credit card (auto),0,Fiber optic,1,0,1,0,1,0,0,89.48,1941.01,1,2,108.7,68,6.5,1
CUST-104114,72,0,0,0,Month-to-month,Credit card (auto),0,Fiber optic,0,0,0,1,0,0,0,79.94,5577.81,2,0,267.4,17,5.5,0
CUST-104115,19,1,1,0,One year,Electronic check,0,DSL,0,0,0,0,1,0,0,52.13,974.48,1,2,226.8,79,5.4,0
CUST-104116,20,0,0,0,Month-to-month,Bank transfer (auto),0,Fiber optic,0,0,1,1,0,1,0,88.75,1708.79,5,0,74.5,30,5.7,1
CUST-104117,31,0,0,0,Month-to-month,Electronic check,1,Fiber optic,0,0,1,0,0,0,0,73.51,2210.18,5,3,146.0,52,4.9,1
CUST-104118,72,0,1,0,One year,Electronic check,0,Fiber optic,0,0,1,0,0,0,1,81.4,5850.88,3,0,141.2,19,5.9,0
CUST-104119,8,1,1,1,One year,Mailed check,1,Fiber optic,1,0,1,1,0,1,1,97.31,761.79,4,1,229.6,3,6.1,0
CUST-104120,18,0,0,0,Month-to-month,Electronic check,1,DSL,0,1,1,0,1,0,0,51.91,874.43,1,0,239.5,0,5.7,0
CUST-104121,65,1,0,1,One year,Bank transfer (auto),1,DSL,0,0,0,0,0,1,0,38.92,2522.39,2,0,129.6,17,6.8,0
CUST-104122,61,0,1,0,Month-to-month,Electronic check,1,No,1,0,0,0,0,0,0,22.85,1310.18,5,2,229.5,41,5.7,0
CUST-104123,54,0,0,1,Month-to-month,Bank transfer (auto),1,Fiber optic,0,0,0,0,0,1,0,70.09,3630.77,3,0,159.5,45,5.2,0
CUST-104124,29,0,0,1,Month-to-month,Bank transfer (auto),0,DSL,0,1,0,1,0,0,0,61.99,1772.92,0,1,204.7,1,7.3,0
CUST-104125,29,0,1,1,Month-to-month,Credit card (auto),1,Fiber optic,1,1,1,1,1,0,0,95.29,2656.94,5,1,230.3,35,6.9,1
CUST-104126,19,0,1,1,Month-to-month,Electronic check,0,DSL,1,0,0,1,0,0,1,56.95,1065.19,4,0,247.3,32,4.8,1
CUST-104127,2,0,0,1,Month-to-month,Electronic check,0,Fiber optic,1,1,0,0,0,1,0,85.83,166.46,3,2,138.4,39,6.6,1
CUST-104128,11,0,0,0,Month-to-month,Bank transfer (auto),0,DSL,1,1,0,0,1,0,0,63.22,683.78,6,0,47.6,26,5.5,1
CUST-104129,33,0,0,0,Month-to-month,Bank transfer (auto),1,No,0,0,0,0,0,0,0,18.0,563.3,3,1,166.2,29,6.6,0
CUST-104130,11,0,0,0,Month-to-month,Mailed check,1,DSL,0,1,0,1,0,0,0,50.5,554.49,2,0,188.9,1,6.7,0
CUST-104131,8,0,1,1,One year,Mailed check,1,Fiber optic,0,1,0,0,1,0,1,81.09,620.77,0,2,5.0,11,5.8,0
CUST-104132,1,0,1,1,Month-to-month,Credit card (auto),0,Fiber optic,0,0,0,0,0,1,0,75.75,72.85,2,0,152.0,25,6.0,0
CUST-104133,40,0,0,0,Month-to-month,Electronic check,1,DSL,0,0,0,0,0,0,0,43.93,1681.24,3,1,119.4,4,5.8,1
CUST-104134,19,0,1,0,Month-to-month,Electronic check,1,DSL,0,0,0,1,1,0,1,55.66,982.23,0,2,117.7,35,5.1,0
CUST-104135,12,0,0,0,Month-to-month,Credit card (auto),1,DSL,0,0,0,1,1,0,1,53.88,600.84,2,1,98.3,35,9.5,0
CUST-104136,26,0,1,0,One year,Credit card (auto),0,DSL,1,1,1,1,0,1,1,77.47,1860.85,2,1,230.4,3,6.1,0
CUST-104137,4,0,1,0,Two year,Electronic check,1,Fiber optic,0,0,0,1,1,1,1,85.64,336.16,3,2,64.8,12,6.1,0
CUST-104138,50,0,0,0,Month-to-month,Credit card (auto),1,No,0,0,0,0,0,0,0,23.38,1091.66,4,0,230.4,89,5.4,0
CUST-104139,20,0,0,1,Month-to-month,Electronic check,1,Fiber optic,0,1,0,0,0,1,0,88.41,1738.46,2,0,269.1,50,5.5,1
CUST-104140,48,0,1,0,Month-to-month,Credit card (auto),1,Fiber optic,0,0,1,0,0,0,0,67.77,3231.7,3,1,298.3,10,6.2,1
CUST-104141,1,0,0,1,Month-to-month,Bank transfer (auto),0,Fiber optic,0,0,0,0,0,1,0,73.02,68.48,7,1,199.4,28,4.7,1
CUST-104142,4,0,0,0,Two year,Mailed check,1,DSL,1,0,0,1,0,0,1,52.39,195.45,1,1,294.1,49,3.6,1
CUST-104143,3,0,0,0,One year,Credit card (auto),1,Fiber optic,0,0,0,0,0,0,0,68.54,203.39,1,1,150.4,86,6.3,0
CUST-104144,6,0,0,0,One year,Credit card (auto),1,No,0,0,0,0,0,0,0,31.32,187.61,4,2,176.7,70,5.6,0
CUST-104145,30,0,0,0,Two year,Electronic check,1,DSL,0,0,0,0,0,0,1,53.06,1571.36,2,2,256.7,85,4.9,0
CUST-104146,3,0,0,0,One year,Bank transfer (auto),0,DSL,1,0,0,1,0,1,0,57.98,164.86,0,1,188.8,52,5.0,1
CUST-104147,72,1,0,1,Month-to-month,Credit card (auto),0,DSL,0,0,0,1,0,1,0,56.76,3933.09,3,1,116.8,24,7.2,0
CUST-104148,23,0,0,0,One year,Bank transfer (auto),0,Fiber optic,0,1,0,0,0,0,0,67.72,1470.25,0,2,79.7,82,6.7,0
CUST-104149,37,0,1,0,One year,Electronic check,1,No,0,0,0,0,0,0,0,18.0,641.64,2,1,249.3,47,3.9,0
CUST-104150,72,0,1,0,Month-to-month,Electronic check,0,Fiber optic,0,0,0,1,0,1,1,87.43,6008.88,3,2,193.1,49,6.2,0
CUST-104151,10,0,1,0,One year,Credit card (auto),0,Fiber optic,0,0,0,1,1,0,0,77.12,761.3,2,0,181.0,8,5.4,0
CUST-104152,29,0,1,0,Month-to-month,Mailed check,0,Fiber optic,0,0,1,0,0,1,0,77.66,2240.63,2,0,228.2,40,8.5,0
CUST-104153,2,0,1,0,Month-to-month,Mailed check,1,No,0,0,0,0,0,0,0,19.7,37.31,1,0,87.5,22,6.2,1
CUST-104154,1,0,0,0,One year,Bank transfer (auto),0,Fiber optic,0,0,1,1,1,0,0,81.96,81.8,4,1,216.0,55,3.4,1
CUST-104155,16,0,0,1,Month-to-month,Electronic check,0,DSL,0,1,0,0,0,1,0,61.83,977.83,2,1,173.2,2,8.1,1
CUST-104156,25,0,0,0,Month-to-month,Electronic check,1,DSL,0,0,0,0,0,1,1,45.24,1113.98,2,1,83.5,83,6.2,1
CUST-104157,30,0,0,0,Month-to-month,Electronic check,1,DSL,0,0,1,0,1,1,1,58.18,1741.04,1,3,135.8,12,5.7,1
CUST-104158,48,0,1,0,One year,Electronic check,0,No,0,0,0,0,0,0,0,21.36,962.61,2,1,297.9,70,6.4,0
CUST-104159,40,0,0,0,Two year,Credit card (auto),1,Fiber optic,0,1,0,0,1,0,0,72.0,2773.68,1,0,127.7,7,8.1,0
CUST-104160,21,0,1,0,One year,Electronic check,1,DSL,1,0,0,0,0,0,1,52.93,1109.15,1,2,202.3,43,8.8,0
CUST-104161,15,0,0,1,One year,Electronic check,0,No,0,0,0,0,0,0,0,25.16,364.37,4,1,253.9,19,4.8,0
CUST-104162,12,0,0,1,Month-to-month,Bank transfer (auto),1,No,1,0,0,0,0,0,0,22.94,253.48,2,2,134.2,1,4.8,1
CUST-104163,0,0,0,0,One year,Credit card (auto),1,DSL,0,0,0,1,0,0,0,54.41,53.52,1,0,370.1,73,10.0,0
CUST-104164,28,0,0,0,Month-to-month,Electronic check,1,DSL,1,0,1,0,0,0,0,49.43,1375.63,3,2,262.3,12,4.0,0
CUST-104165,46,0,0,0,Month-to-month,Electronic check,0,No,1,0,0,0,0,0,0,40.33,1784.57,1,2,138.3,79,6.1,0
CUST-104166,36,0,1,0,One year,Bank transfer (auto),1,DSL,1,1,0,0,1,1,1,75.08,2658.27,1,1,189.8,44,6.4,0
CUST-104167,10,0,0,1,Month-to-month,Mailed check,0,DSL,0,0,0,0,0,0,0,49.22,466.67,6,0,5.0,75,3.9,1
CUST-104168,15,0,1,0,Two year,Bank transfer (auto),1,Fiber optic,1,0,1,0,1,0,1,89.17,1330.58,0,0,214.6,57,7.0,0
CUST-104169,11,1,1,1,Month-to-month,Electronic check,1,Fiber optic,0,0,0,1,1,0,0,79.06,800.49,4,2,405.3,51,4.6,1
CUST-104170,14,0,0,0,One year,Credit card (auto),1,Fiber optic,0,1,0,0,0,1,0,95.19,1267.92,4,0,192.4,10,6.5,0
CUST-104171,19,0,1,0,Month-to-month,Bank transfer (auto),1,DSL,1,1,0,0,0,0,0,50.94,925.9,0,0,134.3,1,7.4,0
CUST-104172,2,0,0,1,One year,Credit card (auto),1,Fiber optic,0,0,0,0,1,0,0,71.11,139.35,0,0,217.0,23,7.2,0
CUST-104173,7,0,0,0,One year,Credit card (auto),1,No,0,0,0,0,0,0,0,18.01,118.14,3,0,23.7,4,6.7,0
CUST-104174,3,0,0,1,Month-to-month,Bank transfer (auto),1,DSL,0,0,0,0,1,1,0,55.03,152.83,4,0,293.9,23,3.7,1
CUST-104175,0,0,1,1,Two year,Electronic check,1,DSL,0,1,1,0,0,1,0,62.63,62.0,2,1,163.5,46,6.4,0
CUST-104176,9,1,1,0,One year,Bank transfer (auto),0,Fiber optic,0,0,0,0,0,0,1,77.48,656.97,3,0,108.7,24,5.7,1
CUST-104177,13,0,1,0,Month-to-month,Bank transfer (auto),0,DSL,1,0,0,1,0,0,0,51.04,645.08,4,1,120.5,1,5.4,0
CUST-104178,12,1,1,0,One year,Electronic check,1,Fiber optic,1,1,0,0,0,1,1,96.12,1122.21,3,1,214.7,38,6.7,0
CUST-104179,1,0,0,0,Month-to-month,Electronic check,1,DSL,1,0,0,0,0,1,0,62.08,61.92,3,1,258.4,9,6.2,0
CUST-104180,41,0,1,0,One year,Electronic check,1,No,1,0,0,0,0,0,0,28.44,1161.52,1,3,175.3,73,7.5,0
CUST-104181,4,0,1,0,Month-to-month,Credit card (auto),1,DSL,0,0,0,1,0,0,0,45.74,168.73,1,1,242.4,6,6.2,0
CUST-104182,22,0,0,0,Two year,Credit card (auto),1,DSL,0,1,0,0,1,0,1,60.22,1233.63,0,0,221.5,23,7.7,0
CUST-104183,23,0,0,1,Month-to-month,Bank transfer (auto),0,DSL,0,0,0,0,0,0,0,43.32,929.87,2,0,69.4,44,6.9,1
CUST-104184,3,0,0,1,One year,Bank transfer (auto),1,DSL,1,0,0,0,0,1,0,57.22,168.33,2,0,250.0,24,4.4,1
CUST-104185,1,0,0,0,Two year,Bank transfer (auto),0,Fiber optic,0,1,1,0,0,0,1,83.62,81.32,5,1,215.9,79,7.1,1
CUST-104186,1,0,1,0,Two year,Credit card (auto),1,Fiber optic,0,1,0,0,0,0,0,69.26,65.23,0,1,163.5,14,7.8,0
CUST-104187,8,0,0,0,One year,Electronic check,1,No,1,0,0,0,0,0,0,28.23,217.63,0,1,284.9,79,6.3,1
CUST-104188,21,0,0,0,One year,Electronic check,1,Fiber optic,0,0,1,0,0,0,0,80.92,1653.18,4,1,174.8,34,5.2,0
CUST-104189,3,0,1,1,Month-to-month,Bank transfer (auto),1,Fiber optic,1,0,0,0,0,0,1,86.58,245.41,5,0,238.6,68,6.7,1
CUST-104190,2,0,1,1,Month-to-month,Credit card (auto),0,No,1,0,0,0,0,0,0,26.85,52.05,4,0,59.2,6,4.9,1
CUST-104191,21,0,1,1,One year,Credit card (auto),0,DSL,0,0,0,0,0,0,0,43.54,853.76,0,0,299.8,41,8.5,0
CUST-104192,4,0,1,0,One year,Credit card (auto),1,Fiber optic,0,0,0,1,1,0,0,89.55,346.92,1,0,317.1,40,8.7,1
CUST-104193,40,1,1,1,Month-to-month,Bank transfer (auto),1,Fiber optic,1,0,1,1,0,1,1,90.79,3559.81,1,0,69.6,48,6.2,1
CUST-104194,16,0,0,1,One year,Electronic check,1,DSL,0,1,0,1,0,1,1,66.88,1045.08,1,2,76.3,18,5.4,0
CUST-104195,21,0,1,0,Month-to-month,Electronic check,1,Fiber optic,1,1,0,0,0,1,0,94.32,1834.77,3,2,196.7,53,7.2,0
CUST-104196,50,0,0,0,One year,Mailed check,0,No,1,0,0,0,0,0,0,21.41,1008.43,2,0,330.5,21,7.4,0
CUST-104197,4,0,0,0,Month-to-month,Bank transfer (auto),1,Fiber optic,0,1,0,1,0,0,0,78.01,310.87,1,0,277.9,70,7.1,1
CUST-104198,20,0,1,0,Two year,Mailed check,1,Fiber optic,0,0,0,1,0,1,0,85.67,1615.03,0,1,182.1,4,7.2,0
CUST-104199,10,0,1,0,Month-to-month,Electronic check,0,Fiber optic,1,0,0,0,0,1,0,78.15,724.93,1,1,187.3,84,6.2,1
CUST-104200,3,0,1,0,Month-to-month,Mailed check,1,Fiber optic,0,0,0,0,0,0,0,70.91,200.31,7,0,105.4,0,4.9,1
CUST-104201,22,0,0,0,One year,Credit card (auto),1,DSL,1,0,1,0,0,1,0,53.63,1147.11,1,0,240.5,56,8.1,0
CUST-104202,1,0,1,1,Month-to-month,Electronic check,1,DSL,1,1,1,1,1,1,1,77.6,77.51,3,0,91.1,88,8.1,1
CUST-104203,45,0,0,1,Month-to-month,Bank transfer (auto),0,DSL,1,0,1,1,0,0,0,70.39,3119.23,0,0,307.3,18,8.4,0
CUST-104204,28,0,0,1,One year,Electronic check,0,Fiber optic,0,1,0,0,1,1,0,76.06,2069.54,1,4,217.8,77,6.2,0
CUST-104205,72,0,0,1,Two year,Bank transfer (auto),0,DSL,0,0,1,1,0,1,1,53.21,3679.51,2,1,51.8,39,4.7,0
CUST-104206,15,0,0,0,One year,Bank transfer (auto),1,Fiber optic,1,0,0,0,0,1,1,86.79,1200.06,4,1,210.6,27,8.5,0
CUST-104207,60,0,0,1,Month-to-month,Electronic check,0,DSL,0,0,0,1,0,1,0,57.2,3276.58,2,2,179.1,4,4.5,0
CUST-104208,5,0,1,0,Month-to-month,Bank transfer (auto),1,DSL,0,0,1,1,0,0,0,51.08,240.67,1,0,55.6,42,7.2,0
CUST-104209,18,0,0,1,One year,Bank transfer (auto),1,Fiber optic,0,0,0,0,0,0,0,68.17,1153.84,2,1,140.2,85,6.3,0
CUST-104210,18,0,1,1,One year,Electronic check,1,Fiber optic,1,0,0,1,0,0,0,86.96,1484.73,1,1,253.7,85,9.0,1
CUST-104211,28,0,1,0,Two year,Credit card (auto),1,Fiber optic,0,0,0,0,0,0,1,81.86,2278.54,2,1,220.8,64,8.1,0
CUST-104212,70,0,0,0,Month-to-month,Credit card (auto),1,Fiber optic,0,0,0,1,0,0,0,77.62,5182.56,3,1,184.5,30,3.0,0
CUST-104213,38,1,1,0,Month-to-month,Mailed check,0,Fiber optic,0,0,1,0,0,0,1,84.69,3025.86,5,0,166.2,72,3.2,1
CUST-104214,2,0,0,0,Two year,Electronic check,0,DSL,1,1,0,1,0,1,1,70.83,137.43,2,1,80.4,80,8.2,0
CUST-104215,20,1,1,0,Month-to-month,Mailed check,0,DSL,1,0,0,0,1,0,0,53.75,1056.84,4,0,159.1,78,7.3,0
CUST-104216,9,1,0,0,Two year,Electronic check,1,DSL,1,0,1,0,0,0,1,53.08,443.93,1,1,217.6,32,5.6,0
CUST-104217,3,0,0,0,Month-to-month,Electronic check,1,Fiber optic,0,1,0,0,1,1,0,75.24,216.95,0,3,147.3,33,7.4,1
CUST-104218,16,0,0,0,One year,Bank transfer (auto),0,DSL,1,0,0,1,1,0,1,65.75,1034.62,1,0,257.3,19,6.9,0
CUST-104219,12,0,1,1,Month-to-month,Credit card (auto),1,Fiber optic,0,0,0,0,0,0,0,77.8,876.23,3,0,87.1,39,5.8,0
CUST-104220,1,1,0,0,Two year,Electronic check,1,DSL,0,1,0,0,1,0,1,52.86,50.99,3,0,189.6,42,7.4,0
CUST-104221,19,0,1,1,Two year,Bank transfer (auto),1,Fiber optic,1,0,1,1,1,0,0,109.95,1925.73,0,0,201.0,39,8.3,0
CUST-104222,2,0,0,0,Month-to-month,Bank transfer (auto),0,Fiber optic,0,0,1,1,0,0,1,82.45,156.22,3,0,267.5,25,5.8,1
CUST-104223,33,0,1,0,One year,Bank transfer (auto),1,No,0,0,0,0,0,0,0,18.0,568.57,3,3,234.4,26,4.8,0
CUST-104224,7,1,0,0,Month-to-month,Credit card (auto),0,No,1,0,0,0,0,0,0,24.7,166.29,2,2,108.8,3,5.3,1
CUST-104225,22,0,0,1,Month-to-month,Mailed check,1,No,1,0,0,0,0,0,0,27.57,590.87,3,2,267.5,84,4.9,1
CUST-104226,5,0,0,0,One year,Bank transfer (auto),1,Fiber optic,0,1,1,0,0,0,1,91.7,451.82,3,1,140.8,8,4.6,0
CUST-104227,55,0,0,0,One year,Electronic check,0,No,1,0,0,0,0,0,0,28.7,1542.49,4,0,123.0,43,7.1,0
CUST-104228,1,0,1,0,Month-to-month,Electronic check,1,DSL,1,1,1,1,0,0,1,63.54,58.56,0,2,153.7,6,10.0,1
CUST-104229,53,1,1,0,Month-to-month,Mailed check,1,Fiber optic,1,0,0,0,1,1,0,97.56,4873.64,2,0,184.6,58,6.8,0
CUST-104230,5,0,0,0,Month-to-month,Electronic check,0,Fiber optic,1,1,1,1,1,1,0,96.81,479.87,1,3,291.4,11,6.6,1
CUST-104231,4,0,0,0,Month-to-month,Electronic check,1,Fiber optic,1,1,0,0,0,0,0,77.63,305.13,2,1,223.0,72,10.0,1
CUST-104232,22,0,0,0,Month-to-month,Electronic check,1,DSL,1,0,0,1,0,1,0,64.81,1418.14,2,0,283.2,75,4.5,0
CUST-104233,19,0,1,1,Month-to-month,Electronic check,1,Fiber optic,0,0,0,0,1,0,0,80.48,1453.24,6,1,249.6,45,4.4,0
CUST-104234,72,0,1,0,Two year,Mailed check,1,No,1,0,0,0,0,0,0,33.8,2403.64,4,0,283.2,56,6.3,0
CUST-104235,16,0,1,0,Month-to-month,Electronic check,1,Fiber optic,1,0,0,0,1,0,0,72.01,1112.98,2,1,164.5,38,6.4,0
CUST-104236,6,0,1,0,Two year,Electronic check,0,DSL,0,1,1,0,0,1,1,72.76,419.86,2,2,5.0,0,5.3,1
CUST-104237,21,0,0,1,Month-to-month,Bank transfer (auto),0,DSL,0,0,0,0,1,1,0,47.71,999.56,5,1,327.3,39,8.3,0
CUST-104238,19,1,0,0,Month-to-month,Bank transfer (auto),1,DSL,1,0,0,0,0,1,0,61.31,1116.33,1,0,217.4,72,8.1,0
CUST-104239,19,0,1,0,Month-to-month,Credit card (auto),1,Fiber optic,0,0,0,0,1,0,0,77.26,1416.51,2,0,283.1,8,7.5,0
CUST-104240,72,0,0,0,Month-to-month,Credit card (auto),1,Fiber optic,0,0,0,0,1,0,1,82.61,5815.97,0,0,5.0,82,8.9,0
CUST-104241,7,0,0,1,One year,Credit card (auto),0,DSL,1,1,0,0,0,0,0,56.2,383.81,0,0,309.0,71,7.9,0
CUST-104242,13,0,0,0,Month-to-month,Bank transfer (auto),1,No,0,0,0,0,0,0,0,26.93,328.8,4,0,346.9,76,6.9,0
CUST-104243,42,1,1,1,Month-to-month,Electronic check,0,Fiber optic,1,0,0,0,0,0,1,82.7,3273.09,1,2,359.9,84,7.4,0
CUST-104244,25,0,1,1,Month-to-month,Electronic check,1,No,0,0,0,0,0,0,0,28.41,655.83,1,1,74.6,78,4.2,0
CUST-104245,6,0,1,0,One year,Credit card (auto),1,No,0,0,0,0,0,0,0,18.0,103.12,3,1,5.0,10,5.9,0
CUST-104246,34,0,0,0,Month-to-month,Credit card (auto),1,Fiber optic,0,0,0,0,1,1,0,89.72,2951.22,1,1,93.1,23,7.0,0
CUST-104247,4,0,0,0,Month-to-month,Mailed check,0,No,1,0,0,0,0,0,0,18.0,68.37,4,0,188.8,51,4.5,1
CUST-104248,26,0,0,0,Month-to-month,Bank transfer (auto),1,No,0,0,0,0,0,0,0,30.33,760.92,1,0,240.2,47,6.0,0
CUST-104249,47,0,1,0,One year,Electronic check,0,DSL,0,1,1,0,0,0,1,55.51,2417.06,2,2,132.0,29,5.9,0
CUST-104250,34,0,0,0,Two year,Electronic check,1,Fiber optic,1,0,0,1,0,0,1,89.6,2920.01,1,2,249.0,5,6.2,1
CUST-104251,0,0,1,0,Month-to-month,Bank transfer (auto),1,No,1,0,0,0,0,0,0,25.37,24.58,4,2,148.1,75,7.4,1
CUST-104252,17,0,0,1,Month-to-month,Electronic check,1,Fiber optic,1,0,0,0,0,0,1,77.08,1279.21,6,3,166.7,78,5.6,1
CUST-104253,4,0,1,0,Month-to-month,Mailed check,1,Fiber optic,0,0,0,1,0,0,0,71.99,278.82,2,0,174.1,49,6.2,1
CUST-104254,9,0,1,0,Two year,Credit card (auto),0,No,0,0,0,0,0,0,0,24.93,212.97,2,0,59.5,54,8.0,0
CUST-104255,33,0,0,0,Month-to-month,Credit card (auto),0,Fiber optic,1,0,0,0,0,0,0,80.48,2631.99,3,0,147.0,65,5.7,0
CUST-104256,5,0,1,0,One year,Credit card (auto),1,Fiber optic,0,0,1,0,0,1,0,86.65,427.37,2,1,172.5,52,3.5,0
CUST-104257,64,1,0,0,One year,Electronic check,1,DSL,0,0,0,1,0,1,1,61.93,3961.41,3,1,129.2,75,5.6,0
CUST-104258,1,1,1,1,Month-to-month,Mailed check,1,No,1,0,0,0,0,0,0,30.38,27.97,1,0,124.7,83,8.4,0
CUST-104259,5,0,1,0,One year,Bank transfer (auto),1,No,1,0,0,0,0,0,0,38.25,176.88,1,0,198.9,34,9.2,0
CUST-104260,1,0,1,0,One year,Bank transfer (auto),1,No,1,0,0,0,0,0,0,31.04,30.21,2,1,28.9,5,6.5,0
CUST-104261,16,0,0,1,Month-to-month,Credit card (auto),0,No,0,0,0,0,0,0,0,18.0,277.7,4,1,276.6,30,5.3,0
CUST-104262,7,0,1,0,Month-to-month,Electronic check,1,DSL,1,0,1,0,0,0,0,50.29,332.37,3,0,308.5,80,6.1,1
CUST-104263,17,0,1,0,Month-to-month,Electronic check,1,Fiber optic,0,0,0,1,0,0,0,85.8,1349.73,5,0,153.8,59,4.8,1
CUST-104264,50,0,1,0,Month-to-month,Mailed check,0,DSL,0,0,0,0,0,1,0,49.13,2271.27,4,1,221.2,28,5.4,0
CUST-104265,23,0,1,0,One year,Mailed check,0,DSL,0,0,1,1,0,1,1,63.52,1433.99,2,0,244.1,28,5.2,0
CUST-104266,1,1,0,1,One year,Mailed check,1,No,1,0,0,0,0,0,0,24.64,23.57,4,1,279.5,16,3.9,0
CUST-104267,0,0,0,1,Two year,Electronic check,1,DSL,0,0,0,0,0,1,0,40.26,38.85,3,2,179.2,59,5.4,1
CUST-104268,26,0,0,0,Month-to-month,Electronic check,1,Fiber optic,1,0,1,0,1,1,0,103.48,2538.19,2,1,266.1,38,6.3,0
CUST-104269,2,0,0,0,Month-to-month,Mailed check,1,No,0,0,0,0,0,0,0,18.0,33.74,4,1,240.7,57,4.0,1
CUST-104270,18,1,1,1,Month-to-month,Bank transfer (auto),0,No,1,0,0,0,0,0,0,22.24,389.71,1,2,127.2,85,6.4,0
CUST-104271,58,0,1,0,One year,Electronic check,0,DSL,0,0,1,1,0,0,0,52.25,2814.67,1,3,98.1,89,6.4,0
CUST-104272,20,1,0,1,Month-to-month,Credit card (auto),1,DSL,1,0,1,0,0,1,0,59.34,1182.33,1,0,84.2,34,7.7,0
CUST-104273,31,1,0,1,Month-to-month,Bank transfer (auto),1,Fiber optic,1,1,1,1,1,1,0,97.16,2848.33,1,0,47.2,35,4.4,1
CUST-104274,12,0,1,0,One year,Electronic check,0,Fiber optic,1,0,1,0,0,1,0,91.3,1082.76,3,1,149.9,76,6.3,0
CUST-104275,12,0,1,0,One year,Electronic check,1,No,1,0,0,0,0,0,0,34.87,402.53,2,2,195.4,59,7.3,0
CUST-104276,1,0,1,0,Month-to-month,Electronic check,0,Fiber optic,0,0,0,0,0,1,1,78.88,77.92,3,2,111.8,59,6.5,1
CUST-104277,4,0,0,0,One year,Electronic check,0,DSL,0,0,0,1,0,1,1,60.45,238.17,1,3,124.2,47,6.8,0
CUST-104278,1,0,1,0,Month-to-month,Bank transfer (auto),1,Fiber optic,0,0,1,0,0,0,0,69.14,68.31,1,1,81.5,82,6.3,1
CUST-104279,9,0,0,0,One year,Credit card (auto),0,Fiber optic,0,0,0,0,0,0,1,78.2,663.54,2,2,256.8,30,5.1,0
CUST-104280,27,0,0,0,One year,Electronic check,1,No,0,0,0,0,0,0,0,18.59,468.38,3,2,199.6,31,5.7,0
CUST-104281,3,0,1,1,One year,Electronic check,1,DSL,1,0,0,0,0,1,0,55.46,162.37,2,1,224.7,66,6.9,0
CUST-104282,43,0,0,0,Month-to-month,Credit card (auto),1,Fiber optic,0,1,0,0,0,0,1,85.01,3452.13,4,1,148.6,83,6.4,0
CUST-104283,18,0,1,1,One year,Mailed check,0,Fiber optic,1,0,0,1,0,0,0,74.11,1260.69,3,0,150.2,62,8.0,0
CUST-104284,22,0,0,0,Month-to-month,Mailed check,1,Fiber optic,0,0,1,0,0,1,0,85.44,1765.2,6,1,181.2,12,4.1,1
CUST-104285,41,0,0,1,Month-to-month,Mailed check,1,Fiber optic,1,1,0,0,0,0,0,82.39,3316.22,5,2,55.7,26,5.1,0
CUST-104286,16,0,1,1,Two year,Electronic check,1,Fiber optic,0,0,0,0,1,1,0,76.36,1205.39,1,3,180.7,39,6.6,0
CUST-104287,22,0,0,1,Month-to-month,Electronic check,0,Fiber optic,0,1,0,1,0,0,0,89.79,1820.91,2,2,153.4,83,4.8,1
CUST-104288,18,0,0,0,One year,Credit card (auto),0,DSL,1,0,0,0,0,0,0,58.06,1039.41,4,0,55.6,61,5.0,0
CUST-104289,2,0,0,1,Month-to-month,Bank transfer (auto),1,DSL,0,0,0,0,0,0,0,35.05,68.57,1,0,131.9,46,6.5,0
CUST-104290,5,0,0,0,Month-to-month,Electronic check,1,DSL,1,0,0,0,0,0,1,63.55,297.85,1,2,141.3,75,6.1,1
CUST-104291,38,0,1,1,Month-to-month,Credit card (auto),1,DSL,1,1,0,0,1,0,0,65.81,2439.37,2,0,109.3,44,6.3,0
CUST-104292,72,1,0,0,Month-to-month,Mailed check,0,Fiber optic,0,1,1,0,1,1,0,80.59,5602.96,3,2,301.8,48,7.7,0
CUST-104293,4,0,1,0,One year,Electronic check,1,DSL,0,1,0,0,0,0,0,49.3,195.9,1,2,274.4,67,6.9,0
CUST-104294,13,0,1,0,Two year,Credit card (auto),0,DSL,1,0,0,1,0,1,0,67.08,850.55,0,2,161.5,3,7.6,0
CUST-104295,7,0,1,0,Two year,Bank transfer (auto),0,No,1,0,0,0,0,0,0,18.0,120.24,5,0,212.6,77,4.9,0
CUST-104296,25,0,0,0,Two year,Bank transfer (auto),0,Fiber optic,0,0,1,1,0,0,1,88.45,2062.18,2,0,150.8,56,5.1,0
CUST-104297,19,1,1,0,Month-to-month,Electronic check,1,No,0,0,0,0,0,0,0,18.0,336.4,0,0,174.8,48,7.9,0
CUST-104298,1,1,1,0,Two year,Electronic check,0,Fiber optic,0,0,0,0,1,1,0,78.18,78.0,2,2,245.7,55,2.5,1
CUST-104299,72,0,0,1,Month-to-month,Credit card (auto),1,DSL,1,0,0,1,0,0,0,64.58,4573.53,3,0,89.1,30,6.5,0
CUST-104300,62,0,1,0,Month-to-month,Electronic check,0,Fiber optic,0,0,0,1,0,0,1,74.66,4522.29,1,2,138.1,71,3.3,1
CUST-104301,30,0,0,0,Month-to-month,Credit card (auto),1,Fiber optic,0,0,1,0,0,1,0,72.63,2161.03,3,1,185.7,74,7.0,0
CUST-104302,19,1,0,1,Month-to-month,Credit card (auto),0,DSL,0,0,1,0,1,1,1,67.5,1253.09,3,0,86.1,33,4.1,1
CUST-104303,8,0,0,0,One year,Mailed check,1,DSL,0,1,1,0,0,1,1,63.85,509.53,3,0,209.2,19,5.1,0
CUST-104304,12,1,0,1,Month-to-month,Credit card (auto),0,DSL,1,1,0,0,0,0,0,55.06,632.63,4,0,283.7,4,7.0,0
CUST-104305,10,0,0,0,Month-to-month,Credit card (auto),0,DSL,0,0,0,1,0,1,1,50.58,494.99,3,1,245.5,26,4.1,1
CUST-104306,12,0,0,0,Month-to-month,Credit card (auto),0,DSL,0,0,0,1,0,0,1,51.78,600.58,4,1,248.3,70,5.6,1
CUST-104307,2,0,0,0,Month-to-month,Mailed check,1,DSL,0,0,1,1,0,1,0,55.11,102.61,2,0,109.5,14,8.5,0
CUST-104308,45,0,1,1,Two year,Bank transfer (auto),0,Fiber optic,1,0,1,0,0,0,1,85.67,3624.4,1,0,177.2,73,8.6,0
CUST-104309,21,0,0,1,Month-to-month,Electronic check,1,DSL,0,0,1,1,0,0,0,44.57,888.83,4,4,272.8,53,5.3,1
CUST-104310,14,0,1,1,Month-to-month,Electronic check,0,Fiber optic,1,1,1,1,0,0,1,91.94,1208.93,3,0,84.0,52,8.2,0
CUST-104311,29,0,1,0,One year,Credit card (auto),0,DSL,1,0,1,1,0,0,0,64.52,1734.43,3,2,64.7,44,6.1,0
CUST-104312,29,0,0,1,Two year,Credit card (auto),0,Fiber optic,0,0,0,1,0,0,1,78.57,2096.56,2,2,181.5,86,5.0,1
CUST-104313,1,0,0,0,Month-to-month,Electronic check,1,Fiber optic,0,0,1,0,1,0,0,77.88,74.09,1,1,164.2,17,5.0,0
CUST-104314,4,0,0,0,Month-to-month,Bank transfer (auto),0,Fiber optic,0,1,0,0,0,0,0,68.82,256.79,3,0,288.6,8,6.4,1
CUST-104315,16,0,1,0,Two year,Credit card (auto),1,DSL,0,0,0,0,0,1,0,44.01,703.22,0,0,277.3,33,7.2,0
CUST-104316,41,0,0,1,Month-to-month,Bank transfer (auto),1,DSL,0,1,1,0,0,0,0,52.34,2056.65,3,0,184.2,57,8.4,0
CUST-104317,42,1,0,1,Month-to-month,Electronic check,0,DSL,1,0,0,0,0,0,1,57.34,2377.67,2,1,159.6,58,6.5,0
CUST-104318,9,1,1,0,Month-to-month,Electronic check,1,DSL,1,0,0,0,0,0,1,52.48,453.04,6,2,152.5,87,5.8,1
CUST-104319,34,0,0,1,Month-to-month,Mailed check,1,Fiber optic,0,0,0,1,0,0,1,80.11,2605.39,3,2,86.7,38,6.3,0
CUST-104320,1,0,0,0,Two year,Credit card (auto),0,Fiber optic,0,0,1,1,0,0,1,84.59,82.74,3,1,127.9,52,6.0,0
CUST-104321,28,0,1,0,Two year,Electronic check,1,Fiber optic,1,0,0,1,0,0,0,76.33,2119.1,0,1,65.8,64,5.1,1
CUST-104322,14,0,1,0,Month-to-month,Mailed check,0,No,0,0,0,0,0,0,0,27.35,361.73,5,1,160.7,87,3.7,1
CUST-104323,8,1,0,1,One year,Credit card (auto),1,No,0,0,0,0,0,0,0,18.0,136.49,2,0,130.2,76,7.0,0
CUST-104324,19,0,0,0,Two year,Credit card (auto),0,DSL,0,0,0,1,0,0,1,48.63,909.04,4,1,224.1,39,5.8,0
CUST-104325,22,0,0,0,One year,Credit card (auto),1,Fiber optic,1,0,0,1,1,0,0,83.22,1717.56,3,0,267.8,25,4.5,0
CUST-104326,67,0,0,1,One year,Credit card (auto),0,DSL,1,0,1,1,0,1,1,62.91,4208.74,2,0,221.4,30,5.7,0
CUST-104327,72,0,0,0,Two year,Bank transfer (auto),0,Fiber optic,0,0,0,1,0,0,1,68.55,4843.53,2,0,219.1,26,4.4,0
CUST-104328,13,1,0,1,Month-to-month,Credit card (auto),0,Fiber optic,0,0,0,0,0,1,0,80.9,1000.08,1,0,256.1,69,8.3,0
CUST-104329,42,0,1,0,Month-to-month,Bank transfer (auto),1,Fiber optic,1,1,1,1,0,0,1,101.49,3968.31,1,1,183.4,35,6.9,0
CUST-104330,12,1,1,0,One year,Bank transfer (auto),0,Fiber optic,1,0,0,0,1,1,1,86.28,1013.23,0,1,378.1,48,8.3,0
CUST-104331,23,0,1,1,One year,Electronic check,1,Fiber optic,0,1,1,0,0,0,0,82.88,1818.93,0,1,240.3,66,5.5,0
CUST-104332,6,0,1,0,Month-to-month,Mailed check,1,DSL,1,1,0,0,0,0,1,58.17,338.8,4,0,135.1,46,5.5,1
CUST-104333,4,1,0,0,Month-to-month,Electronic check,1,Fiber optic,0,0,0,1,1,1,0,77.42,287.82,3,2,134.0,42,5.3,1
CUST-104334,18,0,0,0,One year,Credit card (auto),1,No,1,0,0,0,0,0,0,26.52,441.34,1,0,107.9,83,6.2,0
CUST-104335,9,0,1,1,Month-to-month,Electronic check,0,Fiber optic,0,0,1,0,1,0,1,81.96,692.81,5,4,182.1,29,6.9,1
CUST-104336,8,0,0,0,Two year,Electronic check,1,DSL,0,1,1,1,0,0,0,64.45,490.17,3,1,56.9,55,6.9,0
CUST-104337,2,1,0,1,Two year,Credit card (auto),0,Fiber optic,0,1,1,0,1,0,1,73.78,138.44,1,0,160.7,44,8.1,1
CUST-104338,3,0,1,1,Month-to-month,Credit card (auto),0,Fiber optic,0,0,0,1,0,0,1,77.29,219.04,0,1,5.0,62,6.5,1
CUST-104339,26,0,0,0,One year,Bank transfer (auto),1,Fiber optic,0,0,0,1,0,0,0,88.06,2255.78,2,1,293.7,20,5.6,1
CUST-104340,26,0,0,0,One year,Bank transfer (auto),1,DSL,1,0,1,0,1,1,1,57.58,1387.36,2,0,171.3,66,7.5,0
CUST-104341,15,0,0,0,Month-to-month,Electronic check,1,Fiber optic,0,0,1,0,0,0,1,75.61,1092.14,1,0,404.0,10,9.6,0
CUST-104342,21,0,1,0,Month-to-month,Electronic check,1,DSL,0,0,0,0,1,0,0,47.62,951.05,2,0,178.5,14,6.6,0
CUST-104343,1,0,1,0,Month-to-month,Credit card (auto),1,Fiber optic,0,0,0,1,0,0,1,79.9,75.62,3,3,167.3,29,3.5,1
CUST-104344,40,0,0,0,Two year,Credit card (auto),0,Fiber optic,0,1,0,1,0,1,0,87.92,3373.89,3,0,83.2,38,5.9,0
CUST-104345,20,0,0,0,Two year,Mailed check,0,No,1,0,0,0,0,0,0,28.86,574.44,2,0,162.7,9,6.8,0
CUST-104346,27,0,1,1,Month-to-month,Electronic check,1,No,0,0,0,0,0,0,0,29.49,780.08,3,2,352.0,87,7.1,0
CUST-104347,4,1,0,0,Two year,Electronic check,1,Fiber optic,0,1,0,0,1,0,0,76.75,298.24,1,2,201.2,31,7.7,0
CUST-104348,25,0,1,0,One year,Bank transfer (auto),0,No,1,0,0,0,0,0,0,34.33,855.33,1,0,279.5,16,7.2,0
CUST-104349,26,0,1,0,Month-to-month,Electronic check,0,DSL,1,0,1,1,1,1,1,74.6,1840.83,5,1,183.4,31,4.7,0
CUST-104350,9,0,1,0,Month-to-month,Electronic check,0,Fiber optic,0,0,0,1,1,0,0,83.69,737.75,4,1,316.8,80,6.3,1
CUST-104351,72,0,0,0,Two year,Mailed check,0,Fiber optic,1,0,1,0,0,0,0,78.66,5289.52,1,1,254.0,81,4.5,0
CUST-104352,9,0,1,1,Month-to-month,Bank transfer (auto),1,Fiber optic,0,1,1,1,0,0,0,78.14,650.54,2,1,112.6,3,7.3,0
CUST-104353,53,0,0,0,One year,Bank transfer (auto),0,No,1,0,0,0,0,0,0,20.12,1027.05,2,2,233.3,85,4.2,1
CUST-104354,40,0,0,0,One year,Mailed check,1,DSL,1,0,0,0,1,0,0,55.97,2195.5,1,0,279.2,11,7.3,0
CUST-104355,56,0,0,1,One year,Electronic check,1,DSL,1,0,0,0,0,1,1,57.76,3146.27,2,0,5.0,15,6.2,0
CUST-104356,14,0,0,0,Month-to-month,Electronic check,0,No,0,0,0,0,0,0,0,22.02,292.75,2,1,119.5,60,7.6,1
CUST-104357,5,0,0,1,Month-to-month,Bank transfer (auto),1,DSL,0,0,0,0,0,0,0,49.07,243.66,4,1,31.0,41,4.5,1
CUST-104358,4,0,1,0,Two year,Electronic check,0,DSL,0,0,0,1,0,0,1,60.19,228.29,1,2,262.7,63,3.9,0
CUST-104359,32,0,1,1,Month-to-month,Credit card (auto),0,No,0,0,0,0,0,0,0,24.94,759.41,3,1,236.9,28,5.9,0
CUST-104360,18,0,0,1,Month-to-month,Electronic check,0,No,0,0,0,0,0,0,0,26.57,445.71,5,0,166.8,21,6.4,0
CUST-104361,14,0,1,1,Month-to-month,Credit card (auto),1,DSL,1,0,0,0,0,1,1,66.1,919.15,2,1,171.5,24,8.0,0
CUST-104362,13,0,1,0,One year,Electronic check,1,DSL,0,0,0,0,0,0,1,42.74,515.01,5,0,201.8,42,5.0,0
CUST-104363,1,0,0,0,Month-to-month,Bank transfer (auto),0,Fiber optic,0,0,1,0,0,1,0,80.68,78.76,2,0,209.2,25,7.8,1
CUST-104364,10,0,1,1,One year,Bank transfer (auto),1,DSL,0,0,1,1,0,1,0,54.15,510.14,0,0,396.3,12,7.4,0
CUST-104365,61,1,1,0,Month-to-month,Electronic check,1,DSL,0,1,1,0,0,1,1,62.15,3596.89,1,1,159.9,85,7.4,0
CUST-104366,23,0,1,0,One year,Mailed check,1,DSL,0,1,1,0,0,0,0,53.71,1160.18,1,0,191.4,40,7.5,0
CUST-104367,6,0,0,0,Two year,Electronic check,0,No,0,0,0,0,0,0,0,18.0,102.53,3,1,235.9,58,3.7,0
CUST-104368,42,0,1,0,Month-to-month,Mailed check,0,Fiber optic,1,0,0,1,0,1,0,80.75,3217.66,2,2,265.5,16,4.4,1
CUST-104369,26,0,1,0,One year,Credit card (auto),0,DSL,0,0,0,1,0,0,1,51.0,1305.05,0,1,192.4,79,5.7,0
CUST-104370,72,0,0,0,One year,Bank transfer (auto),0,Fiber optic,1,0,0,1,0,0,0,65.73,4715.49,2,0,210.5,22,5.7,0
CUST-104371,8,0,0,0,One year,Bank transfer (auto),0,DSL,0,0,1,0,1,0,0,61.85,459.01,0,0,178.0,34,6.7,0
CUST-104372,6,0,0,0,Month-to-month,Electronic check,1,No,0,0,0,0,0,0,0,20.73,116.2,1,1,156.7,13,6.3,0
CUST-104373,53,0,0,0,One year,Mailed check,1,DSL,0,0,0,0,0,1,1,54.7,2859.44,1,0,441.4,25,6.7,0
CUST-104374,12,0,0,0,Month-to-month,Bank transfer (auto),0,DSL,1,1,0,0,0,1,0,68.13,801.82,4,0,192.7,8,5.6,0
CUST-104375,10,0,0,1,Month-to-month,Electronic check,0,Fiber optic,0,1,0,0,0,0,1,83.28,807.4,3,2,324.3,66,7.6,1
CUST-104376,28,0,1,0,Month-to-month,Electronic check,1,DSL,0,1,1,0,0,1,0,62.79,1658.81,6,1,156.2,21,6.3,1
CUST-104377,11,1,1,0,Month-to-month,Electronic check,0,DSL,0,0,0,1,1,1,1,69.15,713.34,1,2,89.1,26,6.3,1
CUST-104378,6,0,0,1,Month-to-month,Electronic check,0,No,0,0,0,0,0,0,0,21.81,130.26,2,4,56.2,23,7.0,1
CUST-104379,30,0,0,0,One year,Credit card (auto),1,No,0,0,0,0,0,0,0,21.95,618.91,0,1,151.7,32,10.0,0
CUST-104380,20,1,0,0,One year,Electronic check,1,No,1,0,0,0,0,0,0,30.69,578.29,2,0,5.0,4,6.7,0
CUST-104381,4,0,0,0,Month-to-month,Electronic check,1,Fiber optic,0,0,1,0,1,1,0,75.58,286.15,1,1,300.8,82,5.8,1
CUST-104382,29,0,1,0,Month-to-month,Electronic check,0,DSL,0,0,0,1,0,0,0,36.83,1041.15,6,1,164.3,52,4.3,1
CUST-104383,4,0,0,0,One year,Electronic check,1,No,0,0,0,0,0,0,0,18.0,69.45,1,0,195.7,77,7.8,0
CUST-104384,1,0,1,0,Month-to-month,Mailed check,0,Fiber optic,1,0,1,1,0,0,1,95.71,93.71,3,0,95.0,20,5.2,0
CUST-104385,24,1,0,1,One year,Electronic check,1,Fiber optic,1,0,0,0,0,1,0,79.32,1844.8,3,1,53.6,15,4.9,0
CUST-104386,6,1,0,0,Month-to-month,Electronic check,0,Fiber optic,0,0,1,0,0,0,1,77.36,454.8,5,0,84.5,50,5.2,1
CUST-104387,21,0,1,0,Two year,Electronic check,1,Fiber optic,0,0,0,1,0,0,0,75.45,1568.22,3,1,286.3,34,7.1,0
CUST-104388,72,0,0,0,Month-to-month,Credit card (auto),0,Fiber optic,1,1,0,1,0,1,0,100.02,6939.86,4,0,264.4,85,6.7,1
CUST-104389,72,0,0,0,One year,Mailed check,0,No,0,0,0,0,0,0,0,23.97,1622.37,1,0,170.9,40,8.6,0
CUST-104390,6,1,0,0,Month-to-month,Bank transfer (auto),0,No,1,0,0,0,0,0,0,29.21,166.89,3,1,70.4,17,4.2,1
CUST-104391,9,0,1,1,Month-to-month,Electronic check,1,No,0,0,0,0,0,0,0,22.49,188.78,3,2,188.8,58,5.1,1
CUST-104392,28,0,0,1,Two year,Electronic check,0,No,0,0,0,0,0,0,0,33.44,930.57,4,4,288.5,60,3.7,1
CUST-104393,0,0,1,1,Two year,Credit card (auto),0,Fiber optic,1,0,1,1,0,0,1,85.55,81.7,0,1,351.5,5,5.8,0
CUST-104394,21,0,1,0,Month-to-month,Electronic check,0,DSL,1,1,0,0,1,0,1,74.85,1551.18,3,1,386.8,50,6.3,0
CUST-104395,7,0,1,0,Month-to-month,Mailed check,1,Fiber optic,0,0,0,1,1,1,1,88.14,614.07,2,1,212.7,33,7.2,1
CUST-104396,24,1,1,0,Two year,Electronic check,0,Fiber optic,1,0,0,1,0,0,1,86.53,1970.3,0,2,111.6,78,5.9,1
CUST-104397,27,0,1,0,Month-to-month,Electronic check,1,DSL,0,1,0,0,1,1,0,62.26,1563.73,4,1,204.7,6,7.0,0
CUST-104398,26,0,1,0,Two year,Bank transfer (auto),1,Fiber optic,0,0,0,0,1,1,0,67.95,1735.74,0,0,115.3,84,5.9,0
CUST-104399,1,0,0,0,Month-to-month,Bank transfer (auto),0,Fiber optic,1,0,1,0,0,0,1,80.59,77.96,3,0,291.5,57,7.3,1
CUST-104400,3,1,1,0,Month-to-month,Electronic check,1,Fiber optic,0,0,1,0,0,0,0,76.85,225.86,4,1,308.0,18,4.8,1
CUST-104401,49,0,1,0,Month-to-month,Mailed check,1,Fiber optic,0,1,0,0,0,0,0,77.25,3598.2,2,0,164.4,71,8.2,0
CUST-104402,4,0,0,0,Month-to-month,Mailed check,1,No,0,0,0,0,0,0,0,23.43,86.27,2,1,247.1,86,7.7,1
CUST-104403,15,0,1,0,Month-to-month,Mailed check,1,DSL,1,0,0,0,0,1,0,61.78,911.51,2,1,288.3,52,4.8,0
CUST-104404,44,0,0,0,Month-to-month,Credit card (auto),0,No,0,0,0,0,0,0,0,32.05,1403.22,3,0,74.1,35,6.0,0
CUST-104405,1,0,1,0,Two year,Bank transfer (auto),1,DSL,0,0,0,0,0,1,1,50.13,49.62,0,0,279.7,43,6.7,0
CUST-104406,5,1,0,0,Month-to-month,Electronic check,1,Fiber optic,0,0,1,0,1,1,0,85.84,421.0,2,2,198.7,69,5.8,1
CUST-104407,26,0,0,0,One year,Electronic check,0,No,1,0,0,0,0,0,0,32.49,798.62,2,3,137.2,29,6.4,0
CUST-104408,3,0,0,0,Month-to-month,Bank transfer (auto),0,No,0,0,0,0,0,0,0,22.24,62.86,3,1,59.9,42,6.1,1
CUST-104409,19,0,0,1,One year,Electronic check,1,DSL,1,0,1,0,0,0,1,61.35,1102.58,5,3,214.8,51,4.0,1
CUST-104410,43,1,0,0,Month-to-month,Credit card (auto),1,No,1,0,0,0,0,0,0,23.34,973.35,3,0,242.1,63,5.5,0
CUST-104411,21,0,0,0,One year,Credit card (auto),0,No,0,0,0,0,0,0,0,18.75,385.5,1,1,378.6,43,8.0,0
CUST-104412,47,0,1,0,One year,Electronic check,0,DSL,1,0,1,0,0,0,0,65.28,2930.64,2,2,105.4,66,4.0,0
CUST-104413,9,0,0,0,Two year,Credit card (auto),0,Fiber optic,0,0,0,0,0,1,1,92.16,793.95,4,1,287.8,58,5.0,1
CUST-104414,31,1,1,0,Two year,Electronic check,1,Fiber optic,0,0,0,1,1,1,0,73.05,2190.11,1,0,302.8,67,8.4,0
CUST-104415,45,1,1,0,Month-to-month,Electronic check,1,DSL,1,0,1,1,0,1,1,71.11,3002.1,1,2,146.9,21,5.4,1
CUST-104416,8,0,0,0,Month-to-month,Credit card (auto),0,Fiber optic,0,1,0,0,1,0,0,68.31,545.14,4,0,271.8,41,6.5,1
CUST-104417,45,0,0,1,Month-to-month,Bank transfer (auto),0,Fiber optic,1,1,1,0,1,0,0,87.13,3694.19,0,1,57.1,38,7.6,0
CUST-104418,2,0,0,1,One year,Mailed check,0,Fiber optic,0,0,0,0,0,0,0,71.42,142.61,2,2,360.8,27,5.8,0
CUST-104419,21,0,0,0,Month-to-month,Credit card (auto),1,Fiber optic,1,1,1,0,1,1,0,88.87,1732.64,0,1,165.3,48,7.4,1
CUST-104420,4,0,0,0,Two year,Electronic check,1,DSL,0,1,0,1,0,0,0,51.31,198.2,2,0,111.6,40,4.7,0
CUST-104421,29,1,1,1,Two year,Bank transfer (auto),0,Fiber optic,0,0,0,1,0,1,0,75.39,2160.62,1,0,174.5,71,6.2,0
CUST-104422,19,0,1,0,Month-to-month,Credit card (auto),0,No,1,0,0,0,0,0,0,29.16,514.5,5,0,191.6,60,5.0,0
CUST-104423,27,0,0,1,Month-to-month,Credit card (auto),0,Fiber optic,1,0,0,0,0,0,0,75.47,1972.79,5,0,103.3,89,7.8,1
CUST-104424,41,0,1,1,Month-to-month,Mailed check,1,Fiber optic,0,1,0,0,1,0,0,86.03,3279.11,1,1,296.9,66,6.1,0
CUST-104425,17,0,0,0,Month-to-month,Mailed check,0,Fiber optic,1,1,0,0,1,1,1,95.61,1522.32,2,2,214.1,37,3.0,1
CUST-104426,6,0,1,0,Month-to-month,Credit card (auto),1,DSL,1,1,1,0,0,1,0,61.23,341.83,4,0,192.8,62,8.1,0
CUST-104427,46,0,1,0,Month-to-month,Electronic check,1,DSL,0,0,0,0,0,0,0,35.56,1552.96,4,1,84.0,59,6.2,0
CUST-104428,66,0,0,1,Two year,Credit card (auto),1,Fiber optic,0,1,0,1,0,0,0,73.82,4583.43,0,1,251.0,64,7.2,0
CUST-104429,47,0,1,0,One year,Electronic check,1,DSL,0,0,0,1,0,1,0,52.74,2463.87,6,1,266.9,26,4.4,0
CUST-104430,4,0,1,0,Month-to-month,Electronic check,1,DSL,0,1,1,0,0,1,0,61.46,245.42,2,1,228.3,80,4.7,1
CUST-104431,38,0,0,0,Month-to-month,Electronic check,1,Fiber optic,0,0,0,1,1,0,0,83.23,2980.04,3,0,175.5,58,8.5,1
CUST-104432,25,0,0,1,One year,Mailed check,1,No,0,0,0,0,0,0,0,25.43,624.68,3,1,144.3,7,5.5,0
CUST-104433,13,0,1,1,Month-to-month,Electronic check,1,DSL,0,1,1,0,1,0,1,66.3,846.63,2,3,203.8,12,5.4,0
CUST-104434,3,0,0,0,Two year,Mailed check,1,Fiber optic,0,0,1,0,1,0,0,84.75,240.7,2,0,198.6,70,9.7,0
CUST-104435,29,0,0,0,Month-to-month,Credit card (auto),0,Fiber optic,1,0,0,0,1,1,0,84.89,2309.53,1,2,261.4,22,6.7,0
CUST-104436,26,0,1,0,Two year,Electronic check,0,No,0,0,0,0,0,0,0,18.84,480.87,2,2,220.6,69,7.0,0
CUST-104437,6,0,0,1,One year,Bank transfer (auto),1,DSL,0,0,1,1,0,0,0,50.31,285.21,2,0,24.6,42,9.2,0
CUST-104438,12,0,0,1,Two year,Mailed check,0,No,0,0,0,0,0,0,0,18.0,198.82,0,0,220.9,30,7.4,0
CUST-104439,4,0,1,0,One year,Bank transfer (auto),1,No,1,0,0,0,0,0,0,36.16,136.9,1,0,141.7,27,6.7,0
CUST-104440,64,1,0,1,One year,Mailed check,1,DSL,0,0,1,1,0,0,0,52.84,3293.37,4,1,81.2,12,4.8,0
CUST-104441,16,0,0,0,Month-to-month,Credit card (auto),1,DSL,1,1,0,0,1,1,0,59.62,899.82,1,1,57.5,17,7.1,1
CUST-104442,23,0,1,0,One year,Mailed check,0,Fiber optic,1,0,0,0,0,1,0,77.3,1679.11,5,0,114.6,74,6.8,0
CUST-104443,20,0,0,1,One year,Mailed check,1,DSL,0,1,0,0,0,0,0,62.04,1158.53,1,0,18.9,66,6.5,0
CUST-104444,37,0,1,0,Month-to-month,Electronic check,0,DSL,1,1,0,1,0,1,0,67.96,2360.07,4,2,154.3,42,6.5,0
CUST-104445,25,0,1,1,One year,Mailed check,0,No,1,0,0,0,0,0,0,30.74,751.36,0,0,287.5,50,6.7,0
CUST-104446,7,0,0,0,Month-to-month,Electronic check,1,Fiber optic,1,0,0,1,0,0,0,79.25,542.08,2,2,180.6,20,6.8,1
CUST-104447,15,0,1,0,Month-to-month,Bank transfer (auto),0,Fiber optic,0,0,0,1,0,1,1,70.09,1040.15,3,3,59.9,82,6.8,0
CUST-104448,9,0,1,0,Month-to-month,Mailed check,1,Fiber optic,1,1,0,0,0,0,0,74.84,645.89,5,0,86.6,26,5.3,0
CUST-104449,14,0,1,0,Month-to-month,Credit card (auto),0,Fiber optic,1,0,1,0,0,0,0,78.52,1053.59,4,2,390.5,0,7.7,0
CUST-104450,26,0,0,0,Month-to-month,Mailed check,0,Fiber optic,0,0,0,0,0,1,0,70.69,1760.74,6,0,199.0,30,6.7,0
CUST-104451,16,0,0,1,Two year,Bank transfer (auto),1,No,0,0,0,0,0,0,0,19.87,300.27,2,0,202.8,17,6.3,0
CUST-104452,22,1,0,0,Month-to-month,Electronic check,1,No,0,0,0,0,0,0,0,24.94,547.05,3,0,185.8,80,5.4,1
CUST-104453,4,0,1,0,Two year,Bank transfer (auto),0,Fiber optic,1,0,0,1,1,0,0,87.06,322.63,4,1,17.7,49,2.9,0
CUST-104454,17,0,1,0,Two year,Credit card (auto),1,Fiber optic,1,0,0,1,0,0,1,89.45,1487.77,0,2,25.3,17,7.9,1
CUST-104455,28,0,0,0,Month-to-month,Mailed check,0,Fiber optic,0,0,0,0,0,1,1,84.38,2263.94,2,0,80.7,38,7.4,1
CUST-104456,25,0,1,0,One year,Electronic check,1,Fiber optic,0,0,0,1,0,0,0,83.08,2064.45,2,1,118.2,87,6.0,0
CUST-104457,12,0,0,0,Month-to-month,Bank transfer (auto),1,DSL,1,0,0,0,0,0,0,47.33,524.59,1,0,93.0,89,3.9,1
CUST-104458,6,0,0,0,Two year,Electronic check,1,Fiber optic,0,1,0,0,0,1,1,85.86,502.22,3,0,168.5,33,4.2,1
CUST-104459,70,0,1,0,Month-to-month,Mailed check,1,Fiber optic,1,1,0,0,0,0,1,89.64,5992.82,2,1,271.2,51,4.5,0
CUST-104460,22,0,0,0,Month-to-month,Electronic check,0,DSL,0,0,0,0,0,0,1,50.94,1031.87,3,2,297.2,84,6.1,0
CUST-104461,16,1,1,0,Month-to-month,Mailed check,1,DSL,0,0,1,0,0,1,0,51.44,785.05,2,2,133.5,8,5.6,1
CUST-104462,4,0,0,0,One year,Credit card (auto),0,DSL,0,0,0,1,1,1,0,52.49,200.84,0,0,160.6,28,8.4,0
CUST-104463,32,0,1,1,Month-to-month,Electronic check,1,DSL,0,1,0,1,0,1,0,57.35,1795.85,3,4,213.4,39,3.8,1
CUST-104464,21,0,1,0,Month-to-month,Mailed check,1,Fiber optic,0,0,1,1,0,1,0,84.8,1731.73,6,0,200.3,16,4.9,1
CUST-104465,6,1,0,1,Two year,Electronic check,1,Fiber optic,0,0,1,0,1,0,1,89.73,526.16,0,0,186.9,15,8.0,0
CUST-104466,0,0,0,0,Month-to-month,Electronic check,1,Fiber optic,0,0,1,1,1,1,0,86.95,85.14,2,1,238.1,66,8.6,1
CUST-104467,18,1,1,1,One year,Bank transfer (auto),0,Fiber optic,1,0,0,1,0,0,1,79.78,1385.03,3,0,250.6,18,5.9,0
CUST-104468,5,1,0,1,One year,Bank transfer (auto),1,Fiber optic,0,0,0,0,0,1,1,72.8,355.11,1,1,262.5,85,6.9,1
CUST-104469,12,0,1,0,Month-to-month,Credit card (auto),0,No,0,0,0,0,0,0,0,18.0,207.87,6,0,185.1,27,3.2,1
CUST-104470,28,0,1,0,Month-to-month,Electronic check,1,Fiber optic,1,0,0,0,0,1,1,86.26,2324.07,2,1,256.6,55,4.9,1
CUST-104471,27,0,0,0,Month-to-month,Electronic check,0,Fiber optic,1,1,1,1,0,0,1,87.54,2344.01,0,1,5.0,69,7.3,0
CUST-104472,2,0,1,1,Two year,Mailed check,1,Fiber optic,1,1,0,0,0,1,0,82.09,151.39,1,0,192.9,69,8.5,0
CUST-104473,10,0,0,0,One year,Bank transfer (auto),0,DSL,1,0,1,1,0,0,1,75.95,754.68,1,1,240.1,50,5.7,1
CUST-104474,52,0,0,0,Month-to-month,Bank transfer (auto),1,Fiber optic,1,0,1,0,1,0,1,90.26,4655.47,4,2,83.1,29,4.7,0
CUST-104475,7,0,0,0,Two year,Bank transfer (auto),1,Fiber optic,0,0,0,0,0,1,0,74.78,511.81,2,0,284.2,58,4.2,0
CUST-104476,11,1,1,0,Month-to-month,Credit card (auto),0,DSL,1,0,0,0,0,1,0,49.47,537.07,5,0,5.0,65,2.9,1
CUST-104477,13,1,1,1,Month-to-month,Electronic check,0,DSL,0,0,0,0,0,0,0,44.51,534.16,3,1,15.7,32,2.7,1
CUST-104478,0,0,0,0,Month-to-month,Credit card (auto),1,Fiber optic,1,1,1,1,1,0,0,85.85,82.8,1,1,185.3,17,8.2,0
CUST-104479,31,0,0,0,One year,Credit card (auto),0,Fiber optic,0,1,1,1,0,1,0,88.63,2613.15,3,0,5.0,64,5.9,0
CUST-104480,2,0,0,0,Month-to-month,Electronic check,1,No,1,0,0,0,0,0,0,20.3,39.33,4,2,183.3,75,5.6,0
CUST-104481,7,0,1,0,One year,Electronic check,1,Fiber optic,0,1,0,0,1,0,1,91.23,603.6,2,1,297.4,69,6.2,1
CUST-104482,6,0,0,1,Month-to-month,Bank transfer (auto),0,DSL,0,0,1,1,0,1,0,69.89,409.65,1,0,179.0,6,7.6,0
CUST-104483,20,0,0,1,One year,Mailed check,0,Fiber optic,1,1,0,1,0,0,0,82.91,1595.63,1,0,114.9,38,7.8,0
CUST-104484,10,1,0,0,Two year,Electronic check,1,Fiber optic,1,0,0,1,0,0,0,72.91,675.72,3,1,270.2,68,5.7,0
CUST-104485,29,0,0,0,Month-to-month,Mailed check,0,Fiber optic,0,0,1,0,0,0,1,76.09,2161.68,7,0,5.0,13,3.0,1
CUST-104486,35,0,1,0,Month-to-month,Bank transfer (auto),0,Fiber optic,1,0,1,1,1,0,0,81.39,2697.14,1,2,219.2,48,8.5,0
CUST-104487,4,0,1,0,One year,Credit card (auto),0,DSL,1,0,1,0,0,1,0,59.71,234.25,1,1,177.3,81,4.9,0
CUST-104488,5,0,0,0,Month-to-month,Credit card (auto),1,No,0,0,0,0,0,0,0,18.0,87.6,2,0,41.3,78,5.5,0
CUST-104489,22,0,0,1,Month-to-month,Credit card (auto),1,Fiber optic,1,0,0,1,0,0,0,89.16,1952.11,4,0,141.6,48,5.7,0
CUST-104490,38,0,0,0,One year,Mailed check,1,DSL,1,0,0,0,1,1,0,49.36,1836.42,3,0,182.1,71,5.2,0
CUST-104491,72,0,1,0,Month-to-month,Credit card (auto),1,DSL,0,1,0,0,0,1,1,50.44,3400.81,2,1,204.0,30,7.4,0
CUST-104492,6,0,0,0,One year,Electronic check,0,No,1,0,0,0,0,0,0,33.06,186.73,2,3,342.4,49,5.6,0
CUST-104493,43,0,0,0,Month-to-month,Mailed check,1,Fiber optic,0,0,0,1,1,1,0,79.71,3402.46,2,0,157.7,45,7.6,1
CUST-104494,3,0,1,0,Month-to-month,Credit card (auto),1,DSL,0,0,0,0,0,1,0,58.47,164.83,2,2,151.0,32,4.3,0
CUST-104495,12,0,0,0,One year,Credit card (auto),0,Fiber optic,0,0,0,0,1,1,1,83.59,967.58,1,1,125.0,64,8.4,0
CUST-104496,39,0,1,0,One year,Bank transfer (auto),1,No,0,0,0,0,0,0,0,21.23,807.03,1,2,116.8,52,6.5,0
CUST-104497,6,0,0,0,Month-to-month,Electronic check,0,Fiber optic,1,0,0,0,1,1,0,88.78,494.44,0,1,346.8,68,8.3,1
CUST-104498,4,0,0,0,Month-to-month,Electronic check,0,Fiber optic,0,0,0,0,0,1,1,81.3,303.57,4,0,275.1,62,6.6,1
CUST-104499,1,0,1,1,Month-to-month,Bank transfer (auto),0,DSL,0,0,0,0,1,0,1,52.67,51.05,1,1,47.5,8,6.2,0
CUST-104500,22,0,0,0,Month-to-month,Electronic check,1,DSL,1,0,0,0,1,1,1,65.44,1387.72,2,1,200.9,40,8.3,0
CUST-104501,20,0,0,0,Two year,Electronic check,1,No,0,0,0,0,0,0,0,27.24,502.53,3,2,136.7,80,5.0,0
CUST-104502,72,1,1,1,Month-to-month,Credit card (auto),1,DSL,1,0,0,0,0,1,0,52.98,3727.23,3,1,195.8,84,6.0,0
CUST-104503,16,1,0,0,One year,Electronic check,0,DSL,1,1,0,0,0,0,0,58.46,865.11,2,1,5.0,72,7.7,0
CUST-104504,5,0,1,0,Month-to-month,Mailed check,0,DSL,1,0,0,1,0,0,1,59.5,291.47,2,0,30.3,0,3.4,1
CUST-104505,11,0,0,1,Month-to-month,Electronic check,0,DSL,1,1,1,0,0,1,0,70.3,722.88,1,0,164.4,76,7.7,1
CUST-104506,1,0,1,0,One year,Electronic check,1,Fiber optic,1,0,0,0,0,0,0,85.63,82.38,3,2,243.6,13,6.7,0
CUST-104507,26,1,1,1,One year,Electronic check,0,No,0,0,0,0,0,0,0,18.0,454.34,2,2,168.9,59,5.2,0
CUST-104508,31,0,0,0,Month-to-month,Electronic check,1,DSL,1,0,1,1,0,0,1,60.55,1766.62,1,2,69.8,71,6.9,0
CUST-104509,6,0,1,1,Month-to-month,Mailed check,1,DSL,0,0,1,0,1,0,1,53.96,307.64,0,1,222.7,52,9.8,0
CUST-104510,7,0,1,0,Month-to-month,Mailed check,1,Fiber optic,0,0,1,1,0,0,1,88.99,600.6,2,0,155.4,31,6.1,1
CUST-104511,2,1,0,0,Month-to-month,Mailed check,0,No,1,0,0,0,0,0,0,29.47,58.06,6,1,154.1,6,5.3,1
CUST-104512,2,0,0,1,One year,Credit card (auto),0,No,0,0,0,0,0,0,0,19.52,37.87,1,2,101.4,13,4.7,0
CUST-104513,13,0,1,0,Month-to-month,Mailed check,0,No,0,0,0,0,0,0,0,18.83,231.35,2,0,314.0,61,7.4,0
CUST-104514,18,0,1,0,Month-to-month,Bank transfer (auto),1,DSL,0,0,0,0,0,0,0,40.73,696.63,1,1,155.6,10,7.4,0
CUST-104515,0,0,1,0,Month-to-month,Bank transfer (auto),0,Fiber optic,0,0,0,1,0,0,0,79.63,77.03,2,0,277.1,31,7.9,1
CUST-104516,26,0,1,0,Two year,Mailed check,1,Fiber optic,0,1,1,0,0,1,1,89.03,2227.51,0,1,154.2,78,5.0,0
CUST-104517,8,0,1,0,Month-to-month,Electronic check,0,DSL,0,0,0,0,0,1,0,60.17,480.2,3,2,23.1,69,6.4,1
CUST-104518,20,1,1,0,One year,Credit card (auto),1,Fiber optic,1,0,0,0,0,0,0,77.8,1499.93,1,4,212.9,21,7.5,1
CUST-104519,18,0,1,0,Month-to-month,Mailed check,0,Fiber optic,1,1,1,0,1,1,0,97.54,1657.61,3,1,230.3,74,7.2,0
CUST-104520,37,0,1,1,Month-to-month,Bank transfer (auto),0,Fiber optic,0,0,0,1,0,0,0,71.7,2645.0,1,0,47.8,47,6.9,0
CUST-104521,47,0,1,1,Month-to-month,Bank transfer (auto),1,DSL,0,1,0,1,1,0,0,54.61,2565.32,2,1,274.0,57,4.3,0
CUST-104522,46,0,0,1,One year,Credit card (auto),1,DSL,1,0,0,0,0,0,1,57.07,2471.78,0,0,141.1,29,6.0,0
CUST-104523,10,0,1,0,Month-to-month,Bank transfer (auto),1,Fiber optic,0,0,1,0,0,0,0,81.65,793.95,2,0,291.5,57,5.4,0
CUST-104524,23,0,0,0,Two year,Mailed check,1,DSL,0,0,1,1,1,1,0,60.17,1273.46,1,1,202.3,19,8.5,0
CUST-104525,4,0,1,0,Month-to-month,Mailed check,0,DSL,0,1,0,0,1,1,1,60.07,239.48,3,0,116.8,79,4.6,1
CUST-104526,15,0,1,0,Two year,Credit card (auto),1,Fiber optic,0,0,1,1,0,0,1,74.92,1114.25,1,1,135.3,58,9.6,0
CUST-104527,9,0,1,0,Month-to-month,Electronic check,0,DSL,0,0,0,0,0,0,0,59.85,507.53,2,2,332.7,79,5.3,1
CUST-104528,9,0,0,1,Month-to-month,Credit card (auto),1,DSL,1,1,0,0,0,0,0,53.91,447.6,0,0,250.5,77,7.8,1
CUST-104529,35,0,0,0,One year,Credit card (auto),0,DSL,0,0,0,0,1,1,0,45.41,1484.47,1,1,205.9,13,7.5,0
CUST-104530,55,0,0,0,Month-to-month,Electronic check,0,DSL,0,0,0,1,1,1,0,59.55,3248.09,4,1,260.9,82,4.9,0
CUST-104531,10,0,1,0,Month-to-month,Electronic check,0,DSL,0,0,0,1,0,0,0,50.97,491.4,2,0,263.7,21,6.0,1
CUST-104532,39,0,1,0,Two year,Credit card (auto),1,Fiber optic,0,0,0,1,1,0,1,88.22,3297.87,1,1,282.9,22,4.6,0
CUST-104533,14,0,0,0,One year,Electronic check,1,No,0,0,0,0,0,0,0,21.13,289.99,2,1,327.1,35,7.6,0
CUST-104534,7,0,0,0,Two year,Electronic check,1,DSL,0,0,0,0,0,1,0,38.96,262.6,1,2,305.2,27,7.3,0
CUST-104535,12,0,1,1,Month-to-month,Electronic check,0,Fiber optic,1,0,0,1,1,0,0,82.43,972.28,5,0,365.5,82,5.0,1
CUST-104536,8,1,0,0,One year,Electronic check,1,DSL,0,0,0,0,0,0,0,51.38,405.14,4,2,142.3,78,6.4,0
CUST-104537,4,1,1,0,One year,Mailed check,1,DSL,0,0,1,0,0,1,0,59.56,224.09,2,1,128.8,75,6.2,1
CUST-104538,1,0,1,1,One year,Bank transfer (auto),0,No,1,0,0,0,0,0,0,30.55,29.4,1,0,363.6,40,4.3,0
CUST-104539,1,0,1,1,One year,Bank transfer (auto),0,No,1,0,0,0,0,0,0,36.83,35.24,1,1,212.7,17,8.1,0
CUST-104540,30,0,0,1,One year,Electronic check,1,DSL,1,0,0,0,1,0,1,60.58,1770.52,0,1,153.8,10,7.6,0
CUST-104541,20,0,0,0,Two year,Mailed check,1,Fiber optic,0,0,0,0,0,0,0,76.94,1466.33,3,0,134.0,20,7.3,0
CUST-104542,10,0,1,0,Month-to-month,Electronic check,0,Fiber optic,1,0,0,1,0,0,0,79.87,759.76,4,3,223.4,59,5.2,1
CUST-104543,15,0,1,0,Month-to-month,Bank transfer (auto),0,No,0,0,0,0,0,0,0,30.39,451.85,4,0,119.2,17,5.4,0
CUST-104544,72,0,0,1,Month-to-month,Mailed check,0,Fiber optic,0,0,1,0,0,0,1,75.92,5380.97,3,0,101.8,52,5.9,0
CUST-104545,13,0,1,1,Month-to-month,Credit card (auto),1,Fiber optic,1,1,1,0,0,0,0,79.99,1036.76,1,1,196.5,73,5.2,0
CUST-104546,6,0,0,0,One year,Credit card (auto),0,No,1,0,0,0,0,0,0,20.75,115.69,1,2,202.7,87,7.0,0
CUST-104547,29,0,0,0,Month-to-month,Bank transfer (auto),1,Fiber optic,0,1,0,0,0,0,0,82.82,2294.51,8,2,212.0,29,4.4,1
CUST-104548,3,0,1,0,Month-to-month,Mailed check,1,No,0,0,0,0,0,0,0,28.99,85.7,5,1,100.3,87,5.1,1
CUST-104549,21,0,1,0,Two year,Bank transfer (auto),1,Fiber optic,1,0,0,0,0,0,1,76.86,1582.22,1,1,117.2,70,5.7,1
CUST-104550,13,0,1,0,Two year,Mailed check,1,No,0,0,0,0,0,0,0,18.0,223.57,1,0,262.9,3,5.2,0
CUST-104551,19,0,0,0,Month-to-month,Credit card (auto),1,No,1,0,0,0,0,0,0,18.0,325.8,1,0,183.9,6,8.0,0
CUST-104552,8,0,0,0,Month-to-month,Credit card (auto),1,Fiber optic,0,0,0,0,0,0,0,62.55,486.49,2,0,341.7,73,4.3,0
CUST-104553,12,0,1,0,Month-to-month,Credit card (auto),1,Fiber optic,1,0,0,1,0,0,0,80.83,948.94,4,2,194.4,83,6.4,1
CUST-104554,33,1,1,0,Month-to-month,Bank transfer (auto),1,No,0,0,0,0,0,0,0,18.28,593.18,2,2,160.6,11,3.3,0
CUST-104555,2,0,0,0,Month-to-month,Bank transfer (auto),0,Fiber optic,0,0,0,1,0,0,0,61.88,115.46,4,0,36.1,16,5.1,1
CUST-104556,38,0,0,0,Month-to-month,Mailed check,0,DSL,0,0,0,1,0,1,1,49.66,1803.43,4,1,98.3,82,6.3,0
CUST-104557,43,0,0,0,One year,Electronic check,0,DSL,1,0,0,0,1,0,0,68.6,2862.41,3,0,97.8,15,7.7,0
CUST-104558,11,0,1,0,Month-to-month,Bank transfer (auto),0,DSL,0,1,0,0,1,1,0,65.36,706.03,2,2,202.3,51,6.2,1
CUST-104559,30,0,1,0,Month-to-month,Credit card (auto),0,DSL,0,1,0,0,1,0,0,54.8,1520.99,2,0,42.3,41,8.0,0
CUST-104560,23,0,0,1,One year,Credit card (auto),1,DSL,0,0,1,1,0,0,0,54.98,1229.93,0,1,188.1,21,5.4,0
CUST-104561,17,0,0,0,Month-to-month,Credit card (auto),0,Fiber optic,0,0,0,0,0,0,1,74.52,1176.64,2,1,196.5,76,5.2,1
CUST-104562,33,1,0,0,Month-to-month,Mailed check,1,Fiber optic,0,0,0,0,0,0,1,73.75,2313.96,4,0,58.0,14,6.4,0
CUST-104563,10,1,1,0,Month-to-month,Bank transfer (auto),1,DSL,1,0,0,0,0,1,0,57.58,540.28,4,1,159.3,50,5.0,1
CUST-104564,44,0,0,0,Month-to-month,Bank transfer (auto),0,DSL,1,1,0,0,0,1,0,52.57,2145.01,1,0,102.4,67,6.2,0
CUST-104565,58,0,0,0,Month-to-month,Bank transfer (auto),1,DSL,0,0,1,0,1,0,1,56.95,3082.17,4,0,196.6,38,5.9,0
CUST-104566,23,0,1,1,Month-to-month,Electronic check,1,Fiber optic,1,1,0,1,1,1,1,88.36,1966.84,1,1,146.1,79,6.7,0
CUST-104567,5,0,0,0,Month-to-month,Bank transfer (auto),0,Fiber optic,0,1,1,0,0,1,0,82.25,395.09,6,0,289.1,37,5.0,0
CUST-104568,1,1,1,0,Two year,Electronic check,1,No,0,0,0,0,0,0,0,22.51,22.31,2,2,5.0,60,8.0,0
CUST-104569,12,0,1,1,Two year,Bank transfer (auto),1,Fiber optic,1,1,0,1,0,0,0,83.6,941.3,1,0,293.2,29,8.5,0
CUST-104570,2,0,0,0,Month-to-month,Credit card (auto),0,Fiber optic,1,0,0,1,0,1,0,88.51,163.96,4,1,43.8,61,6.7,1
CUST-104571,11,1,1,0,Two year,Bank transfer (auto),0,DSL,1,0,0,1,0,1,1,65.86,690.24,3,1,252.3,30,5.9,1
CUST-104572,59,0,1,0,Month-to-month,Electronic check,0,Fiber optic,0,0,0,1,0,0,1,81.66,4726.49,3,3,57.1,66,5.8,0
CUST-104573,34,0,1,0,Month-to-month,Mailed check,1,Fiber optic,0,1,0,0,1,1,0,85.62,2702.59,1,0,218.7,59,6.2,0
CUST-104574,2,0,1,1,Month-to-month,Bank transfer (auto),0,No,1,0,0,0,0,0,0,22.87,42.11,4,0,263.9,57,8.3,0
CUST-104575,5,0,0,1,Month-to-month,Bank transfer (auto),0,Fiber optic,1,1,1,1,1,1,0,91.94,449.99,3,0,140.8,45,5.8,1
CUST-104576,26,1,0,0,Month-to-month,Electronic check,0,No,0,0,0,0,0,0,0,18.0,433.53,5,3,224.6,5,6.5,0
CUST-104577,72,1,0,0,Two year,Mailed check,1,No,0,0,0,0,0,0,0,18.0,1230.65,0,1,112.6,83,6.7,0
CUST-104578,31,0,0,0,Month-to-month,Credit card (auto),1,No,1,0,0,0,0,0,0,32.83,964.51,2,1,279.7,83,7.9,0
CUST-104579,4,0,0,0,Month-to-month,Electronic check,1,Fiber optic,0,0,1,0,0,1,1,87.83,323.32,5,1,98.0,34,4.6,1
CUST-104580,12,0,0,0,Month-to-month,Bank transfer (auto),0,DSL,1,0,0,0,0,0,1,54.65,655.0,1,0,104.2,5,7.7,1
CUST-104581,37,0,1,1,Two year,Credit card (auto),1,Fiber optic,0,1,0,0,0,1,0,77.23,2771.19,2,0,184.3,8,8.5,0
CUST-104582,20,0,0,0,Month-to-month,Credit card (auto),0,No,0,0,0,0,0,0,0,18.0,338.29,4,0,251.2,72,7.6,1
CUST-104583,11,0,1,0,Two year,Credit card (auto),1,No,0,0,0,0,0,0,0,18.0,188.17,3,0,113.6,31,6.5,1
CUST-104584,72,0,1,1,Month-to-month,Credit card (auto),1,No,1,0,0,0,0,0,0,30.48,2135.85,0,0,162.5,51,7.2,0
CUST-104585,30,0,0,1,One year,Mailed check,1,Fiber optic,1,0,0,0,0,1,1,84.4,2488.74,1,1,148.5,33,7.3,0
CUST-104586,15,0,1,0,Month-to-month,Mailed check,0,No,1,0,0,0,0,0,0,25.98,371.12,2,0,278.4,72,8.0,0
CUST-104587,27,1,0,0,Month-to-month,Electronic check,0,Fiber optic,0,0,0,0,0,1,0,78.49,2044.33,1,0,261.0,38,7.9,0
CUST-104588,6,0,1,1,Month-to-month,Electronic check,1,Fiber optic,0,0,0,0,0,0,0,72.64,412.78,3,5,94.7,2,5.3,1
CUST-104589,44,0,1,0,Month-to-month,Bank transfer (auto),1,Fiber optic,1,0,0,1,0,0,0,81.11,3288.58,3,1,5.0,68,7.5,0
CUST-104590,18,0,1,0,Month-to-month,Electronic check,1,DSL,0,0,0,0,0,1,1,61.13,1033.62,4,1,26.2,82,3.9,1
CUST-104591,28,0,1,0,Month-to-month,Electronic check,1,Fiber optic,1,1,1,1,0,1,0,92.8,2498.76,5,2,304.1,36,5.9,0
CUST-104592,72,0,1,1,One year,Credit card (auto),1,DSL,1,0,1,1,0,1,0,60.72,4123.89,2,1,327.4,70,5.4,0
CUST-104593,17,0,1,0,One year,Electronic check,1,Fiber optic,0,0,0,0,0,0,1,66.91,1056.03,4,3,143.9,33,7.4,1
CUST-104594,15,0,1,0,Month-to-month,Electronic check,1,Fiber optic,0,1,0,0,1,1,0,90.7,1349.3,0,0,155.5,11,9.0,0
CUST-104595,18,0,0,0,One year,Bank transfer (auto),0,DSL,0,1,1,0,0,0,0,50.2,882.69,2,0,183.8,52,4.8,0
CUST-104596,10,0,1,1,One year,Electronic check,1,Fiber optic,1,1,1,1,1,0,1,100.58,995.18,2,2,179.8,2,4.9,0
CUST-104597,21,0,1,0,Two year,Mailed check,1,DSL,1,0,0,1,0,0,0,68.74,1372.98,3,0,291.3,69,4.4,1
CUST-104598,2,1,0,0,Month-to-month,Electronic check,0,DSL,0,0,0,0,0,0,0,40.24,78.68,4,5,287.4,85,5.2,1
CUST-104599,47,0,1,0,Month-to-month,Bank transfer (auto),1,DSL,1,1,1,1,0,0,0,67.19,3065.57,3,0,68.9,67,7.4,1
CUST-104600,72,0,1,0,Two year,Bank transfer (auto),1,DSL,0,1,0,0,1,0,1,59.15,4036.19,2,0,104.0,58,4.6,0
CUST-104601,16,0,1,1,Two year,Bank transfer (auto),1,No,0,0,0,0,0,0,0,20.28,307.33,6,3,191.4,64,3.6,0
CUST-104602,0,0,0,0,Two year,Electronic check,1,Fiber optic,0,0,0,0,0,1,0,80.01,77.36,2,2,356.3,2,5.4,0
CUST-104603,8,0,1,1,One year,Bank transfer (auto),0,Fiber optic,0,0,1,0,0,1,0,81.29,598.91,1,1,219.8,75,7.0,1
CUST-104604,0,0,1,0,One year,Electronic check,1,Fiber optic,0,0,0,0,0,0,0,71.13,65.96,3,2,200.2,37,5.2,0
CUST-104605,4,0,0,0,Two year,Bank transfer (auto),0,Fiber optic,1,1,0,0,1,1,0,101.57,394.91,1,0,145.3,18,7.7,0
CUST-104606,57,0,1,0,Month-to-month,Electronic check,1,No,1,0,0,0,0,0,0,19.12,1070.24,2,3,87.3,78,4.3,0
CUST-104607,12,0,1,0,Month-to-month,Electronic check,0,Fiber optic,1,0,0,0,1,0,1,79.88,886.96,3,2,102.2,16,4.2,1
CUST-104608,16,0,0,1,Two year,Electronic check,0,DSL,0,0,0,1,0,1,1,58.11,890.15,2,2,108.6,43,5.0,0
CUST-104609,20,0,1,1,Two year,Electronic check,1,No,1,0,0,0,0,0,0,31.14,609.44,3,4,281.3,30,5.1,0
CUST-104610,6,0,0,0,Month-to-month,Electronic check,1,Fiber optic,0,1,0,0,0,0,1,78.75,449.96,5,1,290.8,69,5.5,1
CUST-104611,46,0,1,0,Month-to-month,Electronic check,1,No,0,0,0,0,0,0,0,18.0,769.89,1,1,268.3,80,4.4,0
CUST-104612,24,0,1,1,Two year,Credit card (auto),1,No,1,0,0,0,0,0,0,35.59,829.97,2,0,129.7,24,5.4,0
CUST-104613,25,0,0,0,Month-to-month,Bank transfer (auto),0,Fiber optic,0,0,1,0,0,1,0,83.87,2085.92,3,0,174.2,8,6.6,0
CUST-104614,18,0,0,1,One year,Bank transfer (auto),1,No,0,0,0,0,0,0,0,18.0,321.42,1,1,443.4,78,8.4,0
CUST-104615,29,0,0,0,Month-to-month,Electronic check,0,DSL,0,1,1,0,0,0,0,63.84,1831.97,0,1,243.2,8,5.9,0
CUST-104616,13,0,0,0,Month-to-month,Electronic check,0,Fiber optic,0,0,0,1,0,1,0,76.5,991.54,5,2,149.6,6,6.1,1
CUST-104617,36,0,1,0,One year,Credit card (auto),0,Fiber optic,1,1,0,0,0,1,1,89.87,3186.01,1,0,86.0,58,5.5,0
CUST-104618,20,0,0,0,Two year,Electronic check,0,No,1,0,0,0,0,0,0,18.82,354.15,3,0,247.3,10,8.3,0
CUST-104619,1,0,0,1,Month-to-month,Credit card (auto),0,Fiber optic,0,1,0,1,1,1,0,89.58,88.46,3,0,209.2,60,4.8,1
CUST-104620,2,0,0,0,Month-to-month,Bank transfer (auto),1,DSL,1,0,1,1,0,0,1,78.05,153.4,0,0,110.0,85,4.7,0
CUST-104621,11,0,1,0,Month-to-month,Mailed check,0,DSL,1,0,0,1,0,0,0,68.82,739.87,3,3,235.1,56,5.1,1
CUST-104622,1,0,1,0,Month-to-month,Bank transfer (auto),1,Fiber optic,0,0,1,0,1,0,0,76.86,76.02,2,1,87.5,18,4.8,1
CUST-104623,2,1,0,0,Two year,Bank transfer (auto),1,Fiber optic,1,0,1,1,1,1,0,92.76,170.79,1,1,335.6,26,7.2,1
CUST-104624,11,0,0,1,Month-to-month,Credit card (auto),1,Fiber optic,0,0,1,1,1,0,0,83.63,884.35,0,0,150.3,2,6.4,0
CUST-104625,8,0,0,0,Two year,Bank transfer (auto),1,Fiber optic,0,1,0,0,0,0,0,83.06,653.26,4,1,252.2,63,6.6,0
CUST-104626,25,0,0,1,Two year,Electronic check,1,Fiber optic,0,0,1,1,0,1,0,84.73,2001.1,2,1,301.9,41,6.0,1
CUST-104627,7,0,0,0,Month-to-month,Bank transfer (auto),0,DSL,0,1,0,0,0,0,0,54.29,355.05,0,0,119.0,78,6.3,1
CUST-104628,7,0,1,0,Month-to-month,Electronic check,1,DSL,1,0,1,0,1,1,1,75.17,489.97,2,0,221.4,18,7.3,1
CUST-104629,11,0,1,0,Two year,Mailed check,0,No,1,0,0,0,0,0,0,34.8,370.34,0,2,374.7,50,5.5,0
CUST-104630,1,0,0,0,Month-to-month,Bank transfer (auto),0,Fiber optic,0,0,0,1,0,0,1,84.17,80.9,2,0,322.2,56,6.4,0
CUST-104631,24,0,1,0,Two year,Electronic check,0,Fiber optic,0,1,0,1,0,0,1,79.67,1817.1,3,1,5.0,10,5.3,0
CUST-104632,32,1,1,0,Month-to-month,Credit card (auto),0,Fiber optic,0,0,0,1,0,1,0,79.94,2539.34,1,1,225.5,39,7.5,1
CUST-104633,72,0,0,0,Month-to-month,Credit card (auto),0,DSL,0,0,0,0,0,0,1,46.81,3298.35,5,0,311.5,64,3.8,1
CUST-104634,36,0,0,0,Month-to-month,Electronic check,1,DSL,0,0,1,0,0,0,1,59.61,2066.57,1,2,277.2,5,4.2,0
CUST-104635,9,0,1,1,Month-to-month,Electronic check,1,No,1,0,0,0,0,0,0,31.12,275.13,3,2,230.4,59,6.4,0
CUST-104636,35,0,0,1,One year,Mailed check,1,DSL,0,0,0,1,1,1,0,61.86,2058.89,0,2,317.9,78,5.3,0
CUST-104637,72,0,1,0,One year,Electronic check,1,DSL,0,0,1,1,0,0,1,60.69,4187.61,1,0,193.1,27,7.0,0
CUST-104638,6,0,1,1,Month-to-month,Electronic check,0,Fiber optic,1,1,0,1,0,0,0,77.88,462.53,1,1,440.4,63,8.2,1
CUST-104639,72,0,1,1,Month-to-month,Credit card (auto),1,No,0,0,0,0,0,0,0,23.35,1659.11,4,3,105.8,30,6.0,0
CUST-104640,10,0,0,1,Month-to-month,Electronic check,0,Fiber optic,1,0,0,0,0,0,0,70.41,684.55,2,1,213.8,57,5.9,1
CUST-104641,1,0,0,0,Two year,Electronic check,1,Fiber optic,1,0,1,0,0,0,0,76.45,72.98,3,0,133.1,88,7.4,1
CUST-104642,2,0,1,0,Two year,Mailed check,0,No,0,0,0,0,0,0,0,26.76,52.51,3,0,302.4,75,6.1,0
CUST-104643,5,0,0,0,One year,Electronic check,1,No,1,0,0,0,0,0,0,25.68,125.77,1,0,192.0,35,5.4,0
CUST-104644,27,0,0,1,Two year,Credit card (auto),1,Fiber optic,1,1,0,0,1,0,0,78.77,2022.99,2,0,22.0,8,9.6,0
CUST-104645,30,0,1,0,Month-to-month,Credit card (auto),0,DSL,0,0,0,0,1,1,0,50.28,1428.82,1,0,18.5,9,6.4,0
CUST-104646,28,0,0,0,Month-to-month,Mailed check,1,Fiber optic,1,1,0,1,0,1,0,95.97,2648.69,3,1,32.3,84,6.4,1
CUST-104647,12,1,1,1,Month-to-month,Electronic check,0,No,0,0,0,0,0,0,0,18.0,213.37,2,2,14.1,24,6.1,1
CUST-104648,20,0,1,1,Two year,Credit card (auto),1,Fiber optic,0,1,0,1,1,0,0,90.18,1681.11,0,0,251.1,83,6.0,0
CUST-104649,29,0,1,0,Month-to-month,Bank transfer (auto),0,No,1,0,0,0,0,0,0,33.46,955.59,2,1,135.6,37,7.4,0
CUST-104650,18,0,0,1,Two year,Mailed check,0,Fiber optic,1,0,0,1,0,0,1,93.02,1604.77,3,1,197.6,44,5.4,0
CUST-104651,14,0,1,1,Month-to-month,Mailed check,0,DSL,1,0,0,1,1,1,0,70.42,941.71,3,0,237.1,48,7.7,0
CUST-104652,7,1,1,0,Month-to-month,Bank transfer (auto),1,Fiber optic,1,1,1,1,0,1,1,92.87,615.39,4,0,40.5,24,4.7,1
CUST-104653,12,0,0,1,Month-to-month,Electronic check,0,No,1,0,0,0,0,0,0,26.44,301.3,3,3,138.6,40,4.3,1
CUST-104654,35,0,1,0,One year,Mailed check,1,DSL,0,0,0,0,0,0,0,47.63,1639.83,3,0,383.7,55,6.6,0
CUST-104655,19,0,0,0,Month-to-month,Bank transfer (auto),1,Fiber optic,1,0,0,1,0,1,0,82.19,1517.32,0,0,294.3,70,8.6,0
CUST-104656,5,0,0,1,Two year,Mailed check,0,Fiber optic,1,0,0,0,0,0,0,81.07,385.59,1,1,235.7,15,7.4,0
CUST-104657,6,0,1,0,One year,Bank transfer (auto),1,Fiber optic,0,0,0,0,0,1,0,80.9,472.66,2,0,224.4,76,4.2,0
CUST-104658,37,0,0,0,Month-to-month,Bank transfer (auto),0,Fiber optic,0,1,0,1,0,1,0,76.74,2719.61,3,0,177.8,43,7.5,1
CUST-104659,57,1,0,1,One year,Bank transfer (auto),1,Fiber optic,0,0,1,1,0,0,0,68.15,3721.58,2,0,89.7,65,5.8,0
CUST-104660,9,0,1,0,Month-to-month,Bank transfer (auto),1,No,1,0,0,0,0,0,0,28.58,256.14,1,1,338.6,88,4.9,0
CUST-104661,12,1,0,0,Two year,Electronic check,0,DSL,0,1,0,1,1,0,0,73.15,843.37,0,1,21.3,34,9.0,0
CUST-104662,0,1,1,0,Month-to-month,Bank transfer (auto),0,Fiber optic,1,0,0,1,0,1,0,86.69,84.75,2,1,44.8,44,5.5,1
CUST-104663,3,0,0,0,One year,Credit card (auto),0,DSL,0,0,0,1,0,1,0,46.37,135.14,2,1,190.6,25,7.5,0
CUST-104664,29,0,1,0,Month-to-month,Electronic check,0,DSL,1,0,0,1,0,0,1,65.35,1843.7,4,0,189.9,21,6.1,0
CUST-104665,72,1,1,0,Month-to-month,Credit card (auto),1,DSL,0,1,1,0,0,0,0,55.98,3906.1,3,0,322.3,80,6.5,0
CUST-104666,22,0,0,1,One year,Credit card (auto),0,DSL,1,0,1,0,0,0,1,65.45,1358.34,1,1,5.0,72,7.9,0
CUST-104667,19,0,1,0,Month-to-month,Bank transfer (auto),1,Fiber optic,0,0,1,0,1,1,1,101.13,1912.23,0,1,221.4,46,6.1,0
CUST-104668,36,0,0,0,One year,Electronic check,1,Fiber optic,0,0,0,0,0,0,0,62.72,2124.41,2,3,200.0,56,7.2,0
CUST-104669,8,0,0,0,Month-to-month,Bank transfer (auto),0,DSL,0,0,1,1,1,1,0,67.53,526.55,0,2,175.3,21,5.0,1
CUST-104670,19,1,0,0,Month-to-month,Mailed check,1,No,0,0,0,0,0,0,0,19.88,364.29,2,0,53.7,53,6.7,0
CUST-104671,12,0,0,0,Month-to-month,Electronic check,0,Fiber optic,0,0,0,0,1,0,0,77.02,884.66,1,1,139.9,6,9.1,0
CUST-104672,12,0,0,0,One year,Electronic check,1,No,0,0,0,0,0,0,0,18.0,202.56,3,2,155.7,13,6.9,1
CUST-104673,5,1,1,0,Month-to-month,Bank transfer (auto),1,No,0,0,0,0,0,0,0,18.0,87.95,3,0,398.0,22,6.2,0
CUST-104674,14,0,1,0,Month-to-month,Bank transfer (auto),0,Fiber optic,0,1,1,1,0,0,0,93.44,1210.81,4,0,236.8,88,8.0,0
CUST-104675,17,0,1,0,Month-to-month,Mailed check,1,Fiber optic,0,0,1,0,0,1,1,94.3,1585.42,5,0,73.1,82,4.5,1
CUST-104676,46,0,1,0,Month-to-month,Mailed check,1,No,0,0,0,0,0,0,0,31.7,1432.91,3,0,328.1,12,6.6,0
CUST-104677,72,0,0,0,One year,Mailed check,1,Fiber optic,0,0,1,0,0,1,0,74.6,5264.89,3,1,248.4,81,5.6,0
CUST-104678,2,0,0,0,Two year,Mailed check,0,Fiber optic,0,0,0,0,1,0,0,73.62,135.89,1,1,169.7,77,7.1,0
CUST-104679,3,0,0,0,One year,Mailed check,1,DSL,1,1,0,0,0,0,0,64.85,194.21,6,1,173.3,70,6.1,0
CUST-104680,43,0,1,0,Month-to-month,Electronic check,1,DSL,1,0,0,1,0,0,0,56.59,2258.63,3,2,132.8,65,5.9,1
CUST-104681,20,0,1,1,Month-to-month,Mailed check,1,No,0,0,0,0,0,0,0,18.0,341.31,2,2,195.4,56,5.0,0
CUST-104682,34,0,0,0,One year,Electronic check,0,DSL,0,0,0,0,0,0,0,47.53,1548.75,1,2,228.1,33,3.1,0
CUST-104683,2,0,0,0,One year,Credit card (auto),0,DSL,0,0,1,0,0,0,0,42.12,83.66,1,1,188.0,42,8.2,0
CUST-104684,4,0,0,0,Month-to-month,Mailed check,0,Fiber optic,0,0,1,0,0,0,1,68.11,266.8,6,1,162.1,28,5.9,0
CUST-104685,20,0,1,0,One year,Credit card (auto),1,No,0,0,0,0,0,0,0,34.11,643.62,2,0,203.5,86,7.2,0
CUST-104686,14,0,0,0,Month-to-month,Mailed check,1,No,1,0,0,0,0,0,0,26.22,358.64,3,0,240.7,85,6.7,0
CUST-104687,15,1,1,0,Month-to-month,Electronic check,0,Fiber optic,0,1,0,1,0,0,1,88.43,1241.23,3,0,214.4,42,6.1,0
CUST-104688,54,0,0,0,Month-to-month,Electronic check,1,Fiber optic,0,1,1,1,0,0,1,86.36,4474.52,2,2,242.4,43,4.7,1
CUST-104689,33,0,0,0,Month-to-month,Electronic check,1,Fiber optic,0,0,0,0,0,0,0,71.44,2197.08,2,4,102.5,73,5.8,1
CUST-104690,12,0,0,0,Month-to-month,Mailed check,0,DSL,1,1,0,1,0,1,0,66.84,746.05,5,1,238.1,16,5.4,0
CUST-104691,54,0,1,1,Month-to-month,Credit card (auto),1,DSL,1,1,1,0,0,0,0,53.03,2847.43,4,0,71.7,39,7.7,0
CUST-104692,14,1,1,1,Month-to-month,Electronic check,1,No,0,0,0,0,0,0,0,18.0,245.36,4,3,259.9,7,4.9,0
CUST-104693,33,1,0,0,Month-to-month,Mailed check,1,No,0,0,0,0,0,0,0,24.34,745.58,4,0,36.8,85,6.9,0
CUST-104694,32,0,0,1,Month-to-month,Electronic check,1,DSL,0,0,1,0,1,1,1,64.99,1978.55,3,2,283.6,84,5.8,0
CUST-104695,11,0,0,0,Month-to-month,Mailed check,0,Fiber optic,0,1,0,1,0,0,0,78.91,858.76,4,0,279.6,40,6.4,0
CUST-104696,26,0,0,0,Two year,Bank transfer (auto),1,No,0,0,0,0,0,0,0,18.0,440.26,0,0,212.1,60,5.7,0
CUST-104697,60,0,0,0,One year,Electronic check,1,Fiber optic,0,0,0,0,0,1,0,77.59,4592.7,3,0,118.7,1,4.0,0
CUST-104698,54,0,0,1,Month-to-month,Electronic check,1,DSL,1,0,0,0,0,1,1,59.26,2959.88,2,2,172.3,81,5.6,0
CUST-104699,22,0,1,0,Month-to-month,Bank transfer (auto),1,DSL,1,1,1,0,0,1,1,67.31,1394.72,4,1,264.3,38,6.8,0
CUST-104700,6,0,1,1,Month-to-month,Mailed check,0,Fiber optic,1,0,0,1,0,0,1,82.02,476.2,2,2,241.0,24,6.2,0
CUST-104701,8,0,1,0,Month-to-month,Mailed check,0,Fiber optic,0,1,0,0,0,0,1,79.5,606.4,6,0,124.6,66,4.8,1
CUST-104702,37,0,1,0,Month-to-month,Bank transfer (auto),1,Fiber optic,1,0,0,0,0,0,0,77.35,2807.98,2,0,143.6,86,5.6,0
CUST-104703,18,0,1,0,Month-to-month,Electronic check,1,Fiber optic,0,1,1,0,0,0,1,81.1,1438.17,2,1,408.2,35,4.3,1
CUST-104704,18,0,1,0,Month-to-month,Credit card (auto),1,Fiber optic,0,0,0,0,0,1,1,87.1,1450.52,5,0,64.6,32,6.1,1
CUST-104705,1,1,0,1,One year,Credit card (auto),1,DSL,1,0,0,1,1,1,1,71.22,67.45,1,1,5.0,47,6.2,0
CUST-104706,7,1,0,0,Month-to-month,Mailed check,0,DSL,1,1,0,1,0,0,0,53.25,369.6,5,0,5.0,88,2.5,1
CUST-104707,27,0,0,0,Month-to-month,Mailed check,0,DSL,1,0,0,1,1,0,1,62.69,1643.69,1,1,177.9,20,6.9,1
CUST-104708,7,0,1,0,Month-to-month,Mailed check,1,Fiber optic,1,0,0,0,0,0,0,79.29,525.34,3,1,115.6,67,6.8,0
CUST-104709,4,0,0,1,Two year,Credit card (auto),0,Fiber optic,0,0,0,1,1,0,0,83.02,321.14,2,0,164.3,18,10.0,0
CUST-104710,10,0,0,0,One year,Electronic check,0,DSL,0,1,1,0,0,1,0,52.54,491.6,0,2,263.5,33,8.6,0
CUST-104711,28,0,1,0,One year,Bank transfer (auto),0,No,0,0,0,0,0,0,0,18.0,502.59,2,0,351.2,69,7.0,0
CUST-104712,29,0,1,0,Two year,Electronic check,0,Fiber optic,0,0,1,1,0,0,1,86.43,2464.95,3,2,195.7,21,5.4,1
CUST-104713,19,0,1,0,Month-to-month,Credit card (auto),0,Fiber optic,1,0,1,0,0,1,0,87.47,1573.67,3,0,193.4,73,6.7,0
CUST-104714,15,0,1,0,Month-to-month,Credit card (auto),1,No,0,0,0,0,0,0,0,22.22,317.15,2,0,340.4,8,6.1,0
CUST-104715,49,0,1,0,One year,Electronic check,1,DSL,0,1,1,1,0,1,0,58.91,2833.1,4,0,235.2,15,4.9,0
CUST-104716,45,0,1,0,Month-to-month,Mailed check,0,DSL,1,1,1,0,0,0,0,66.99,2922.0,0,1,226.8,77,5.7,0
CUST-104717,13,1,0,0,One year,Bank transfer (auto),1,DSL,1,1,0,1,0,0,0,66.64,834.76,3,1,303.8,54,3.3,1
CUST-104718,52,0,1,0,Month-to-month,Bank transfer (auto),0,No,1,0,0,0,0,0,0,31.77,1546.24,5,0,164.7,52,5.7,0
CUST-104719,57,1,1,0,Month-to-month,Electronic check,1,Fiber optic,0,0,1,1,1,0,1,85.23,4688.25,3,3,47.9,42,6.1,0
CUST-104720,26,0,0,0,Month-to-month,Bank transfer (auto),1,DSL,0,0,1,0,1,0,0,51.12,1322.7,0,0,182.4,51,9.2,1
CUST-104721,13,0,1,0,Month-to-month,Bank transfer (auto),0,DSL,1,1,0,1,0,0,0,60.89,751.32,1,2,101.8,3,3.4,1
CUST-104722,18,1,1,0,One year,Credit card (auto),1,DSL,1,0,0,0,1,0,0,46.9,825.51,3,1,144.9,43,7.7,0
CUST-104723,7,1,1,0,Month-to-month,Bank transfer (auto),1,Fiber optic,0,0,0,0,1,0,0,72.03,464.73,4,0,119.9,11,6.5,1
CUST-104724,43,1,1,0,Month-to-month,Bank transfer (auto),1,Fiber optic,1,0,1,0,0,0,1,92.18,3896.8,2,1,180.2,36,7.9,1
CUST-104725,15,0,0,0,Month-to-month,Electronic check,0,Fiber optic,1,1,1,0,1,0,0,86.41,1265.53,2,0,198.9,28,9.1,0
CUST-104726,35,0,0,0,Two year,Electronic check,1,DSL,1,0,0,0,1,0,0,68.28,2214.64,0,0,52.3,64,5.2,0
CUST-104727,35,0,0,1,One year,Bank transfer (auto),0,No,0,0,0,0,0,0,0,18.0,627.27,2,0,306.4,53,7.1,0
CUST-104728,1,0,1,1,One year,Bank transfer (auto),1,No,0,0,0,0,0,0,0,18.0,17.98,2,0,258.5,44,6.8,0
CUST-104729,48,1,1,1,Month-to-month,Credit card (auto),0,Fiber optic,1,0,1,0,0,1,0,82.71,3867.47,1,1,82.9,64,7.6,0
CUST-104730,5,0,1,1,Month-to-month,Mailed check,1,Fiber optic,0,0,0,0,0,0,0,73.28,357.73,3,1,206.6,18,8.0,1
CUST-104731,8,0,1,1,Month-to-month,Electronic check,0,No,0,0,0,0,0,0,0,18.0,138.23,2,0,396.7,43,6.3,1
CUST-104732,20,1,1,0,Month-to-month,Electronic check,0,Fiber optic,0,0,0,0,1,0,1,71.47,1316.02,1,2,195.6,11,5.9,0
CUST-104733,21,1,0,0,Month-to-month,Mailed check,1,DSL,1,0,0,1,0,0,1,65.02,1313.96,1,0,182.4,2,6.4,0
CUST-104734,12,1,0,1,Two year,Electronic check,1,Fiber optic,1,0,0,0,0,0,1,83.9,998.4,2,3,52.5,29,3.6,1
CUST-104735,11,0,0,0,Month-to-month,Electronic check,0,DSL,0,1,0,0,1,1,1,58.22,621.09,1,2,110.4,60,9.8,1
CUST-104736,33,0,1,0,Month-to-month,Electronic check,0,DSL,0,1,1,1,0,0,1,73.21,2409.05,3,1,192.6,30,8.3,0
CUST-104737,18,1,0,1,Month-to-month,Mailed check,1,No,1,0,0,0,0,0,0,32.22,577.15,5,0,235.7,85,5.1,0
CUST-104738,29,0,1,0,Month-to-month,Electronic check,1,No,1,0,0,0,0,0,0,31.27,853.91,1,0,130.1,56,7.1,0
CUST-104739,50,0,1,0,Month-to-month,Credit card (auto),0,Fiber optic,0,0,1,0,0,0,0,70.75,3459.23,5,0,190.5,44,4.1,0
CUST-104740,15,1,0,0,One year,Credit card (auto),0,No,0,0,0,0,0,0,0,18.0,263.46,3,1,323.0,32,5.0,0
CUST-104741,16,0,1,0,Two year,Electronic check,0,No,1,0,0,0,0,0,0,36.5,583.98,1,1,193.9,62,7.7,0
CUST-104742,12,0,1,0,One year,Bank transfer (auto),1,Fiber optic,0,0,0,1,0,0,0,69.01,784.58,2,3,282.7,29,6.2,1
CUST-104743,8,0,1,0,Two year,Mailed check,1,No,1,0,0,0,0,0,0,31.0,230.01,3,0,168.3,29,6.6,0
CUST-104744,45,0,0,0,Month-to-month,Credit card (auto),1,No,0,0,0,0,0,0,0,25.43,1060.56,2,0,277.4,40,6.3,0
CUST-104745,3,1,0,0,One year,Bank transfer (auto),1,DSL,0,0,1,1,0,0,0,45.44,130.96,1,0,227.7,54,7.8,1
CUST-104746,30,0,0,0,Two year,Electronic check,0,No,1,0,0,0,0,0,0,26.61,785.68,1,1,107.6,52,4.1,0
CUST-104747,13,0,1,0,Month-to-month,Electronic check,1,No,1,0,0,0,0,0,0,22.03,276.06,2,4,87.4,70,5.9,1
CUST-104748,14,0,1,0,One year,Credit card (auto),1,DSL,1,0,0,0,1,0,0,59.58,833.51,3,0,298.3,39,9.0,0
CUST-104749,65,1,1,0,Two year,Credit card (auto),1,Fiber optic,1,0,1,0,1,1,0,86.43,5541.85,2,0,236.1,38,8.0,0
CUST-104750,11,1,1,0,One year,Mailed check,1,DSL,1,0,1,0,1,1,0,61.05,669.85,5,1,91.8,40,3.7,1
CUST-104751,12,0,0,0,Month-to-month,Bank transfer (auto),0,Fiber optic,0,0,0,1,0,0,0,66.44,739.76,5,1,177.0,64,5.6,1
CUST-104752,6,0,1,1,Month-to-month,Bank transfer (auto),0,Fiber optic,0,0,0,1,0,0,0,73.91,411.41,4,0,234.3,6,5.2,1
CUST-104753,14,0,0,0,One year,Bank transfer (auto),0,DSL,1,1,0,0,0,0,0,47.22,657.56,3,1,5.0,62,8.1,0
CUST-104754,5,0,0,0,Two year,Mailed check,1,Fiber optic,1,0,1,1,0,1,0,100.28,475.34,1,0,200.7,64,6.9,1
CUST-104755,20,0,1,0,Month-to-month,Electronic check,0,Fiber optic,0,0,0,1,0,0,0,73.09,1352.25,4,2,242.5,41,8.1,1
CUST-104756,10,0,1,0,Month-to-month,Electronic check,0,DSL,1,0,0,0,1,0,0,62.26,586.9,1,1,185.5,30,9.8,1
CUST-104757,14,0,1,0,Month-to-month,Bank transfer (auto),0,Fiber optic,0,0,1,0,0,0,0,73.84,962.05,5,1,248.5,80,5.8,0
CUST-104758,59,0,1,1,Month-to-month,Mailed check,1,No,1,0,0,0,0,0,0,29.67,1723.38,4,0,89.5,78,6.0,0
CUST-104759,72,0,0,0,One year,Credit card (auto),1,DSL,0,0,1,1,1,1,0,55.03,3944.25,2,0,349.5,0,8.7,0
CUST-104760,5,0,0,1,Month-to-month,Credit card (auto),0,Fiber optic,0,0,1,1,0,0,0,82.03,403.45,0,0,5.0,38,6.3,0
CUST-104761,49,0,0,0,Month-to-month,Electronic check,0,DSL,0,0,0,0,1,0,1,46.64,2123.8,5,1,39.2,72,6.1,0
CUST-104762,1,0,1,1,One year,Credit card (auto),1,DSL,1,0,0,0,0,1,1,69.96,68.45,2,0,251.5,5,6.2,0
CUST-104763,19,0,0,1,Month-to-month,Bank transfer (auto),0,Fiber optic,0,0,0,1,0,0,1,75.69,1325.0,4,1,196.3,66,4.9,0
CUST-104764,72,0,0,0,One year,Bank transfer (auto),0,DSL,1,0,0,0,0,1,0,61.42,4171.98,2,0,24.1,43,7.7,0
CUST-104765,21,1,0,0,Month-to-month,Electronic check,0,Fiber optic,0,0,0,1,0,0,0,66.89,1304.5,3,2,285.9,12,5.8,1
CUST-104766,62,0,1,0,Month-to-month,Mailed check,1,DSL,0,1,0,0,0,1,1,62.74,3848.48,4,0,78.0,59,8.7,0
CUST-104767,31,1,1,0,Two year,Credit card (auto),0,Fiber optic,1,0,0,0,0,0,1,72.15,2111.22,1,1,235.8,30,5.8,0
CUST-104768,15,0,0,0,Month-to-month,Bank transfer (auto),0,DSL,0,0,1,1,0,0,0,44.15,657.62,7,0,5.0,22,3.4,1
CUST-104769,21,0,0,0,Month-to-month,Bank transfer (auto),1,No,1,0,0,0,0,0,0,33.99,657.1,2,0,40.0,28,6.5,0
CUST-104770,21,0,1,1,Month-to-month,Electronic check,0,Fiber optic,1,1,0,0,0,0,0,87.9,1768.4,3,0,264.1,44,7.0,0
CUST-104771,32,0,1,0,One year,Electronic check,1,DSL,1,0,0,0,0,0,0,50.04,1592.43,2,4,355.4,84,5.3,1
CUST-104772,13,1,0,1,Month-to-month,Mailed check,1,DSL,0,0,0,0,0,1,0,47.06,575.58,6,2,195.9,30,5.5,1
CUST-104773,15,0,0,0,Month-to-month,Bank transfer (auto),0,Fiber optic,1,0,0,0,0,1,0,81.44,1178.13,6,0,191.4,53,4.0,1
CUST-104774,72,0,1,0,Month-to-month,Credit card (auto),1,No,0,0,0,0,0,0,0,21.47,1456.51,1,0,45.9,68,7.9,0
CUST-104775,7,0,1,1,Two year,Mailed check,1,Fiber optic,0,0,0,1,1,0,0,84.7,551.39,1,1,117.0,3,5.7,1
CUST-104776,9,0,0,0,One year,Electronic check,0,Fiber optic,1,0,0,0,0,0,0,75.74,674.08,3,0,92.0,76,4.2,0
CUST-104777,13,1,1,1,Two year,Electronic check,0,Fiber optic,0,1,0,0,0,0,1,69.4,842.05,1,1,112.5,75,4.5,0
CUST-104778,15,0,1,1,One year,Electronic check,0,DSL,0,0,0,0,0,0,0,44.26,639.8,2,2,42.4,83,7.9,0
CUST-104779,6,0,0,0,Two year,Electronic check,1,Fiber optic,0,0,1,1,1,0,0,78.85,455.94,2,1,247.8,57,7.4,0
CUST-104780,7,1,0,0,Month-to-month,Electronic check,0,DSL,1,0,0,0,1,0,0,65.08,419.63,5,1,136.3,87,6.4,1
CUST-104781,1,1,1,0,Month-to-month,Bank transfer (auto),1,No,1,0,0,0,0,0,0,25.51,25.25,3,0,309.4,5,5.7,0
CUST-104782,6,0,0,0,Two year,Mailed check,1,No,0,0,0,0,0,0,0,26.94,149.83,1,0,95.3,74,7.9,0
CUST-104783,26,0,0,1,Two year,Credit card (auto),1,DSL,1,0,1,1,1,0,0,66.04,1628.01,3,0,160.1,60,5.5,0
CUST-104784,14,0,1,1,Two year,Credit card (auto),1,DSL,0,0,0,0,1,1,0,49.88,655.99,1,0,190.2,31,6.2,0
CUST-104785,4,0,0,0,Two year,Electronic check,0,Fiber optic,0,0,0,0,1,1,0,85.82,318.86,1,1,134.6,24,7.2,0
CUST-104786,0,0,1,0,One year,Bank transfer (auto),1,Fiber optic,0,0,0,0,1,1,0,74.1,70.94,0,1,42.8,84,7.9,0
CUST-104787,9,1,0,1,Month-to-month,Electronic check,0,Fiber optic,0,0,1,1,0,0,1,83.26,738.61,1,0,204.0,57,5.8,1
CUST-104788,3,0,0,0,One year,Electronic check,0,Fiber optic,0,1,0,0,0,1,1,81.18,242.54,3,1,252.3,2,7.4,0
CUST-104789,0,1,0,0,Month-to-month,Electronic check,1,DSL,1,0,0,1,0,1,1,61.4,56.55,4,2,208.1,66,3.9,1
CUST-104790,32,0,1,1,One year,Electronic check,0,Fiber optic,1,0,1,0,1,0,0,88.62,2832.35,1,1,276.5,75,7.0,0
CUST-104791,29,0,1,1,Two year,Bank transfer (auto),0,DSL,0,0,0,0,0,1,0,45.68,1291.03,4,2,111.6,62,6.1,0
CUST-104792,6,1,1,0,One year,Bank transfer (auto),1,Fiber optic,1,1,0,1,0,1,0,86.26,492.76,3,2,380.2,9,3.4,0
CUST-104793,5,0,0,0,Month-to-month,Bank transfer (auto),1,Fiber optic,0,0,1,0,1,1,0,82.18,394.73,3,1,163.7,88,6.0,0
CUST-104794,25,0,1,0,One year,Bank transfer (auto),0,DSL,1,0,0,0,0,0,1,53.6,1279.51,1,1,164.9,45,7.4,1
CUST-104795,13,0,0,0,Two year,Credit card (auto),1,No,1,0,0,0,0,0,0,25.29,308.99,2,0,231.4,58,6.9,0
CUST-104796,13,0,1,0,Month-to-month,Credit card (auto),0,Fiber optic,0,0,1,0,1,0,1,82.38,1063.47,1,1,355.6,44,7.5,1
CUST-104797,13,0,0,0,Month-to-month,Credit card (auto),1,Fiber optic,1,1,0,0,0,1,0,90.28,1087.16,2,0,152.1,4,5.5,1
CUST-104798,28,0,1,1,One year,Bank transfer (auto),1,No,1,0,0,0,0,0,0,24.95,669.22,2,0,298.1,9,5.9,0
CUST-104799,72,1,0,0,Two year,Mailed check,1,Fiber optic,0,0,0,1,0,0,1,70.93,5049.96,1,1,195.4,20,7.8,0
CUST-104800,18,1,0,1,One year,Mailed check,1,No,1,0,0,0,0,0,0,30.76,527.38,2,0,24.3,65,8.6,0
CUST-104801,72,0,1,0,One year,Mailed check,0,No,0,0,0,0,0,0,0,18.0,1220.71,1,0,203.2,8,5.3,0
CUST-104802,5,0,0,0,Month-to-month,Electronic check,0,Fiber optic,1,0,0,1,0,0,0,84.27,401.27,4,1,166.4,5,5.2,1
CUST-104803,22,0,0,0,Month-to-month,Credit card (auto),1,DSL,0,0,0,0,0,1,0,55.81,1222.03,2,0,321.9,69,4.3,0
CUST-104804,2,0,1,0,Two year,Credit card (auto),0,DSL,0,1,0,0,0,0,0,48.87,94.73,0,1,89.4,85,7.3,0
CUST-104805,21,0,0,1,Month-to-month,Credit card (auto),1,Fiber optic,1,0,1,0,1,0,1,85.91,1681.32,4,0,127.5,59,6.5,0
CUST-104806,33,0,1,0,Month-to-month,Electronic check,0,DSL,1,0,1,0,0,0,0,55.83,1807.49,6,0,75.2,69,5.0,0
CUST-104807,5,1,1,0,Month-to-month,Electronic check,1,DSL,1,1,1,0,0,0,0,57.02,262.71,6,3,255.9,33,5.5,1
CUST-104808,7,0,1,1,Month-to-month,Electronic check,1,DSL,0,0,1,0,1,0,0,48.75,319.11,3,0,177.7,64,4.0,0
CUST-104809,30,0,0,1,Month-to-month,Credit card (auto),0,DSL,0,0,0,1,0,0,0,46.85,1361.74,5,1,216.5,4,5.0,0
CUST-104810,9,1,1,0,One year,Bank transfer (auto),0,Fiber optic,1,0,0,1,0,1,1,83.78,698.75,1,0,227.5,55,7.7,0
CUST-104811,1,0,1,0,Month-to-month,Bank transfer (auto),1,DSL,0,0,1,0,0,1,0,47.17,43.53,2,2,5.0,44,8.4,0
CUST-104812,30,1,0,0,One year,Credit card (auto),1,DSL,0,0,1,0,1,1,0,62.17,1809.03,0,0,5.0,84,7.8,0
CUST-104813,28,1,1,0,Month-to-month,Electronic check,0,Fiber optic,0,0,0,1,0,0,1,79.45,2222.33,5,1,283.6,79,5.8,1
CUST-104814,7,0,1,1,Two year,Mailed check,1,No,1,0,0,0,0,0,0,29.44,191.63,2,0,117.7,53,4.4,0
CUST-104815,64,0,0,0,Month-to-month,Credit card (auto),0,Fiber optic,0,1,0,0,0,1,0,82.89,5304.47,5,3,236.9,40,3.3,0
CUST-104816,8,0,0,0,Month-to-month,Electronic check,1,No,0,0,0,0,0,0,0,18.0,138.27,3,2,183.9,30,7.8,1
CUST-104817,3,1,1,0,Month-to-month,Mailed check,1,DSL,0,0,0,1,1,0,1,56.19,166.09,2,1,343.8,81,7.0,0
CUST-104818,12,1,0,0,Two year,Mailed check,1,Fiber optic,0,0,0,0,0,0,0,78.59,913.55,2,0,169.4,39,6.5,0
CUST-104819,1,0,1,0,One year,Bank transfer (auto),1,Fiber optic,1,0,1,0,0,0,0,92.26,87.74,2,3,255.8,79,5.4,1
CUST-104820,14,0,0,0,One year,Credit card (auto),0,Fiber optic,0,1,0,0,0,1,1,78.95,1028.15,3,0,184.8,18,6.7,0
CUST-104821,23,0,0,1,Month-to-month,Electronic check,0,Fiber optic,0,1,1,0,0,1,1,82.23,1836.16,3,2,199.5,84,4.0,1
CUST-104822,72,0,1,1,Month-to-month,Mailed check,1,No,0,0,0,0,0,0,0,18.0,1291.45,3,0,145.7,26,7.7,0
CUST-104823,60,0,1,1,Two year,Credit card (auto),1,DSL,1,0,0,0,0,0,0,50.01,2832.83,3,1,190.7,24,6.1,0
CUST-104824,20,1,0,0,Month-to-month,Mailed check,1,Fiber optic,0,0,1,1,0,1,0,86.44,1652.37,2,1,139.9,86,4.0,1
CUST-104825,1,0,1,0,One year,Bank transfer (auto),0,Fiber optic,0,0,1,1,0,1,0,88.37,84.65,4,0,84.2,27,6.1,0
CUST-104826,18,0,0,1,Two year,Credit card (auto),0,Fiber optic,1,0,1,0,0,0,1,78.62,1314.55,0,0,138.2,39,6.1,0
CUST-104827,28,0,0,0,One year,Electronic check,1,Fiber optic,1,0,1,0,1,0,0,85.3,2201.15,1,3,151.1,59,8.3,0
CUST-104828,45,0,0,0,Month-to-month,Electronic check,0,DSL,0,0,0,0,0,0,0,41.27,1843.36,1,1,226.8,64,5.7,0
CUST-104829,59,0,0,1,Month-to-month,Electronic check,0,DSL,1,0,0,0,0,1,0,50.48,2909.66,2,3,66.4,54,5.6,0
CUST-104830,13,1,1,1,Month-to-month,Electronic check,0,Fiber optic,1,0,0,0,0,0,0,73.76,957.9,2,1,50.2,68,6.3,1
CUST-104831,2,0,0,1,Two year,Mailed check,1,Fiber optic,0,0,0,1,0,0,0,78.98,156.87,0,0,229.6,61,8.1,0
CUST-104832,43,0,0,0,Two year,Electronic check,1,DSL,1,1,1,1,1,0,0,73.31,3131.05,0,0,171.6,4,10.0,0
CUST-104833,4,0,0,0,Month-to-month,Mailed check,1,No,0,0,0,0,0,0,0,21.57,80.57,1,2,323.5,62,6.5,0
CUST-104834,25,0,1,0,Two year,Bank transfer (auto),0,Fiber optic,0,0,0,0,0,0,1,81.94,1972.89,0,1,52.0,50,7.8,0
CUST-104835,7,0,1,0,Month-to-month,Electronic check,1,DSL,0,0,1,0,0,0,0,48.24,321.48,4,0,136.9,41,4.8,1
CUST-104836,6,1,0,0,Month-to-month,Mailed check,1,DSL,0,0,0,1,1,1,0,57.05,332.33,4,0,315.5,21,6.0,1
CUST-104837,58,0,0,1,Month-to-month,Electronic check,1,No,1,0,0,0,0,0,0,30.0,1713.55,0,1,24.8,51,7.4,0
CUST-104838,20,0,1,0,Two year,Bank transfer (auto),1,No,1,0,0,0,0,0,0,21.41,427.87,0,0,226.5,62,7.0,0
CUST-104839,44,0,0,0,Month-to-month,Electronic check,1,No,1,0,0,0,0,0,0,32.4,1320.26,1,1,184.5,34,7.7,0
CUST-104840,10,0,1,1,Month-to-month,Electronic check,0,Fiber optic,0,0,0,0,0,0,0,73.08,714.68,3,2,251.2,73,4.8,1
CUST-104841,16,0,1,1,Month-to-month,Credit card (auto),1,No,0,0,0,0,0,0,0,21.66,340.25,2,0,254.8,42,6.4,0
CUST-104842,19,0,1,0,Month-to-month,Bank transfer (auto),0,DSL,1,0,0,1,1,0,1,61.69,1152.96,1,0,89.2,75,6.0,0
CUST-104843,42,0,0,0,Month-to-month,Bank transfer (auto),0,DSL,1,0,0,0,1,0,0,61.0,2410.48,1,0,313.5,18,8.3,0
CUST-104844,15,1,0,0,Month-to-month,Bank transfer (auto),1,DSL,0,0,1,1,1,1,0,72.73,1016.15,0,0,192.1,82,8.0,0
CUST-104845,19,0,0,0,Two year,Mailed check,1,Fiber optic,1,0,0,0,0,1,0,85.11,1536.36,2,1,203.9,16,7.7,1
CUST-104846,18,0,0,0,Two year,Electronic check,0,DSL,0,0,0,0,0,0,1,45.56,781.73,0,1,221.8,70,6.3,0
CUST-104847,22,0,0,0,Month-to-month,Mailed check,1,Fiber optic,0,1,0,1,0,1,0,93.57,2025.73,3,2,241.4,24,9.3,0
CUST-104848,3,1,1,1,Two year,Credit card (auto),1,DSL,1,0,1,0,0,1,1,68.59,205.68,3,0,70.2,70,6.6,0
CUST-104849,10,0,0,1,Two year,Credit card (auto),1,Fiber optic,1,1,0,0,0,0,0,92.35,913.81,0,1,207.2,40,8.0,0
CUST-104850,1,1,0,0,Two year,Bank transfer (auto),1,No,0,0,0,0,0,0,0,18.0,16.92,1,0,210.2,65,8.1,0
CUST-104851,1,0,0,0,Month-to-month,Mailed check,0,Fiber optic,1,0,1,0,0,1,0,82.42,78.68,4,0,118.6,19,5.8,1
CUST-104852,72,1,0,0,Two year,Bank transfer (auto),0,Fiber optic,0,0,1,0,0,0,1,83.27,5911.29,5,0,219.6,2,5.5,0
CUST-104853,2,0,1,1,One year,Bank transfer (auto),1,DSL,1,0,1,1,0,1,1,54.69,104.29,0,1,193.8,33,6.8,0
CUST-104854,24,0,0,1,Month-to-month,Electronic check,1,DSL,1,0,1,1,1,0,0,77.4,1726.84,3,2,59.9,73,7.1,0
CUST-104855,10,0,1,1,One year,Mailed check,1,Fiber optic,0,0,1,0,0,0,1,86.22,826.43,2,0,220.7,18,6.0,0
CUST-104856,6,0,1,0,Month-to-month,Electronic check,1,DSL,0,0,1,1,0,0,0,49.43,290.21,2,1,125.4,54,6.6,1
CUST-104857,36,0,0,0,One year,Mailed check,0,Fiber optic,1,0,0,0,0,0,0,84.93,3006.42,1,0,309.8,23,7.9,0
CUST-104858,4,0,1,0,One year,Bank transfer (auto),0,No,1,0,0,0,0,0,0,27.95,109.67,3,1,187.0,67,6.7,0
CUST-104859,45,0,0,0,Month-to-month,Electronic check,0,DSL,1,0,0,0,0,0,0,51.2,2158.73,7,0,84.5,53,1.6,1
CUST-104860,10,0,0,0,Month-to-month,Bank transfer (auto),1,DSL,0,0,1,0,0,1,0,47.78,460.09,7,1,255.0,37,4.6,1
CUST-104861,1,0,1,0,Two year,Electronic check,1,DSL,0,1,1,0,0,0,0,59.78,55.68,3,0,80.3,19,5.3,0
CUST-104862,9,0,1,0,Month-to-month,Electronic check,0,No,0,0,0,0,0,0,0,23.77,198.56,3,1,228.1,64,5.6,1
CUST-104863,23,1,0,0,Two year,Bank transfer (auto),1,DSL,0,0,0,0,0,1,0,50.83,1155.27,4,3,113.3,31,6.3,0
CUST-104864,10,0,0,1,One year,Bank transfer (auto),1,Fiber optic,1,1,0,0,0,1,0,79.78,750.92,3,1,210.5,70,9.2,0
CUST-104865,4,0,0,1,Month-to-month,Credit card (auto),0,Fiber optic,0,1,1,0,0,1,1,90.76,354.88,4,1,14.2,88,4.6,1
CUST-104866,9,1,0,1,Month-to-month,Bank transfer (auto),0,Fiber optic,1,0,0,1,0,0,0,88.1,777.03,3,0,24.9,7,5.2,1
CUST-104867,4,0,1,0,Two year,Credit card (auto),1,Fiber optic,0,0,1,1,0,0,0,89.21,334.42,1,0,285.2,54,7.1,0
CUST-104868,46,0,0,1,Two year,Electronic check,0,DSL,0,1,0,1,1,0,0,57.35,2435.99,1,0,266.7,80,7.7,0
CUST-104869,16,0,1,0,Month-to-month,Bank transfer (auto),0,No,1,0,0,0,0,0,0,24.62,372.99,4,2,235.8,58,4.0,0
CUST-104870,20,0,1,0,Month-to-month,Mailed check,1,DSL,0,1,1,0,0,0,1,51.94,997.73,3,2,276.2,76,6.8,1
CUST-104871,68,0,0,0,Month-to-month,Bank transfer (auto),1,Fiber optic,0,0,0,0,1,1,1,83.87,5411.72,2,1,137.1,71,5.5,0
CUST-104872,6,0,1,0,One year,Bank transfer (auto),1,No,0,0,0,0,0,0,0,24.82,140.65,5,1,108.9,24,3.2,0
CUST-104873,4,0,1,1,Month-to-month,Electronic check,1,DSL,1,0,0,1,0,1,0,73.55,271.31,4,1,114.2,64,4.1,1
CUST-104874,6,0,0,1,Month-to-month,Bank transfer (auto),0,Fiber optic,0,0,0,1,1,0,1,86.33,500.33,2,0,138.9,49,7.9,1
CUST-104875,61,0,1,0,Month-to-month,Bank transfer (auto),1,Fiber optic,0,0,0,0,1,1,0,86.82,5072.65,3,0,286.6,5,6.3,0
CUST-104876,36,0,1,0,Two year,Electronic check,1,DSL,0,0,0,1,0,1,0,54.72,1954.04,2,1,148.1,2,3.4,0
CUST-104877,72,0,1,0,Month-to-month,Bank transfer (auto),0,Fiber optic,0,1,0,0,0,0,0,78.63,5269.32,3,0,102.0,10,6.9,0
CUST-104878,3,1,0,0,One year,Credit card (auto),1,DSL,0,0,0,0,0,0,0,41.62,119.89,1,0,225.5,50,7.0,0
CUST-104879,7,0,1,0,Month-to-month,Electronic check,0,Fiber optic,0,0,1,1,1,1,0,89.49,602.74,2,2,126.2,38,7.9,1
CUST-104880,4,0,1,1,One year,Bank transfer (auto),0,Fiber optic,0,0,0,0,0,0,0,63.83,245.26,3,1,186.0,62,6.1,1
CUST-104881,30,0,1,1,One year,Credit card (auto),0,Fiber optic,0,1,0,0,0,0,0,80.92,2247.35,1,1,266.7,8,7.1,0
CUST-104882,5,1,0,0,Two year,Electronic check,1,Fiber optic,0,1,1,0,0,1,0,96.14,448.81,2,4,171.5,23,5.3,1
CUST-104883,55,0,0,0,One year,Electronic check,1,Fiber optic,0,0,1,0,0,0,1,79.9,4056.76,1,1,201.4,12,5.9,0
CUST-104884,10,0,1,0,Month-to-month,Bank transfer (auto),0,DSL,0,0,1,0,1,0,0,51.34,480.91,4,2,251.9,55,4.4,1
CUST-104885,49,0,0,0,Month-to-month,Bank transfer (auto),1,DSL,0,1,0,1,0,0,0,77.21,3625.2,4,2,247.3,79,4.0,1
CUST-104886,10,0,0,0,Month-to-month,Credit card (auto),0,DSL,1,0,0,0,1,0,0,64.39,631.34,1,0,116.5,4,7.7,0
CUST-104887,3,0,1,0,Month-to-month,Bank transfer (auto),1,No,1,0,0,0,0,0,0,37.03,105.32,3,1,110.4,88,4.6,0
CUST-104888,27,0,1,0,Two year,Bank transfer (auto),0,Fiber optic,1,0,1,0,1,1,1,98.38,2514.53,0,0,94.6,48,7.3,0
CUST-104889,9,0,1,0,Month-to-month,Mailed check,1,DSL,0,0,0,0,0,1,0,43.35,373.03,0,0,198.2,67,9.3,1
CUST-104890,3,0,0,0,Two year,Electronic check,1,Fiber optic,0,0,1,0,0,1,0,77.74,225.78,4,0,162.7,62,6.8,0
CUST-104891,8,0,1,0,Month-to-month,Bank transfer (auto),1,Fiber optic,1,0,0,0,0,0,0,78.51,611.52,3,0,222.3,5,6.6,1
CUST-104892,10,0,0,0,Two year,Electronic check,0,Fiber optic,0,0,1,0,0,0,0,74.3,705.35,3,2,61.0,36,6.2,0
CUST-104893,72,0,1,1,Two year,Credit card (auto),1,Fiber optic,1,1,1,0,0,1,1,89.44,6049.67,1,1,115.0,9,6.0,0
CUST-104894,24,0,0,1,One year,Electronic check,1,DSL,0,0,1,1,0,0,0,53.84,1242.63,1,2,264.8,18,5.3,1
CUST-104895,3,0,0,0,Month-to-month,Electronic check,0,DSL,1,0,0,1,1,1,0,59.56,173.56,3,0,157.9,67,7.6,1
CUST-104896,8,0,1,0,Two year,Credit card (auto),1,No,1,0,0,0,0,0,0,19.95,150.4,1,0,163.5,4,7.8,0
CUST-104897,17,0,1,0,Two year,Electronic check,0,Fiber optic,1,0,1,0,0,0,0,77.78,1222.16,2,2,63.1,81,3.7,1
CUST-104898,7,1,0,1,Month-to-month,Mailed check,1,Fiber optic,1,0,1,1,0,0,1,89.73,620.04,1,1,257.9,7,6.6,1
CUST-104899,9,0,0,0,Two year,Credit card (auto),1,DSL,1,1,0,1,0,1,0,65.13,581.28,2,0,255.0,66,5.7,0
CUST-104900,5,0,1,0,Two year,Credit card (auto),1,No,0,0,0,0,0,0,0,19.15,93.48,2,0,208.5,15,5.8,0
CUST-104901,2,0,1,1,Month-to-month,Electronic check,0,DSL,0,0,0,1,0,0,0,60.28,118.5,5,1,74.8,56,3.9,1
CUST-104902,50,1,0,1,Month-to-month,Electronic check,1,Fiber optic,0,0,1,0,1,0,1,82.67,4133.07,4,2,259.1,43,6.9,0
CUST-104903,9,0,1,0,Month-to-month,Bank transfer (auto),1,Fiber optic,1,0,1,0,0,1,1,80.34,676.66,2,1,6.4,14,4.6,1
CUST-104904,18,0,0,0,Month-to-month,Mailed check,1,DSL,1,0,0,1,0,0,1,59.81,1007.65,3,1,175.3,11,3.5,1
CUST-104905,7,0,1,0,Two year,Electronic check,0,DSL,0,0,0,1,1,0,1,56.78,385.84,2,0,154.4,59,6.2,0
CUST-104906,58,0,0,0,Two year,Electronic check,1,Fiber optic,0,0,1,1,0,0,0,65.16,3775.64,3,3,303.5,79,7.9,0
CUST-104907,15,0,0,0,Month-to-month,Credit card (auto),0,Fiber optic,1,1,1,0,0,0,0,86.64,1255.64,5,0,272.2,83,7.0,0
CUST-104908,3,0,1,1,One year,Mailed check,1,No,1,0,0,0,0,0,0,24.35,72.69,1,0,380.0,64,8.8,0
CUST-104909,17,0,0,1,Month-to-month,Credit card (auto),0,Fiber optic,1,0,0,0,0,0,1,81.57,1381.61,1,0,72.7,25,8.3,0
CUST-104910,21,0,1,0,Month-to-month,Electronic check,0,No,1,0,0,0,0,0,0,28.9,599.45,5,0,256.8,61,5.1,0
CUST-104911,2,1,0,0,One year,Bank transfer (auto),1,Fiber optic,0,1,0,0,0,0,0,73.17,141.24,2,0,213.5,66,6.6,0
CUST-104912,37,0,0,0,One year,Mailed check,0,Fiber optic,0,0,0,0,1,0,1,77.77,2809.85,1,1,132.8,11,6.6,0
CUST-104913,16,1,1,0,Month-to-month,Electronic check,0,No,0,0,0,0,0,0,0,18.0,280.46,5,0,146.2,6,3.7,1
CUST-104914,4,1,1,1,Month-to-month,Bank transfer (auto),1,No,1,0,0,0,0,0,0,30.81,118.24,5,0,314.1,58,4.0,1
CUST-104915,60,1,0,0,Two year,Electronic check,1,DSL,1,0,0,1,1,0,1,63.51,3549.11,0,1,173.0,53,8.3,0
CUST-104916,31,0,1,0,Month-to-month,Credit card (auto),0,Fiber optic,1,1,1,0,0,1,0,94.74,2717.07,1,1,88.7,70,5.9,1
CUST-104917,22,0,0,0,Month-to-month,Bank transfer (auto),0,DSL,0,0,1,1,0,1,0,51.33,1040.07,8,1,284.4,72,4.2,1
CUST-104918,1,0,1,1,Two year,Electronic check,0,No,1,0,0,0,0,0,0,24.89,24.0,1,1,253.6,67,5.2,1
CUST-104919,72,0,0,0,Two year,Bank transfer (auto),0,Fiber optic,0,1,0,0,0,0,0,76.8,5260.85,4,0,202.6,19,5.5,0
CUST-104920,12,0,1,0,One year,Credit card (auto),1,Fiber optic,1,0,1,0,1,0,0,79.67,887.37,1,1,75.2,44,7.7,0
CUST-104921,10,0,0,0,Month-to-month,Mailed check,0,No,0,0,0,0,0,0,0,18.0,176.29,1,2,5.0,78,4.2,1
CUST-104922,1,0,1,1,One year,Mailed check,1,DSL,0,0,0,1,0,0,0,52.22,50.65,3,0,385.5,81,6.1,0
CUST-104923,7,0,1,0,One year,Credit card (auto),0,Fiber optic,1,0,1,1,1,0,0,86.37,578.58,0,3,153.1,28,7.6,0
CUST-104924,44,0,1,0,Month-to-month,Electronic check,1,Fiber optic,0,0,0,0,0,1,0,81.17,3557.16,5,3,365.2,3,4.7,1
CUST-104925,43,0,0,1,Month-to-month,Bank transfer (auto),0,DSL,1,1,0,0,0,0,1,61.55,2523.48,2,1,218.1,14,5.2,0
CUST-104926,2,0,0,0,Month-to-month,Electronic check,0,DSL,1,1,0,1,1,0,0,64.14,123.21,2,1,244.5,47,6.9,1
CUST-104927,12,0,0,0,Month-to-month,Bank transfer (auto),1,Fiber optic,0,0,0,1,0,0,1,81.98,974.38,4,0,63.3,14,4.0,1
CUST-104928,29,0,1,0,Two year,Mailed check,0,DSL,0,0,1,1,0,0,0,53.89,1553.0,1,0,358.8,14,6.6,0
CUST-104929,16,0,0,1,One year,Electronic check,0,No,1,0,0,0,0,0,0,27.69,428.27,2,2,176.3,31,4.8,1
CUST-104930,6,0,1,0,Month-to-month,Credit card (auto),1,DSL,0,0,0,1,0,0,1,52.35,301.88,1,3,186.9,48,5.2,1
CUST-104931,23,0,0,1,Month-to-month,Bank transfer (auto),1,DSL,0,0,1,0,0,1,0,52.59,1129.67,3,0,254.5,62,8.6,0
CUST-104932,16,0,1,1,Month-to-month,Electronic check,1,DSL,1,0,1,0,0,1,1,59.7,880.61,3,0,82.2,8,7.7,0
CUST-104933,17,0,0,1,Month-to-month,Bank transfer (auto),1,Fiber optic,0,0,0,1,1,0,0,82.36,1381.72,4,1,326.1,11,6.5,0
CUST-104934,4,1,1,0,Month-to-month,Mailed check,0,Fiber optic,0,0,1,0,0,0,1,74.88,283.67,2,0,77.8,57,7.0,1
CUST-104935,12,1,1,0,Two year,Electronic check,1,No,0,0,0,0,0,0,0,25.39,302.42,1,2,205.8,23,6.9,0
CUST-104936,33,0,1,0,Two year,Bank transfer (auto),0,DSL,1,0,1,0,0,1,0,55.88,1771.74,1,0,194.7,89,6.8,0
CUST-104937,16,0,1,0,Two year,Credit card (auto),1,DSL,0,1,0,0,1,0,1,65.01,979.35,4,1,311.1,85,5.9,0
CUST-104938,22,0,1,0,Month-to-month,Electronic check,1,DSL,0,1,1,0,1,0,1,57.89,1180.36,4,1,38.9,44,5.4,0
CUST-104939,10,0,1,0,Two year,Credit card (auto),0,Fiber optic,0,0,0,0,1,0,0,78.41,749.99,3,0,85.3,26,6.6,0
CUST-104940,37,0,0,0,One year,Bank transfer (auto),1,DSL,1,1,0,1,1,0,0,63.53,2348.07,1,2,208.1,71,5.4,0
CUST-104941,3,1,0,0,Month-to-month,Electronic check,0,DSL,0,1,0,1,0,0,0,54.57,160.13,5,1,5.0,72,5.6,1
CUST-104942,28,0,1,0,Month-to-month,Bank transfer (auto),1,Fiber optic,1,1,0,1,0,0,0,82.94,2226.79,4,0,5.0,78,7.6,0
CUST-104943,5,0,1,0,Month-to-month,Mailed check,0,No,0,0,0,0,0,0,0,18.0,83.38,3,1,96.3,21,6.7,0
CUST-104944,7,0,0,0,Month-to-month,Credit card (auto),0,DSL,0,1,0,0,0,1,0,51.33,344.24,2,1,172.1,28,6.6,0
CUST-104945,52,1,0,0,Two year,Bank transfer (auto),0,Fiber optic,1,1,0,0,0,0,0,85.84,4168.44,2,0,40.4,22,4.6,0
CUST-104946,12,0,1,0,One year,Electronic check,0,Fiber optic,0,0,1,0,0,1,0,82.33,947.68,2,1,215.0,45,5.6,1
CUST-104947,14,0,0,1,Two year,Electronic check,1,DSL,0,0,0,0,0,0,0,47.7,623.14,2,2,250.2,83,9.1,0
CUST-104948,24,0,1,0,One year,Mailed check,0,Fiber optic,1,1,0,0,0,0,0,83.4,1846.38,1,0,35.0,62,7.3,0
CUST-104949,28,0,1,0,Month-to-month,Mailed check,1,DSL,0,0,0,0,0,0,0,56.85,1585.27,6,0,253.3,31,3.9,1
CUST-104950,24,0,0,1,Month-to-month,Credit card (auto),0,Fiber optic,1,0,0,0,0,0,1,77.1,1810.78,3,1,236.4,10,6.0,1
CUST-104951,19,1,0,0,Month-to-month,Credit card (auto),1,Fiber optic,1,0,1,0,1,0,0,85.76,1616.44,3,3,200.5,47,6.2,1
CUST-104952,0,0,0,0,Two year,Credit card (auto),1,Fiber optic,0,0,1,0,1,1,1,72.79,68.45,2,1,311.8,56,6.7,0
CUST-104953,4,0,0,1,Month-to-month,Bank transfer (auto),1,Fiber optic,0,1,0,1,0,0,0,80.98,311.5,5,1,254.1,45,5.7,1
CUST-104954,8,0,1,0,Month-to-month,Electronic check,1,Fiber optic,0,0,0,0,0,1,0,68.72,524.42,6,1,196.4,37,3.8,1
CUST-104955,43,0,1,0,Month-to-month,Bank transfer (auto),1,DSL,1,0,0,0,1,0,0,56.76,2303.8,1,0,180.3,74,9.5,1
CUST-104956,61,1,1,1,Two year,Electronic check,1,Fiber optic,0,1,1,0,0,1,0,78.65,4613.9,4,1,238.0,10,5.5,0
CUST-104957,16,0,0,1,Month-to-month,Electronic check,1,No,0,0,0,0,0,0,0,18.53,295.98,6,1,175.9,77,4.8,1
CUST-104958,11,0,1,0,Month-to-month,Electronic check,1,Fiber optic,1,1,0,0,0,1,1,91.87,960.66,3,0,255.9,62,5.9,1
CUST-104959,72,0,0,0,One year,Credit card (auto),1,Fiber optic,0,0,1,1,0,1,0,78.78,5346.69,3,0,282.6,28,8.2,0
CUST-104960,17,0,1,0,Month-to-month,Bank transfer (auto),0,Fiber optic,0,0,0,1,0,1,1,84.87,1331.24,3,0,210.1,3,5.7,0
CUST-104961,30,1,0,1,One year,Electronic check,0,No,1,0,0,0,0,0,0,24.96,690.83,3,1,152.3,24,4.9,1
CUST-104962,20,0,1,0,One year,Credit card (auto),1,Fiber optic,0,0,0,0,0,0,1,70.12,1346.3,3,1,100.2,39,6.8,0
CUST-104963,11,0,1,0,Month-to-month,Credit card (auto),1,Fiber optic,0,1,0,0,0,0,0,77.86,829.82,5,0,216.8,39,4.4,0
CUST-104964,14,1,0,0,Month-to-month,Bank transfer (auto),1,No,0,0,0,0,0,0,0,20.81,287.19,4,0,310.4,38,4.0,0
CUST-104965,25,0,1,1,Month-to-month,Electronic check,0,No,0,0,0,0,0,0,0,18.0,426.03,2,1,249.9,0,5.9,0
CUST-104966,56,0,0,0,Month-to-month,Electronic check,0,No,1,0,0,0,0,0,0,25.55,1391.97,3,2,7.1,63,5.4,0
CUST-104967,14,0,0,1,One year,Electronic check,1,DSL,0,0,1,0,0,0,1,47.64,613.88,4,1,278.0,85,7.3,0
CUST-104968,13,0,1,0,Month-to-month,Bank transfer (auto),1,Fiber optic,0,0,1,1,1,0,0,90.91,1091.78,3,0,133.4,73,5.0,1
CUST-104969,1,0,0,0,Month-to-month,Bank transfer (auto),1,DSL,0,0,0,0,0,0,1,44.62,44.01,6,1,212.5,17,4.6,1
CUST-104970,3,0,0,0,One year,Electronic check,1,Fiber optic,0,0,0,0,0,0,0,65.76,184.35,2,1,103.1,12,5.6,0
CUST-104971,0,0,0,0,One year,Electronic check,1,Fiber optic,0,0,1,0,0,1,0,78.78,77.15,2,1,160.3,12,4.7,1
CUST-104972,3,0,0,0,Two year,Mailed check,0,DSL,0,0,0,0,0,0,0,47.47,140.34,2,3,5.0,87,4.6,0
CUST-104973,36,0,1,0,Two year,Credit card (auto),1,Fiber optic,0,0,1,0,1,0,0,74.48,2675.09,2,0,149.3,70,7.6,0
CUST-104974,31,0,1,0,Month-to-month,Electronic check,1,DSL,0,1,1,0,0,1,0,58.94,1709.83,5,1,85.3,72,7.6,1
CUST-104975,36,0,0,0,Month-to-month,Bank transfer (auto),0,No,1,0,0,0,0,0,0,29.11,1033.9,2,1,22.7,80,7.2,1
CUST-104976,1,0,0,1,One year,Credit card (auto),0,Fiber optic,0,0,0,0,1,0,0,64.28,60.35,0,0,339.5,62,9.4,0
CUST-104977,26,0,1,0,One year,Bank transfer (auto),1,DSL,0,0,1,0,1,0,1,60.77,1476.95,1,0,150.8,29,3.5,0
CUST-104978,8,0,1,0,Month-to-month,Mailed check,0,Fiber optic,1,1,1,0,0,0,0,83.53,648.02,2,1,343.3,48,6.1,0
CUST-104979,15,0,0,0,Two year,Bank transfer (auto),1,Fiber optic,1,0,1,0,0,1,1,84.2,1176.77,1,0,162.3,75,6.7,0
CUST-104980,52,0,1,0,One year,Credit card (auto),1,Fiber optic,0,0,1,1,0,0,1,93.66,4743.33,3,0,214.6,35,7.5,0
CUST-104981,20,0,0,0,Month-to-month,Bank transfer (auto),1,Fiber optic,0,0,0,0,0,1,0,68.9,1354.09,2,0,208.6,84,9.5,0
CUST-104982,3,0,0,1,One year,Electronic check,1,No,0,0,0,0,0,0,0,24.0,71.26,3,1,121.6,34,6.5,0
CUST-104983,12,0,1,0,Month-to-month,Electronic check,1,DSL,0,0,0,0,0,1,0,51.81,577.92,3,2,225.7,26,5.3,1
CUST-104984,72,0,1,0,Two year,Electronic check,0,DSL,0,1,0,1,0,0,0,43.74,2924.31,3,0,352.5,12,5.5,0
CUST-104985,55,0,0,1,Month-to-month,Electronic check,0,DSL,0,0,0,0,0,0,1,44.6,2365.98,2,2,219.3,37,5.7,0
CUST-104986,37,0,1,1,One year,Bank transfer (auto),1,DSL,1,1,0,0,1,0,0,55.03,1982.18,0,0,150.1,52,6.0,0
CUST-104987,3,0,1,1,One year,Electronic check,1,Fiber optic,0,0,1,0,1,1,1,92.86,272.83,0,1,204.2,37,5.5,0
CUST-104988,4,0,1,0,Month-to-month,Bank transfer (auto),1,DSL,1,0,0,0,0,0,1,61.67,229.6,2,0,245.2,28,6.9,0
CUST-104989,2,0,1,0,One year,Bank transfer (auto),1,Fiber optic,1,1,0,1,0,1,1,104.92,204.73,1,1,150.7,83,6.5,1
CUST-104990,3,0,0,0,Month-to-month,Mailed check,0,Fiber optic,0,0,1,0,0,1,0,72.74,210.54,1,0,152.0,35,6.1,1
CUST-104991,0,0,1,0,Month-to-month,Electronic check,1,Fiber optic,1,0,0,0,0,1,1,100.46,94.36,3,4,148.5,32,6.8,1
CUST-104992,44,0,0,0,Month-to-month,Electronic check,0,No,1,0,0,0,0,0,0,33.03,1365.92,3,1,211.3,37,10.0,0
CUST-104993,29,0,0,1,Two year,Electronic check,1,Fiber optic,0,0,0,0,0,0,1,83.83,2425.75,1,2,291.4,1,5.7,0
CUST-104994,37,1,0,0,Two year,Credit card (auto),0,DSL,0,1,0,0,0,0,0,49.93,1815.86,2,0,190.1,40,5.5,0
CUST-104995,16,0,1,1,Month-to-month,Electronic check,1,Fiber optic,1,0,0,1,0,0,1,84.91,1276.84,7,2,232.7,13,5.8,0
CUST-104996,0,0,0,1,Two year,Electronic check,1,DSL,1,0,0,0,0,1,0,52.05,48.45,3,2,215.9,24,4.2,0
CUST-104997,15,0,0,0,Two year,Electronic check,1,Fiber optic,0,0,1,0,0,0,1,86.07,1265.71,3,2,5.0,14,4.4,0
CUST-104998,2,0,1,0,Month-to-month,Bank transfer (auto),0,Fiber optic,0,1,1,0,1,1,1,91.34,172.5,0,1,155.7,69,8.3,0
CUST-104999,46,0,0,1,Two year,Bank transfer (auto),1,No,0,0,0,0,0,0,0,18.91,800.75,0,1,5.0,47,7.8,0
CUST-105000,1,0,0,0,Month-to-month,Credit card (auto),0,DSL,1,0,0,0,0,0,0,59.31,57.61,1,1,88.2,39,6.5,0
CUST-105001,9,0,0,1,Two year,Electronic check,1,DSL,1,0,0,0,0,1,1,66.49,575.04,2,2,21.5,13,5.9,0
CUST-105002,43,0,1,0,One year,Electronic check,1,DSL,0,0,0,1,0,0,0,47.93,1930.45,2,4,165.5,61,7.9,0
CUST-105003,37,0,0,0,Two year,Credit card (auto),1,Fiber optic,0,0,1,0,0,0,0,75.0,2756.84,2,0,115.3,1,6.2,0
CUST-105004,41,0,0,0,Month-to-month,Electronic check,1,No,0,0,0,0,0,0,0,21.37,858.54,4,2,194.3,5,6.9,0
CUST-105005,24,0,1,0,Month-to-month,Electronic check,0,Fiber optic,0,0,1,1,1,0,0,83.59,1879.98,4,1,235.8,72,6.4,0
CUST-105006,5,0,1,1,Two year,Credit card (auto),0,Fiber optic,0,0,1,1,0,0,1,90.21,450.85,1,1,139.6,5,8.7,0
CUST-105007,37,0,1,0,One year,Bank transfer (auto),1,DSL,0,0,0,0,1,0,0,52.33,1834.34,2,0,119.5,34,5.7,0
CUST-105008,47,0,0,0,One year,Mailed check,0,Fiber optic,0,1,0,0,0,1,1,81.35,3595.26,2,1,179.0,74,6.3,0
CUST-105009,48,1,1,0,One year,Credit card (auto),1,DSL,1,1,0,1,0,0,0,69.41,3091.77,1,2,219.4,87,5.6,0
CUST-105010,39,0,1,1,One year,Electronic check,0,DSL,1,1,1,1,0,0,1,67.08,2543.45,1,2,91.4,31,5.1,0
CUST-105011,26,0,1,0,Month-to-month,Electronic check,1,Fiber optic,1,1,0,1,0,1,1,95.15,2394.17,1,3,97.9,52,8.3,0
CUST-105012,55,0,0,1,Month-to-month,Electronic check,1,DSL,1,1,0,0,0,1,0,60.38,3172.95,5,0,263.5,17,5.7,0
CUST-105013,38,0,0,0,Month-to-month,Electronic check,0,DSL,0,0,0,1,0,0,0,46.91,1703.3,1,1,248.2,29,5.3,0
CUST-105014,2,0,1,1,Month-to-month,Mailed check,1,DSL,1,0,1,0,0,1,1,64.4,123.94,3,0,271.6,43,5.9,1
CUST-105015,8,0,0,1,Two year,Credit card (auto),1,DSL,0,0,1,0,0,0,0,54.99,407.56,1,0,232.4,29,4.5,0
CUST-105016,10,0,0,1,Month-to-month,Credit card (auto),1,Fiber optic,0,0,0,1,1,0,0,79.18,758.05,1,1,142.8,29,6.8,0
CUST-105017,48,0,0,0,Month-to-month,Bank transfer (auto),1,DSL,1,1,0,0,1,0,0,72.03,3433.26,4,0,5.3,89,7.3,1
CUST-105018,20,0,0,1,Month-to-month,Credit card (auto),1,Fiber optic,0,0,0,0,0,0,0,66.77,1317.91,5,1,183.4,74,7.2,0
CUST-105019,1,0,1,0,Two year,Mailed check,0,Fiber optic,0,1,0,1,1,1,0,84.26,81.89,2,0,329.9,76,3.3,1
CUST-105020,3,0,0,1,Month-to-month,Electronic check,1,Fiber optic,1,0,1,1,0,1,1,88.05,262.55,6,0,201.3,84,4.3,1
CUST-105021,9,0,1,1,Month-to-month,Electronic check,0,DSL,1,0,0,1,1,1,1,63.03,566.17,4,1,133.1,20,6.6,0
CUST-105022,6,0,1,0,Two year,Mailed check,1,Fiber optic,0,0,0,0,0,1,0,69.75,408.8,1,0,21.8,73,7.4,0
CUST-105023,4,0,0,1,Month-to-month,Electronic check,0,Fiber optic,0,0,1,0,0,0,0,69.51,258.3,2,2,32.3,72,5.2,1
CUST-105024,8,0,0,1,One year,Electronic check,0,Fiber optic,0,1,1,1,0,0,0,79.9,590.66,4,1,149.7,39,5.9,0
CUST-105025,26,0,0,1,Month-to-month,Credit card (auto),0,Fiber optic,1,0,0,1,0,0,0,83.26,2128.58,0,1,165.3,65,6.4,1
CUST-105026,29,0,0,0,One year,Electronic check,0,No,1,0,0,0,0,0,0,22.99,644.22,2,0,118.6,10,6.6,0
CUST-105027,62,0,1,1,Month-to-month,Bank transfer (auto),1,Fiber optic,1,0,1,0,1,0,0,96.76,5798.23,1,1,241.8,54,8.8,0
CUST-105028,19,0,1,0,Month-to-month,Electronic check,0,No,1,0,0,0,0,0,0,27.23,498.61,3,1,128.2,13,7.0,0
CUST-105029,10,0,1,1,Month-to-month,Mailed check,0,Fiber optic,0,1,1,0,1,1,1,97.19,897.49,2,0,76.1,41,5.7,1
CUST-105030,13,0,1,0,One year,Bank transfer (auto),1,No,0,0,0,0,0,0,0,18.0,216.9,3,0,271.3,8,4.9,0
CUST-105031,1,0,0,0,Two year,Electronic check,1,No,1,0,0,0,0,0,0,25.51,23.93,3,0,190.3,27,7.0,0
CUST-105032,9,0,1,0,Month-to-month,Electronic check,0,DSL,0,0,0,0,0,0,0,46.67,406.93,4,4,162.7,51,2.9,1
CUST-105033,5,0,0,1,One year,Bank transfer (auto),0,Fiber optic,0,0,0,0,0,0,1,76.86,370.7,1,1,102.4,30,7.0,0
CUST-105034,3,0,0,0,Month-to-month,Bank transfer (auto),1,DSL,1,0,0,1,0,0,1,67.16,185.47,6,0,75.2,0,6.0,0
CUST-105035,11,0,0,1,One year,Electronic check,0,No,1,0,0,0,0,0,0,20.05,209.9,1,0,62.0,10,6.2,0
CUST-105036,3,0,0,1,Two year,Mailed check,0,Fiber optic,1,0,0,1,1,0,0,102.62,286.85,2,0,186.5,18,6.8,0
CUST-105037,2,0,1,0,Month-to-month,Electronic check,1,Fiber optic,0,0,0,0,1,0,1,88.46,167.81,2,1,208.5,71,7.8,1
CUST-105038,23,0,1,1,Month-to-month,Electronic check,1,DSL,0,1,1,0,0,1,0,59.71,1317.68,0,1,92.4,76,10.0,0
CUST-105039,35,1,0,0,One year,Credit card (auto),1,No,0,0,0,0,0,0,0,21.93,733.81,2,1,125.1,43,7.1,0
CUST-105040,14,0,0,0,Two year,Electronic check,1,No,1,0,0,0,0,0,0,29.16,401.97,2,2,141.9,84,6.2,0
CUST-105041,0,0,1,0,One year,Mailed check,1,Fiber optic,0,1,0,1,0,0,0,73.13,67.77,1,1,124.6,39,5.1,0
CUST-105042,11,0,1,0,Month-to-month,Bank transfer (auto),0,DSL,0,1,1,1,0,0,1,54.71,564.1,2,0,103.2,64,3.9,1
CUST-105043,1,0,1,0,One year,Credit card (auto),0,Fiber optic,0,0,0,0,0,0,0,63.0,60.47,0,0,210.4,10,6.7,0
CUST-105044,26,0,0,0,Month-to-month,Electronic check,0,DSL,1,0,0,0,0,0,1,49.74,1267.08,2,3,122.7,86,7.1,0
CUST-105045,47,0,0,0,Two year,Bank transfer (auto),0,No,1,0,0,0,0,0,0,37.99,1768.14,2,0,195.3,69,7.0,0
CUST-105046,20,0,1,0,Two year,Bank transfer (auto),1,DSL,1,0,1,0,0,0,1,58.96,1130.87,1,0,157.3,81,7.9,0
CUST-105047,6,0,1,1,Two year,Electronic check,1,Fiber optic,0,1,0,0,1,0,0,85.51,509.76,1,2,163.0,54,7.4,1
CUST-105048,62,0,0,0,Two year,Electronic check,0,DSL,1,0,1,0,1,1,1,69.44,4165.09,2,3,121.2,8,6.9,0
CUST-105049,26,0,0,1,Two year,Credit card (auto),0,No,0,0,0,0,0,0,0,19.15,491.39,1,0,25.7,82,6.5,0
CUST-105050,2,1,0,1,Month-to-month,Mailed check,1,Fiber optic,0,1,1,1,1,0,1,90.97,172.64,2,0,125.9,6,8.3,0
CUST-105051,5,0,1,1,Two year,Electronic check,0,No,1,0,0,0,0,0,0,24.43,115.34,3,0,154.1,34,7.6,0
CUST-105052,30,0,0,0,Month-to-month,Bank transfer (auto),1,DSL,0,0,0,0,1,1,1,68.9,2026.02,3,0,155.0,56,7.0,0
CUST-105053,5,0,1,0,Month-to-month,Mailed check,1,Fiber optic,1,0,1,0,0,1,0,87.69,422.52,2,1,88.6,78,6.4,0
CUST-105054,16,0,1,1,Month-to-month,Electronic check,1,DSL,1,0,0,0,0,1,0,65.81,1016.01,3,2,99.0,29,3.0,0
CUST-105055,11,0,0,1,Month-to-month,Electronic check,0,Fiber optic,0,0,0,1,1,0,1,84.8,916.59,3,0,242.7,12,6.4,0
CUST-105056,8,0,0,1,Month-to-month,Electronic check,1,DSL,0,0,1,0,1,1,1,71.42,555.99,1,3,51.4,85,6.3,1
CUST-105057,3,0,0,0,Month-to-month,Bank transfer (auto),1,Fiber optic,1,1,1,0,0,0,1,91.98,259.08,1,0,254.0,41,7.3,1
CUST-105058,28,0,0,0,Month-to-month,Mailed check,0,Fiber optic,1,0,0,1,0,0,1,85.31,2223.52,4,1,74.5,38,7.4,0
CUST-105059,23,0,1,0,Month-to-month,Electronic check,0,DSL,0,0,0,0,1,0,0,40.6,860.25,3,1,220.2,2,6.2,0
CUST-105060,49,0,1,0,Month-to-month,Bank transfer (auto),1,No,0,0,0,0,0,0,0,24.38,1168.61,1,1,187.2,89,10.0,0
CUST-105061,6,0,0,1,One year,Bank transfer (auto),0,No,0,0,0,0,0,0,0,29.14,168.65,0,0,5.0,63,7.2,1
CUST-105062,1,1,1,0,One year,Mailed check,0,Fiber optic,0,0,1,1,0,1,1,93.9,89.11,1,0,358.4,86,7.9,0
CUST-105063,55,0,0,0,One year,Electronic check,1,Fiber optic,1,0,0,0,1,1,1,88.88,4543.54,3,3,324.3,32,5.8,0
CUST-105064,22,1,1,0,One year,Electronic check,0,DSL,1,0,1,1,0,1,1,75.73,1558.48,1,2,38.8,64,4.4,0
CUST-105065,0,1,1,0,One year,Credit card (auto),1,Fiber optic,1,0,1,0,0,0,1,80.58,78.28,3,0,236.9,50,6.2,0
CUST-105066,72,0,0,0,Month-to-month,Electronic check,0,No,0,0,0,0,0,0,0,18.0,1207.97,1,2,121.9,3,5.3,0
CUST-105067,50,0,1,0,Month-to-month,Electronic check,1,DSL,0,0,0,1,0,0,1,49.8,2400.0,3,0,48.4,31,7.6,0
CUST-105068,10,0,1,0,Month-to-month,Bank transfer (auto),0,No,1,0,0,0,0,0,0,23.88,227.97,7,1,78.5,70,4.2,0
CUST-105069,22,0,0,0,Month-to-month,Credit card (auto),0,Fiber optic,0,0,0,0,0,0,0,73.49,1575.69,3,0,179.9,43,4.8,0
CUST-105070,8,0,1,1,Two year,Credit card (auto),1,DSL,1,1,0,1,0,1,0,71.42,563.41,0,2,162.3,62,8.3,0
CUST-105071,6,0,0,0,Month-to-month,Mailed check,0,DSL,1,0,0,0,0,0,0,50.5,300.79,2,1,231.5,19,7.3,0
CUST-105072,13,0,0,0,Two year,Credit card (auto),1,Fiber optic,0,0,1,0,0,1,1,93.02,1204.11,1,1,220.2,84,8.7,0
CUST-105073,8,1,1,1,Month-to-month,Electronic check,1,No,0,0,0,0,0,0,0,18.0,137.8,2,3,221.8,30,6.9,1
CUST-105074,9,0,0,0,One year,Credit card (auto),0,Fiber optic,0,0,0,1,0,0,1,85.99,755.35,1,0,284.8,11,7.3,0
CUST-105075,2,1,0,0,Month-to-month,Electronic check,0,Fiber optic,1,0,0,1,1,1,0,89.29,173.48,1,1,188.9,61,7.3,0
CUST-105076,72,0,0,0,Two year,Credit card (auto),0,No,0,0,0,0,0,0,0,20.07,1389.68,1,0,144.6,10,7.5,0
CUST-105077,24,0,0,1,Two year,Credit card (auto),0,DSL,1,0,0,0,1,1,1,66.9,1552.58,1,0,190.4,25,5.1,0
CUST-105078,3,0,0,0,Month-to-month,Bank transfer (auto),1,Fiber optic,0,0,0,0,0,0,1,79.52,234.1,6,0,348.0,51,3.7,1
CUST-105079,3,1,0,1,Month-to-month,Bank transfer (auto),1,Fiber optic,0,0,1,1,0,0,0,77.79,230.7,4,1,185.8,82,5.4,1
CUST-105080,32,1,1,0,One year,Electronic check,0,Fiber optic,1,0,1,0,0,0,0,72.42,2174.05,3,0,85.8,67,5.9,1
CUST-105081,72,1,0,0,Month-to-month,Mailed check,0,DSL,0,1,0,1,0,0,1,63.11,4209.35,3,1,141.6,62,4.7,1
CUST-105082,16,0,1,0,Month-to-month,Electronic check,1,Fiber optic,0,1,1,0,1,0,1,87.96,1319.07,3,3,130.0,10,2.3,1
CUST-105083,5,0,1,1,Two year,Bank transfer (auto),1,DSL,0,0,1,0,1,0,0,64.44,316.93,3,0,256.7,18,6.5,0
CUST-105084,72,0,0,0,One year,Electronic check,0,Fiber optic,0,0,0,0,0,0,0,62.23,4323.97,2,2,102.8,7,5.7,0
CUST-105085,24,1,1,0,Month-to-month,Electronic check,1,No,0,0,0,0,0,0,0,18.75,437.18,4,4,190.1,87,3.3,1
CUST-105086,7,0,1,1,Month-to-month,Electronic check,0,DSL,0,1,0,1,0,0,0,44.33,304.25,2,1,228.9,6,5.1,0
CUST-105087,18,0,1,0,Month-to-month,Credit card (auto),1,Fiber optic,0,0,0,1,0,0,1,79.61,1341.69,3,0,295.5,86,5.4,1
CUST-105088,17,0,1,0,Two year,Mailed check,1,No,1,0,0,0,0,0,0,28.61,474.0,3,0,150.9,64,3.9,0
CUST-105089,30,0,0,1,Month-to-month,Bank transfer (auto),1,DSL,0,0,0,1,1,0,0,62.41,1747.31,2,1,255.2,37,9.6,0
CUST-105090,23,0,0,0,Month-to-month,Electronic check,0,DSL,0,0,0,1,0,0,1,56.9,1261.88,1,1,247.3,83,6.7,0
CUST-105091,66,0,1,0,Month-to-month,Electronic check,0,No,1,0,0,0,0,0,0,24.94,1531.13,4,0,65.9,22,4.7,0
CUST-105092,39,0,0,1,Two year,Mailed check,1,Fiber optic,1,0,1,0,1,0,0,87.53,3206.83,0,1,176.1,78,9.6,0
CUST-105093,11,0,1,0,Month-to-month,Electronic check,0,DSL,0,1,1,1,0,1,0,68.89,733.36,4,3,181.1,59,5.4,0
CUST-105094,61,0,1,0,One year,Bank transfer (auto),1,DSL,1,0,1,0,1,0,0,51.44,3125.48,2,0,415.6,58,5.1,0
CUST-105095,8,0,0,0,Month-to-month,Mailed check,1,DSL,0,1,1,0,0,1,0,61.74,469.44,4,0,261.7,54,3.9,1
CUST-105096,12,0,0,0,Two year,Credit card (auto),0,Fiber optic,0,0,1,0,1,0,0,74.7,870.47,0,0,239.0,57,9.2,1
CUST-105097,1,0,1,0,Month-to-month,Electronic check,1,No,0,0,0,0,0,0,0,18.0,17.78,1,6,47.7,84,4.8,1
CUST-105098,32,0,0,0,Two year,Mailed check,1,Fiber optic,0,1,0,1,0,0,0,79.1,2388.78,3,1,142.5,53,4.4,1
CUST-105099,21,0,1,0,Two year,Credit card (auto),0,DSL,0,0,0,0,1,0,1,44.89,932.6,1,0,5.0,36,6.0,0
CUST-105100,32,0,1,0,Month-to-month,Credit card (auto),1,No,1,0,0,0,0,0,0,18.95,591.12,1,0,5.0,64,5.4,0
CUST-105101,72,1,0,0,Month-to-month,Mailed check,0,Fiber optic,0,0,0,1,1,0,0,82.91,5599.73,0,0,174.0,65,8.8,0
CUST-105102,12,0,0,0,Two year,Electronic check,1,DSL,1,0,0,1,0,0,1,59.45,683.05,2,0,94.1,74,6.3,0
CUST-105103,34,0,1,0,Month-to-month,Mailed check,1,No,0,0,0,0,0,0,0,19.77,661.63,0,0,154.7,76,6.8,0
CUST-105104,26,0,1,1,Two year,Bank transfer (auto),1,Fiber optic,1,1,1,0,0,0,0,88.35,2199.84,3,0,240.2,24,7.6,0
CUST-105105,54,0,0,0,Two year,Electronic check,1,Fiber optic,0,0,1,1,1,1,0,80.54,4246.59,2,2,80.5,62,5.2,0
CUST-105106,70,0,0,0,Month-to-month,Electronic check,0,No,0,0,0,0,0,0,0,18.0,1185.88,3,1,208.8,6,5.8,0
CUST-105107,52,1,0,1,Month-to-month,Bank transfer (auto),1,DSL,0,1,0,0,1,1,1,57.62,2816.99,3,0,221.5,37,8.3,0
CUST-105108,16,0,0,0,Month-to-month,Electronic check,0,Fiber optic,0,0,0,0,0,1,0,60.54,952.45,1,1,219.1,18,6.1,1
CUST-105109,5,1,0,1,One year,Credit card (auto),1,No,0,0,0,0,0,0,0,18.81,89.85,2,0,242.6,67,5.2,0
CUST-105110,3,0,0,0,Month-to-month,Electronic check,1,DSL,1,1,0,1,0,0,0,61.01,178.37,1,1,220.1,27,4.8,0
CUST-105111,8,0,1,0,One year,Credit card (auto),0,No,1,0,0,0,0,0,0,30.85,246.55,4,0,192.1,88,5.3,1
CUST-105112,12,0,0,0,Month-to-month,Bank transfer (auto),1,DSL,1,0,0,0,1,1,0,64.11,768.82,4,2,110.4,53,7.5,1
CUST-105113,66,0,1,0,Two year,Credit card (auto),1,No,1,0,0,0,0,0,0,18.0,1138.79,0,1,115.9,25,5.1,0
CUST-105114,11,0,1,1,Month-to-month,Bank transfer (auto),1,Fiber optic,1,0,1,1,0,1,1,85.72,910.0,3,0,5.0,21,6.0,1
CUST-105115,1,0,1,0,Month-to-month,Electronic check,1,Fiber optic,0,1,1,1,1,0,0,84.27,79.62,4,2,315.7,65,3.1,1
CUST-105116,10,0,1,1,Month-to-month,Electronic check,1,Fiber optic,1,1,0,0,0,0,0,83.75,810.17,5,2,392.4,36,6.0,0
CUST-105117,11,0,0,1,Month-to-month,Electronic check,0,DSL,1,1,0,1,0,0,1,63.39,688.08,7,2,143.2,63,3.3,1
CUST-105118,7,0,1,1,Month-to-month,Bank transfer (auto),1,DSL,0,1,0,1,0,0,0,49.31,322.01,3,1,180.3,66,7.1,1
CUST-105119,19,0,0,0,Two year,Electronic check,0,Fiber optic,0,0,0,0,0,0,0,77.9,1369.92,1,2,257.4,33,7.1,0
CUST-105120,13,0,0,1,Month-to-month,Bank transfer (auto),1,No,0,0,0,0,0,0,0,23.44,290.72,4,0,201.6,89,4.8,0
CUST-105121,2,0,1,1,Month-to-month,Credit card (auto),0,DSL,1,0,0,0,0,1,0,61.74,118.56,4,0,169.8,14,4.9,1
CUST-105122,16,0,0,0,One year,Mailed check,1,Fiber optic,1,1,0,1,0,0,0,89.08,1314.49,4,1,212.6,58,6.1,0
CUST-105123,35,0,0,1,One year,Bank transfer (auto),1,DSL,0,0,0,1,0,1,0,47.35,1572.51,5,1,352.3,42,4.3,1
CUST-105124,26,0,1,0,Month-to-month,Credit card (auto),1,Fiber optic,0,1,0,1,0,0,0,83.39,2019.58,2,0,174.6,69,6.4,0
CUST-105125,2,0,0,1,Month-to-month,Bank transfer (auto),0,Fiber optic,0,1,0,0,0,0,0,89.63,178.91,1,1,213.8,53,9.7,1
CUST-105126,62,0,0,0,Month-to-month,Electronic check,1,Fiber optic,0,0,1,0,1,1,1,91.64,5507.26,6,0,139.1,9,3.9,0
CUST-105127,20,1,0,0,Month-to-month,Electronic check,0,Fiber optic,0,0,1,0,0,1,0,78.39,1522.54,0,1,181.0,28,9.7,0
CUST-105128,16,0,0,0,Month-to-month,Bank transfer (auto),1,DSL,1,0,0,0,0,1,0,48.28,711.34,1,1,263.1,69,8.1,0
CUST-105129,6,0,1,0,Month-to-month,Electronic check,0,DSL,1,0,1,0,0,0,0,52.96,293.84,2,2,175.7,44,5.6,1
CUST-105130,43,0,1,0,One year,Mailed check,0,Fiber optic,1,0,0,0,1,0,1,91.17,3713.18,0,0,101.9,51,6.7,0
CUST-105131,29,0,0,0,Two year,Credit card (auto),0,Fiber optic,0,0,0,1,1,1,1,91.88,2481.11,2,1,31.0,48,5.9,0
CUST-105132,1,0,1,1,Month-to-month,Mailed check,0,DSL,0,1,0,0,1,0,0,47.8,44.32,3,1,97.8,15,9.4,0
CUST-105133,3,0,1,0,Month-to-month,Electronic check,0,DSL,0,0,0,0,1,1,0,56.89,161.21,2,0,313.3,55,5.8,1
CUST-105134,1,0,1,0,Two year,Electronic check,0,DSL,1,0,1,1,0,0,0,56.2,55.96,1,2,163.1,85,4.9,1
CUST-105135,19,1,1,0,One year,Credit card (auto),1,DSL,1,0,1,0,0,0,0,62.69,1184.79,3,0,20.7,58,5.5,0
CUST-105136,72,0,1,0,One year,Electronic check,0,Fiber optic,0,0,0,0,1,0,0,78.15,5434.7,0,1,15.8,19,6.0,0
CUST-105137,62,0,1,0,Two year,Electronic check,1,No,1,0,0,0,0,0,0,33.87,2013.23,3,2,220.7,77,5.5,0
CUST-105138,21,0,1,0,One year,Bank transfer (auto),0,DSL,1,0,0,0,0,0,1,54.55,1087.68,0,0,21.2,48,6.8,0
CUST-105139,72,0,0,1,One year,Mailed check,1,DSL,1,0,1,0,1,0,1,70.85,5096.0,3,2,53.5,3,5.2,0
CUST-105140,14,1,0,1,Month-to-month,Mailed check,0,Fiber optic,1,0,0,0,1,1,0,87.69,1151.13,3,0,212.5,20,5.8,0
CUST-105141,8,0,0,1,Two year,Bank transfer (auto),1,Fiber optic,0,0,0,1,0,1,0,81.38,616.16,3,1,304.6,51,5.9,0
CUST-105142,16,0,1,1,One year,Bank transfer (auto),1,Fiber optic,0,0,1,1,1,1,0,88.39,1373.67,3,1,247.7,32,7.8,0
CUST-105143,7,1,0,1,Month-to-month,Electronic check,1,Fiber optic,0,1,0,0,1,0,0,73.81,505.77,2,1,54.2,32,5.4,1
CUST-105144,9,0,1,1,One year,Mailed check,0,DSL,1,0,0,0,0,0,1,59.46,492.72,1,0,238.5,16,8.2,0
CUST-105145,18,0,0,0,Month-to-month,Bank transfer (auto),1,No,1,0,0,0,0,0,0,30.72,519.07,3,0,292.3,1,7.8,0
CUST-105146,24,0,1,1,Month-to-month,Mailed check,0,Fiber optic,0,0,0,0,0,1,0,67.87,1519.21,4,1,90.4,5,6.4,1
CUST-105147,43,0,0,0,Month-to-month,Credit card (auto),0,Fiber optic,0,0,0,1,1,1,0,86.93,3466.33,2,0,215.7,45,9.0,0
CUST-105148,14,0,0,0,One year,Electronic check,0,Fiber optic,0,0,0,1,0,0,1,82.11,1126.61,0,2,282.9,40,8.2,0
CUST-105149,32,0,0,0,Month-to-month,Mailed check,0,No,0,0,0,0,0,0,0,18.0,559.0,7,1,250.4,28,2.6,1
CUST-105150,1,0,1,0,One year,Bank transfer (auto),1,No,0,0,0,0,0,0,0,21.59,21.02,2,1,11.1,30,3.9,0
CUST-105151,6,1,0,0,One year,Bank transfer (auto),0,DSL,0,0,1,1,0,0,0,50.31,283.67,1,2,111.5,82,4.9,0
CUST-105152,5,0,0,0,Month-to-month,Electronic check,1,DSL,0,0,0,0,0,1,0,53.02,265.0,6,2,152.4,13,5.3,1
CUST-105153,22,0,1,0,Month-to-month,Mailed check,1,DSL,1,0,0,0,0,1,1,56.68,1241.8,3,0,163.8,5,6.1,0
CUST-105154,3,1,1,1,Month-to-month,Credit card (auto),1,No,0,0,0,0,0,0,0,27.94,80.0,5,1,154.2,49,5.3,0
CUST-105155,72,0,1,0,One year,Mailed check,1,DSL,0,0,0,1,0,0,0,57.12,3836.95,2,0,56.8,9,7.5,0
CUST-105156,19,0,1,0,Two year,Electronic check,1,Fiber optic,0,0,0,1,0,0,1,83.9,1497.71,3,3,113.2,58,3.8,1
CUST-105157,46,0,0,1,Month-to-month,Electronic check,1,Fiber optic,0,0,0,0,1,1,0,90.7,4016.99,5,2,115.4,89,4.2,1
CUST-105158,2,0,1,0,One year,Mailed check,0,Fiber optic,0,0,0,0,0,0,0,78.57,153.78,2,1,195.2,59,3.8,1
CUST-105159,23,0,0,1,Two year,Electronic check,1,Fiber optic,0,1,1,1,1,0,1,98.12,2089.96,2,2,133.1,21,9.0,0
CUST-105160,35,0,1,0,One year,Credit card (auto),0,Fiber optic,1,1,1,0,1,0,1,105.38,3644.64,1,0,161.5,82,7.8,0
CUST-105161,22,0,1,0,Month-to-month,Credit card (auto),0,DSL,1,0,0,0,0,1,0,56.76,1171.46,1,0,5.0,7,7.9,0
CUST-105162,18,0,0,1,Month-to-month,Credit card (auto),0,DSL,0,0,0,0,0,0,1,46.18,821.59,5,0,241.4,17,5.0,0
CUST-105163,31,0,0,0,Two year,Mailed check,0,DSL,0,0,0,0,0,0,1,55.38,1656.71,0,1,179.4,8,8.2,0
CUST-105164,72,0,1,0,Month-to-month,Mailed check,0,No,0,0,0,0,0,0,0,19.34,1340.38,3,1,223.1,76,4.1,0
CUST-105165,22,0,1,0,Month-to-month,Electronic check,1,No,0,0,0,0,0,0,0,25.53,525.67,4,5,109.3,21,5.2,0
CUST-105166,46,0,1,0,Month-to-month,Electronic check,1,No,0,0,0,0,0,0,0,18.0,801.24,3,2,172.8,86,5.4,0
CUST-105167,11,0,1,1,Month-to-month,Bank transfer (auto),1,DSL,0,1,0,1,1,0,0,54.55,575.41,1,2,189.8,89,7.4,0
CUST-105168,14,0,1,0,One year,Electronic check,1,DSL,1,0,1,0,1,1,0,57.75,782.02,1,0,147.9,57,7.1,0
CUST-105169,23,0,0,0,Two year,Electronic check,1,Fiber optic,1,0,0,0,1,0,0,75.83,1734.3,1,0,176.8,7,7.7,0
CUST-105170,4,0,1,1,Two year,Credit card (auto),1,DSL,0,0,0,0,0,0,0,47.06,176.2,1,2,252.5,78,3.9,0
CUST-105171,4,0,0,0,One year,Credit card (auto),0,No,1,0,0,0,0,0,0,19.54,76.74,1,0,173.3,68,5.9,0
CUST-105172,72,1,1,0,Two year,Credit card (auto),1,Fiber optic,0,0,0,0,0,0,1,68.56,4776.36,1,0,252.1,68,7.7,0
CUST-105173,55,0,1,0,Two year,Electronic check,0,No,1,0,0,0,0,0,0,23.2,1274.51,4,0,240.3,15,8.2,0
CUST-105174,68,0,0,0,Two year,Credit card (auto),1,No,0,0,0,0,0,0,0,18.0,1154.37,2,0,35.4,70,5.4,0
CUST-105175,48,0,1,0,Two year,Mailed check,0,Fiber optic,1,0,0,1,0,0,0,83.03,3948.12,2,0,274.4,18,7.3,0
CUST-105176,39,0,1,0,Two year,Electronic check,1,DSL,1,0,0,0,0,0,1,69.26,2529.93,0,1,158.9,3,7.7,0
CUST-105177,59,1,0,0,Month-to-month,Mailed check,0,No,1,0,0,0,0,0,0,32.77,1882.47,2,1,242.6,23,6.6,0
CUST-105178,25,0,1,0,Month-to-month,Bank transfer (auto),0,Fiber optic,1,0,1,1,0,0,0,83.46,2031.78,3,0,194.9,6,8.1,0
CUST-105179,10,0,1,1,Month-to-month,Mailed check,1,No,1,0,0,0,0,0,0,28.13,269.23,1,0,105.6,44,6.2,0
CUST-105180,50,0,0,0,One year,Credit card (auto),0,DSL,0,0,0,0,1,0,0,46.27,2203.85,0,0,5.0,61,8.8,0
CUST-105181,26,0,0,1,Two year,Mailed check,1,Fiber optic,1,1,0,1,0,0,0,92.31,2393.38,3,1,411.7,0,5.9,0
CUST-105182,6,0,0,0,Two year,Credit card (auto),0,Fiber optic,0,0,0,1,0,0,1,82.37,483.54,3,0,107.6,78,8.1,0
CUST-105183,72,0,1,0,Two year,Electronic check,1,DSL,1,0,0,0,0,1,0,54.25,3831.35,3,2,145.2,33,4.8,0
CUST-105184,34,0,0,1,Two year,Bank transfer (auto),1,Fiber optic,0,0,0,0,1,0,0,76.81,2564.18,2,1,59.7,46,6.9,0
CUST-105185,8,0,0,0,Month-to-month,Credit card (auto),1,DSL,0,0,0,0,0,0,0,47.72,360.15,4,1,82.2,31,3.8,1
CUST-105186,18,0,1,0,Month-to-month,Bank transfer (auto),0,Fiber optic,1,1,0,0,1,0,0,87.33,1467.54,1,1,158.3,44,6.3,0
CUST-105187,25,0,1,1,One year,Credit card (auto),0,Fiber optic,0,0,1,0,0,0,0,76.85,1793.49,5,0,94.4,31,7.5,0
CUST-105188,15,0,1,1,Month-to-month,Bank transfer (auto),0,DSL,1,0,0,0,0,0,1,60.97,885.83,1,2,124.2,34,5.8,0
CUST-105189,43,0,1,0,One year,Electronic check,1,Fiber optic,0,0,1,0,0,0,1,91.78,3773.07,1,3,157.8,54,5.7,0
CUST-105190,22,0,0,1,One year,Bank transfer (auto),1,DSL,1,0,0,0,0,0,0,60.19,1253.22,2,1,253.7,52,7.5,0
CUST-105191,12,0,0,0,Month-to-month,Bank transfer (auto),1,Fiber optic,0,0,1,0,1,1,1,82.23,920.71,1,0,205.9,28,6.2,1
CUST-105192,27,1,1,1,One year,Electronic check,1,DSL,0,1,0,1,1,0,1,64.51,1636.11,1,1,54.1,22,7.2,0
CUST-105193,53,0,0,0,One year,Mailed check,1,Fiber optic,0,0,0,1,0,0,0,87.27,4368.36,0,1,279.7,28,6.5,0
CUST-105194,2,0,0,0,One year,Electronic check,1,Fiber optic,0,0,0,1,1,0,1,85.69,166.42,4,2,109.2,46,6.1,1
CUST-105195,5,0,1,0,Two year,Electronic check,1,No,0,0,0,0,0,0,0,31.07,150.79,3,1,23.7,26,6.7,1
CUST-105196,30,0,0,0,Month-to-month,Credit card (auto),0,Fiber optic,0,1,0,0,1,0,1,99.23,2907.86,6,0,190.6,17,5.9,0
CUST-105197,40,1,1,1,Two year,Credit card (auto),1,Fiber optic,0,1,0,0,0,1,0,73.43,2877.52,2,0,126.9,20,4.1,0
CUST-105198,12,0,1,0,Month-to-month,Bank transfer (auto),0,Fiber optic,1,1,1,0,0,0,0,86.58,1016.01,2,1,5.0,58,6.3,0
CUST-105199,6,0,1,0,Month-to-month,Mailed check,0,Fiber optic,0,0,0,0,0,0,0,70.44,390.87,4,0,135.2,20,5.0,0
CUST-105200,72,0,0,0,Month-to-month,Mailed check,0,Fiber optic,1,0,0,0,1,1,1,83.68,5851.41,1,0,265.5,27,5.5,0
CUST-105201,10,0,0,0,Two year,Electronic check,0,Fiber optic,0,1,0,0,0,1,1,91.84,910.94,1,2,182.9,19,2.7,0
CUST-105202,4,0,1,1,Two year,Electronic check,1,Fiber optic,0,1,0,0,1,0,1,85.57,342.03,0,0,55.6,84,6.7,0
CUST-105203,26,0,1,0,Month-to-month,Credit card (auto),0,Fiber optic,0,0,1,0,1,0,1,73.59,1764.1,0,0,220.8,19,9.5,0
CUST-105204,24,0,0,0,One year,Mailed check,1,No,0,0,0,0,0,0,0,21.94,501.74,2,2,229.3,24,6.5,0
CUST-105205,4,0,0,0,Two year,Mailed check,1,DSL,0,1,0,0,0,0,0,44.77,168.49,3,0,191.5,62,7.4,0
CUST-105206,23,0,1,0,Two year,Electronic check,0,DSL,0,1,0,1,0,0,0,53.86,1159.38,3,2,325.1,7,5.9,0
CUST-105207,1,1,0,0,Month-to-month,Credit card (auto),0,Fiber optic,1,1,1,1,0,0,0,76.55,74.56,6,0,296.0,20,7.1,1
CUST-105208,24,0,0,1,Month-to-month,Electronic check,1,Fiber optic,1,1,1,0,0,0,0,85.89,1961.23,2,2,243.4,63,6.4,1
CUST-105209,8,0,0,0,Month-to-month,Mailed check,0,DSL,1,1,0,0,0,0,0,62.55,492.7,5,0,74.7,85,6.2,0
CUST-105210,11,0,0,1,Two year,Electronic check,0,DSL,1,0,1,0,0,1,0,59.47,637.27,1,0,215.4,75,6.6,0
CUST-105211,9,1,0,0,Month-to-month,Electronic check,1,No,0,0,0,0,0,0,0,18.0,153.48,4,0,178.1,56,5.8,1
CUST-105212,18,0,0,0,Month-to-month,Bank transfer (auto),0,DSL,0,1,0,0,0,1,1,58.15,976.35,2,0,141.6,0,6.4,0
CUST-105213,36,0,1,0,Two year,Bank transfer (auto),1,Fiber optic,0,0,1,1,0,1,0,82.29,2748.71,0,0,152.7,85,8.2,0
CUST-105214,21,0,0,0,Month-to-month,Bank transfer (auto),0,DSL,1,1,1,0,1,0,1,80.41,1598.96,2,1,5.0,42,8.1,0
CUST-105215,7,0,0,0,One year,Electronic check,0,DSL,1,0,1,0,0,1,1,69.15,461.11,1,1,194.7,26,6.9,0
CUST-105216,4,0,0,0,Two year,Credit card (auto),1,DSL,1,0,0,0,0,0,1,56.12,208.18,1,0,159.8,55,7.7,0
CUST-105217,37,1,1,0,Month-to-month,Bank transfer (auto),0,DSL,0,0,0,0,0,0,1,42.29,1500.11,2,1,21.3,47,6.1,0
CUST-105218,13,0,0,0,Month-to-month,Credit card (auto),1,Fiber optic,0,0,0,0,0,0,0,69.73,892.4,2,1,100.6,4,6.8,1
CUST-105219,22,0,0,0,Month-to-month,Electronic check,0,DSL,1,0,0,0,0,0,0,64.62,1339.53,3,0,5.0,87,6.7,0
CUST-105220,12,0,1,1,One year,Credit card (auto),0,Fiber optic,1,0,0,1,1,1,0,93.78,1042.3,0,0,279.2,85,6.1,0
CUST-105221,7,0,1,0,Month-to-month,Bank transfer (auto),0,DSL,0,0,0,0,0,0,0,48.94,340.18,4,1,366.2,76,2.9,1
CUST-105222,4,0,1,0,Month-to-month,Mailed check,0,No,0,0,0,0,0,0,0,18.0,68.04,3,1,186.8,20,7.3,0
CUST-105223,6,0,0,0,Month-to-month,Electronic check,0,DSL,0,0,1,0,0,0,1,59.5,337.97,3,2,181.8,12,5.6,0
CUST-105224,1,0,0,0,Month-to-month,Electronic check,1,DSL,0,0,0,0,1,0,0,50.06,46.45,3,0,57.9,47,6.4,1
CUST-105225,53,0,0,0,Two year,Credit card (auto),0,Fiber optic,1,0,1,1,0,0,0,87.14,4473.9,3,0,251.3,38,5.6,0
CUST-105226,4,0,1,0,Month-to-month,Mailed check,0,No,0,0,0,0,0,0,0,21.04,82.2,5,0,78.2,43,5.1,0
CUST-105227,18,0,0,0,One year,Bank transfer (auto),1,Fiber optic,0,0,0,1,0,1,1,84.71,1434.31,1,2,110.1,18,7.4,0
CUST-105228,10,0,0,0,Two year,Bank transfer (auto),1,Fiber optic,0,1,1,1,1,0,0,86.45,820.92,0,1,5.0,25,6.8,0
CUST-105229,36,1,0,0,One year,Credit card (auto),1,No,1,0,0,0,0,0,0,25.03,897.92,0,0,180.3,72,7.0,0
CUST-105230,31,0,1,0,One year,Mailed check,0,Fiber optic,1,1,0,0,1,0,1,83.08,2486.88,2,0,89.7,55,6.4,0
CUST-105231,0,0,0,1,Month-to-month,Credit card (auto),0,Fiber optic,1,0,0,0,1,1,0,84.78,83.44,2,2,5.0,39,8.2,1
CUST-105232,7,0,0,0,Month-to-month,Electronic check,0,Fiber optic,0,1,1,0,1,0,0,90.17,598.74,2,1,50.7,6,7.9,0
CUST-105233,32,0,1,0,Month-to-month,Credit card (auto),1,DSL,0,0,1,0,0,0,0,46.15,1396.65,3,0,339.2,78,9.1,0
CUST-105234,16,0,1,0,Month-to-month,Mailed check,0,DSL,1,1,0,1,1,1,0,75.78,1129.6,0,2,256.3,49,7.3,1
CUST-105235,72,0,1,1,Two year,Electronic check,0,DSL,0,0,0,1,1,1,0,52.07,3515.5,0,1,251.2,65,7.2,0
CUST-105236,72,1,1,0,Month-to-month,Mailed check,1,DSL,0,0,1,1,0,0,1,50.37,3474.76,2,0,5.0,87,7.4,0
CUST-105237,27,0,0,1,Month-to-month,Credit card (auto),1,No,1,0,0,0,0,0,0,25.42,646.36,4,2,197.2,37,4.1,0
CUST-105238,4,0,1,0,Two year,Bank transfer (auto),0,No,1,0,0,0,0,0,0,33.55,126.75,2,1,228.7,8,7.5,0
CUST-105239,22,0,0,1,Two year,Electronic check,0,DSL,1,0,1,0,1,1,0,57.68,1225.16,1,1,255.4,30,7.2,0
CUST-105240,27,0,1,0,One year,Electronic check,1,DSL,0,0,0,1,0,0,0,60.15,1591.35,4,0,165.4,61,7.0,0
CUST-105241,38,0,0,1,Month-to-month,Bank transfer (auto),0,Fiber optic,0,1,1,0,1,0,1,100.83,3831.09,2,1,187.2,85,6.0,0
CUST-105242,54,1,1,0,One year,Electronic check,0,Fiber optic,0,0,0,0,0,0,0,74.24,3712.08,4,3,200.0,28,4.8,1
CUST-105243,2,0,1,1,Month-to-month,Electronic check,1,No,0,0,0,0,0,0,0,18.0,34.24,2,6,276.7,56,5.4,0
CUST-105244,72,0,0,0,One year,Bank transfer (auto),1,No,1,0,0,0,0,0,0,25.15,1718.46,3,0,124.0,62,6.6,0
CUST-105245,4,0,0,1,One year,Electronic check,0,Fiber optic,1,0,1,0,0,0,0,78.37,294.92,3,2,193.1,57,5.2,0
CUST-105246,4,0,1,1,Two year,Electronic check,1,DSL,0,0,1,1,0,0,1,54.36,202.06,3,1,359.0,24,7.2,0
CUST-105247,7,0,0,0,Month-to-month,Mailed check,0,No,1,0,0,0,0,0,0,26.69,175.25,1,1,194.2,23,7.0,0
CUST-105248,39,0,1,0,Two year,Bank transfer (auto),1,Fiber optic,0,0,0,1,1,0,0,68.03,2504.43,1,1,172.4,42,7.7,0
CUST-105249,7,0,0,0,Month-to-month,Bank transfer (auto),1,Fiber optic,0,0,0,0,1,0,1,81.1,545.8,2,2,348.7,54,4.6,1
CUST-105250,33,0,1,1,Month-to-month,Electronic check,1,Fiber optic,1,0,0,0,0,1,1,80.21,2441.95,1,1,180.1,64,4.5,0
CUST-105251,38,0,1,1,Two year,Mailed check,0,Fiber optic,1,1,0,1,0,0,0,81.84,2985.81,3,2,280.0,50,4.9,1
CUST-105252,7,0,0,0,Month-to-month,Mailed check,1,DSL,0,0,1,0,0,0,0,44.93,313.16,4,1,306.6,27,6.4,0
CUST-105253,21,0,1,0,Month-to-month,Mailed check,1,Fiber optic,1,0,0,1,0,1,0,89.17,1841.47,3,1,140.7,13,6.4,0
CUST-105254,13,0,1,0,Month-to-month,Electronic check,1,DSL,0,0,0,0,0,1,1,60.63,765.83,3,1,216.0,10,7.9,0
CUST-105255,72,1,1,0,Month-to-month,Electronic check,1,DSL,0,0,0,0,0,0,0,38.9,2689.61,2,2,171.2,12,5.4,0
CUST-105256,16,0,1,0,Month-to-month,Bank transfer (auto),0,Fiber optic,1,0,0,0,1,0,1,94.22,1438.76,5,0,77.4,19,6.1,0
CUST-105257,0,1,1,1,One year,Electronic check,1,DSL,0,0,1,1,0,0,1,51.75,48.76,0,3,81.2,50,5.2,1
CUST-105258,18,0,0,0,Month-to-month,Credit card (auto),1,No,0,0,0,0,0,0,0,18.0,313.66,1,0,237.7,28,8.4,0
CUST-105259,22,0,0,1,Two year,Credit card (auto),1,No,1,0,0,0,0,0,0,33.38,703.59,2,0,235.8,74,5.8,0
CUST-105260,11,0,0,1,One year,Mailed check,1,No,1,0,0,0,0,0,0,18.03,195.0,4,1,229.0,59,6.7,0
CUST-105261,65,0,1,0,Two year,Bank transfer (auto),1,DSL,0,0,1,0,0,1,1,55.19,3390.73,2,0,168.3,29,6.7,0
CUST-105262,44,0,1,0,Two year,Bank transfer (auto),1,No,0,0,0,0,0,0,0,18.0,744.15,3,0,85.9,19,5.5,0
CUST-105263,12,0,0,0,One year,Electronic check,0,DSL,1,0,1,0,1,0,1,63.75,750.38,2,4,363.1,47,4.6,0
CUST-105264,8,1,1,0,Month-to-month,Mailed check,1,Fiber optic,1,0,0,0,1,0,1,82.88,639.08,0,1,103.3,71,8.1,1
CUST-105265,8,1,0,1,Two year,Credit card (auto),1,DSL,0,1,0,0,0,1,0,43.55,341.99,0,0,215.3,32,6.9,0
CUST-105266,5,0,1,0,Month-to-month,Electronic check,1,No,1,0,0,0,0,0,0,31.64,155.9,4,3,112.6,11,2.4,1
CUST-105267,56,0,1,0,Month-to-month,Bank transfer (auto),0,DSL,0,1,0,0,0,1,1,60.58,3277.37,4,2,133.7,46,8.3,0
CUST-105268,11,0,1,1,One year,Bank transfer (auto),1,Fiber optic,0,0,1,0,0,0,1,84.37,890.7,1,1,129.2,22,7.2,0
CUST-105269,3,0,1,0,Month-to-month,Electronic check,0,Fiber optic,0,0,0,1,0,0,0,72.05,215.64,4,3,179.3,81,6.1,1
CUST-105270,31,0,1,0,One year,Bank transfer (auto),0,Fiber optic,1,0,0,1,0,0,1,86.44,2646.13,1,1,220.8,2,5.8,0
CUST-105271,2,0,0,1,Two year,Credit card (auto),1,No,0,0,0,0,0,0,0,25.36,49.46,0,0,246.8,74,5.7,0
CUST-105272,66,0,0,0,One year,Electronic check,1,DSL,0,1,0,0,0,0,1,55.35,3526.72,2,1,42.7,71,5.9,0
CUST-105273,1,0,0,0,Month-to-month,Electronic check,0,DSL,0,0,0,0,1,0,0,54.93,51.17,0,4,44.7,81,8.3,1
CUST-105274,12,0,1,0,Month-to-month,Electronic check,0,Fiber optic,0,0,1,0,0,1,0,84.0,928.11,1,0,134.0,82,5.6,0
CUST-105275,15,1,1,0,Month-to-month,Bank transfer (auto),1,Fiber optic,0,0,0,1,0,0,0,74.77,1100.36,3,0,169.8,22,6.3,0
CUST-105276,22,0,0,0,Month-to-month,Bank transfer (auto),0,DSL,0,1,0,0,0,0,0,50.07,1028.79,2,0,104.2,40,5.8,0
CUST-105277,2,0,0,0,One year,Mailed check,0,No,0,0,0,0,0,0,0,19.59,37.79,3,1,202.8,48,5.4,0
CUST-105278,36,0,0,0,One year,Credit card (auto),1,DSL,1,1,1,0,0,0,1,67.08,2339.2,1,1,164.1,36,8.5,0
CUST-105279,10,0,1,0,One year,Credit card (auto),0,Fiber optic,0,0,1,0,0,0,0,71.22,693.96,1,0,100.5,4,8.0,0
CUST-105280,29,0,0,0,One year,Electronic check,1,DSL,1,0,0,1,0,0,1,64.04,1785.73,1,1,254.2,58,7.3,0
CUST-105281,12,0,1,0,Month-to-month,Credit card (auto),0,Fiber optic,1,1,0,1,0,1,1,97.1,1145.92,7,1,216.9,4,5.5,1
CUST-105282,19,1,0,1,Month-to-month,Mailed check,1,Fiber optic,1,0,1,0,0,1,0,83.38,1506.88,1,1,203.6,67,5.5,0
CUST-105283,52,0,1,1,One year,Electronic check,1,Fiber optic,0,1,1,1,0,1,0,90.32,4354.4,1,0,145.0,19,9.2,0
CUST-105284,0,0,1,1,Month-to-month,Electronic check,0,DSL,0,0,1,1,0,1,0,65.9,65.22,4,1,113.3,17,5.1,1
CUST-105285,2,0,0,0,Month-to-month,Mailed check,1,Fiber optic,1,0,0,0,1,1,0,87.05,161.65,2,1,276.7,3,7.9,1
CUST-105286,47,1,1,0,One year,Credit card (auto),1,DSL,1,0,1,1,1,0,0,66.92,3033.3,0,0,181.0,62,10.0,0
CUST-105287,72,0,0,1,Month-to-month,Mailed check,1,DSL,0,0,1,0,0,0,0,50.61,3363.64,3,2,65.8,24,4.7,0
CUST-105288,51,0,1,1,Month-to-month,Bank transfer (auto),0,DSL,0,1,1,1,0,0,1,51.57,2548.68,3,0,245.9,84,4.8,0
CUST-105289,56,1,0,1,Month-to-month,Electronic check,1,No,0,0,0,0,0,0,0,18.0,953.97,4,3,364.8,53,5.5,0
CUST-105290,9,0,1,0,Month-to-month,Electronic check,0,DSL,1,1,0,0,0,1,0,75.89,663.17,4,0,107.2,47,6.1,0
CUST-105291,72,0,0,0,One year,Credit card (auto),0,Fiber optic,1,0,1,0,0,0,0,82.76,5689.29,3,1,181.4,72,6.5,0
CUST-105292,21,0,1,0,Month-to-month,Credit card (auto),1,DSL,1,0,1,1,0,0,1,61.11,1276.46,1,1,167.1,87,5.8,0
CUST-105293,5,0,0,0,Two year,Mailed check,0,Fiber optic,1,0,0,0,0,0,0,77.77,365.57,1,0,240.0,0,6.3,0
CUST-105294,3,1,1,0,Month-to-month,Electronic check,1,Fiber optic,1,0,1,0,0,0,0,79.12,224.0,5,3,174.7,60,4.2,1
CUST-105295,7,0,0,0,Month-to-month,Electronic check,1,DSL,1,0,0,0,0,1,0,58.52,388.85,2,0,126.9,7,7.7,1
CUST-105296,30,0,0,0,Month-to-month,Credit card (auto),1,No,0,0,0,0,0,0,0,21.1,586.26,4,0,238.9,63,6.8,0
CUST-105297,69,0,1,0,Two year,Electronic check,1,No,0,0,0,0,0,0,0,19.62,1338.99,1,1,215.5,13,6.8,0
CUST-105298,11,0,0,0,Month-to-month,Electronic check,0,DSL,0,1,0,0,1,0,1,63.85,651.54,4,0,298.6,84,10.0,1
CUST-105299,29,0,0,0,One year,Bank transfer (auto),0,Fiber optic,0,0,0,0,0,0,0,62.74,1703.2,0,0,297.6,81,8.9,0
CUST-105300,14,1,1,0,Two year,Credit card (auto),1,No,1,0,0,0,0,0,0,29.98,390.42,2,0,160.4,27,5.5,0
CUST-105301,1,0,0,0,Month-to-month,Electronic check,1,No,0,0,0,0,0,0,0,26.27,24.44,8,0,256.8,16,4.2,1
CUST-105302,5,1,1,1,Month-to-month,Credit card (auto),1,DSL,0,0,1,0,1,1,0,56.84,270.57,3,2,252.3,81,8.5,0
CUST-105303,3,0,0,0,One year,Electronic check,1,No,0,0,0,0,0,0,0,24.87,69.69,5,1,282.8,80,4.6,1
CUST-105304,22,0,1,1,Two year,Bank transfer (auto),0,DSL,0,1,0,1,0,0,0,52.63,1146.94,2,0,190.6,5,10.0,0
CUST-105305,1,0,1,0,Month-to-month,Electronic check,1,Fiber optic,0,0,0,1,1,0,1,76.95,76.54,3,1,38.2,73,6.6,0
CUST-105306,12,0,0,0,Two year,Credit card (auto),0,Fiber optic,0,0,0,0,0,1,1,67.59,757.86,4,0,79.5,16,6.9,0
CUST-105307,72,0,0,0,One year,Bank transfer (auto),1,Fiber optic,1,0,1,1,1,1,0,92.67,6254.66,2,1,131.5,26,6.7,0
CUST-105308,3,0,1,0,Two year,Credit card (auto),1,No,1,0,0,0,0,0,0,26.11,73.96,1,0,125.3,10,4.9,0
CUST-105309,5,0,1,1,Month-to-month,Mailed check,0,DSL,0,0,0,0,0,0,0,58.16,280.12,8,0,243.9,63,5.6,1
CUST-105310,7,0,0,0,Month-to-month,Credit card (auto),1,DSL,1,0,1,1,0,0,1,66.77,448.13,1,1,214.1,52,5.8,1
CUST-105311,24,0,0,1,Month-to-month,Bank transfer (auto),0,Fiber optic,0,0,0,0,1,0,0,71.12,1622.07,2,1,202.0,63,7.1,0
CUST-105312,27,0,0,1,Two year,Mailed check,0,Fiber optic,0,1,0,0,0,0,1,82.19,2089.1,0,1,194.5,83,8.8,0
CUST-105313,5,0,1,1,Month-to-month,Electronic check,1,Fiber optic,1,0,0,0,0,1,1,84.66,418.3,2,2,124.3,73,6.5,1
CUST-105314,11,0,1,0,One year,Credit card (auto),1,No,1,0,0,0,0,0,0,34.2,360.77,5,0,339.7,22,4.0,0
CUST-105315,11,0,0,0,Month-to-month,Mailed check,1,Fiber optic,1,1,0,1,1,1,0,105.25,1076.12,3,0,202.2,15,6.3,1
CUST-105316,4,0,1,1,Month-to-month,Bank transfer (auto),0,Fiber optic,0,0,1,0,1,1,0,84.47,331.48,3,0,191.3,62,4.1,1
CUST-105317,5,0,1,1,Month-to-month,Bank transfer (auto),0,DSL,0,0,1,1,0,0,0,43.32,204.78,2,0,173.8,19,5.8,1
CUST-105318,55,1,1,1,One year,Credit card (auto),1,DSL,1,0,0,0,0,1,0,56.9,3080.15,1,0,60.5,85,7.1,0
CUST-105319,3,0,0,0,Month-to-month,Bank transfer (auto),0,No,0,0,0,0,0,0,0,19.03,55.89,5,2,287.2,33,5.1,1
CUST-105320,11,0,0,1,Two year,Bank transfer (auto),0,Fiber optic,0,0,1,0,1,1,1,97.82,1000.33,1,2,239.6,24,6.9,0
CUST-105321,3,1,0,1,One year,Mailed check,0,Fiber optic,1,0,0,0,0,0,1,85.18,241.75,2,0,367.7,55,6.3,0
CUST-105322,17,0,1,1,Two year,Bank transfer (auto),1,DSL,0,0,0,0,1,1,1,56.15,926.37,1,1,246.2,59,7.2,0
CUST-105323,28,0,0,0,One year,Mailed check,0,Fiber optic,0,0,0,0,0,0,1,82.89,2273.84,2,1,247.0,59,5.2,0
CUST-105324,14,0,0,0,One year,Credit card (auto),0,DSL,1,0,1,1,1,0,0,65.79,879.21,1,1,132.7,72,6.1,0
CUST-105325,8,0,1,0,One year,Credit card (auto),0,No,1,0,0,0,0,0,0,27.23,210.22,3,0,209.3,21,5.3,0
CUST-105326,26,0,1,0,Month-to-month,Mailed check,1,DSL,0,0,1,0,0,0,1,51.0,1229.46,2,0,234.0,27,10.0,0
CUST-105327,7,0,0,0,Month-to-month,Electronic check,1,DSL,0,0,0,0,1,0,0,56.46,363.72,1,0,5.8,33,8.3,1
CUST-105328,43,0,0,0,Two year,Mailed check,1,Fiber optic,0,1,0,0,0,1,0,75.78,3058.95,3,0,344.0,86,9.1,0
CUST-105329,7,1,0,1,Month-to-month,Credit card (auto),0,DSL,1,0,0,0,0,0,0,56.9,382.31,7,0,225.1,71,4.0,1
CUST-105330,6,0,0,0,Month-to-month,Credit card (auto),0,No,0,0,0,0,0,0,0,22.4,129.61,2,1,289.3,67,5.1,1
CUST-105331,64,0,0,0,One year,Electronic check,0,Fiber optic,1,1,0,1,0,1,0,91.91,5437.05,3,0,281.4,40,4.8,0
CUST-105332,67,0,0,0,Two year,Credit card (auto),1,Fiber optic,1,1,0,1,0,1,1,101.48,6758.89,3,0,92.8,59,5.4,0
CUST-105333,7,0,0,1,Month-to-month,Electronic check,0,DSL,0,1,1,0,1,1,0,72.25,470.58,1,0,112.6,54,6.5,1
CUST-105334,63,0,1,0,Two year,Credit card (auto),0,Fiber optic,0,0,0,1,1,0,0,71.61,4465.66,2,4,166.8,89,5.3,0
CUST-105335,66,1,1,0,Month-to-month,Credit card (auto),1,DSL,1,1,0,0,0,0,0,56.52,3714.49,4,1,152.2,73,5.3,0
CUST-105336,8,0,0,0,Month-to-month,Mailed check,1,Fiber optic,0,1,1,0,0,0,0,77.54,594.76,3,1,208.2,35,6.6,0
CUST-105337,50,0,1,0,Two year,Credit card (auto),0,No,0,0,0,0,0,0,0,20.64,1016.32,1,0,268.9,18,7.8,0
CUST-105338,72,1,0,0,Month-to-month,Bank transfer (auto),0,DSL,0,0,0,1,0,0,1,50.52,3505.8,4,1,28.9,61,6.5,0
CUST-105339,0,0,1,1,One year,Mailed check,1,No,1,0,0,0,0,0,0,21.83,20.24,3,0,152.9,16,9.9,0
CUST-105340,41,0,1,0,Two year,Credit card (auto),0,No,1,0,0,0,0,0,0,27.35,1045.93,1,1,265.3,45,6.3,0
CUST-105341,0,0,1,0,Month-to-month,Electronic check,1,No,1,0,0,0,0,0,0,34.1,32.72,3,2,35.8,40,8.2,1
CUST-105342,55,0,1,1,Month-to-month,Electronic check,0,Fiber optic,0,0,1,0,1,0,0,77.79,4052.43,0,0,234.5,59,8.9,0
CUST-105343,4,0,0,0,Two year,Electronic check,0,No,0,0,0,0,0,0,0,22.49,88.05,2,2,277.8,6,7.4,0
CUST-105344,41,0,0,0,One year,Bank transfer (auto),1,Fiber optic,0,1,0,0,1,0,1,92.69,3585.75,0,0,91.6,89,8.3,0
CUST-105345,6,0,0,0,Two year,Bank transfer (auto),1,Fiber optic,0,1,0,0,0,1,0,80.0,444.44,0,1,207.3,47,7.3,0
CUST-105346,10,0,0,0,Two year,Credit card (auto),0,Fiber optic,1,0,1,0,0,0,0,88.44,870.03,2,0,243.4,36,9.0,1
CUST-105347,9,0,1,0,One year,Credit card (auto),0,DSL,0,0,0,1,1,0,0,60.5,525.42,1,1,223.5,59,9.8,0
CUST-105348,10,0,0,1,Month-to-month,Credit card (auto),1,DSL,1,1,0,0,1,1,1,78.45,756.81,1,1,247.8,54,7.5,0
CUST-105349,50,1,0,1,Month-to-month,Bank transfer (auto),1,Fiber optic,1,0,0,0,0,1,1,99.49,4724.24,4,0,214.5,49,5.6,0
CUST-105350,12,0,1,1,Month-to-month,Credit card (auto),1,DSL,0,0,1,0,0,0,1,53.24,611.86,2,0,207.4,37,6.1,0
CUST-105351,15,1,1,0,Month-to-month,Electronic check,0,Fiber optic,0,0,0,0,0,0,0,75.48,1051.76,5,2,205.0,76,5.4,1
CUST-105352,1,0,1,0,Two year,Bank transfer (auto),0,No,0,0,0,0,0,0,0,21.3,20.81,4,0,272.6,59,4.3,1
CUST-105353,15,0,1,1,Two year,Electronic check,1,Fiber optic,0,0,1,0,0,1,1,86.49,1206.59,1,1,129.8,23,4.3,0
CUST-105354,7,0,1,0,Two year,Electronic check,1,Fiber optic,1,1,1,0,0,0,0,89.47,615.95,4,2,248.6,80,5.0,1
CUST-105355,10,0,0,0,Two year,Electronic check,1,Fiber optic,1,0,0,0,0,0,1,89.66,856.36,2,0,64.9,26,5.8,0
CUST-105356,30,0,1,0,Month-to-month,Electronic check,1,DSL,0,1,0,1,0,0,0,50.96,1411.33,2,0,56.5,70,5.9,0
CUST-105357,8,0,0,0,Month-to-month,Credit card (auto),1,DSL,1,0,0,1,1,1,0,68.86,547.02,0,2,5.0,7,7.4,1
CUST-105358,11,0,0,0,Month-to-month,Mailed check,0,DSL,0,0,0,0,0,1,0,41.87,456.47,4,0,130.4,30,7.0,1
CUST-105359,25,0,1,0,One year,Credit card (auto),0,No,1,0,0,0,0,0,0,23.21,538.3,3,1,97.2,6,6.5,0
CUST-105360,10,0,0,0,Two year,Mailed check,1,No,0,0,0,0,0,0,0,18.0,166.36,0,1,162.5,54,8.0,0
CUST-105361,28,0,0,0,Two year,Bank transfer (auto),0,Fiber optic,0,1,0,0,0,0,1,82.55,2179.04,3,0,191.7,48,6.1,0
CUST-105362,5,1,0,0,Two year,Electronic check,1,Fiber optic,1,0,1,0,1,1,0,94.02,447.62,1,0,113.5,32,7.6,0
CUST-105363,2,1,1,0,Month-to-month,Credit card (auto),0,No,1,0,0,0,0,0,0,36.4,70.19,2,0,251.6,8,8.1,0
CUST-105364,7,0,1,0,Month-to-month,Electronic check,0,DSL,0,1,1,0,0,0,0,59.92,408.9,4,1,225.0,48,4.5,1
CUST-105365,20,0,0,0,Month-to-month,Bank transfer (auto),1,DSL,0,0,0,1,1,0,0,53.91,1076.05,3,1,74.8,40,6.5,0
CUST-105366,6,0,1,0,One year,Credit card (auto),0,Fiber optic,1,1,1,0,1,1,1,118.57,686.34,1,0,5.0,44,7.7,0
CUST-105367,72,0,0,0,Month-to-month,Credit card (auto),1,Fiber optic,1,0,1,1,0,0,1,92.63,6437.64,3,3,173.6,19,4.9,0
CUST-105368,26,0,1,0,Two year,Credit card (auto),0,No,1,0,0,0,0,0,0,19.61,508.0,2,1,88.8,56,6.5,0
CUST-105369,10,0,0,0,Month-to-month,Electronic check,1,No,1,0,0,0,0,0,0,20.41,193.84,3,3,271.7,61,6.6,0
CUST-105370,72,1,0,0,One year,Mailed check,0,No,0,0,0,0,0,0,0,24.18,1733.09,1,0,230.3,50,5.8,0
CUST-105371,11,0,1,0,Two year,Electronic check,1,Fiber optic,1,0,1,0,0,0,0,73.12,762.63,0,2,130.2,42,7.9,0
CUST-105372,0,0,1,1,Month-to-month,Mailed check,1,No,1,0,0,0,0,0,0,29.09,28.49,5,1,213.8,11,6.2,0
CUST-105373,16,0,0,0,One year,Electronic check,1,Fiber optic,0,0,0,0,0,0,0,67.99,1062.92,2,3,194.6,42,3.4,1
CUST-105374,30,0,0,0,Two year,Credit card (auto),0,Fiber optic,1,0,0,0,1,0,0,93.95,2784.1,1,0,272.7,48,6.1,0
CUST-105375,8,0,1,0,Two year,Credit card (auto),1,Fiber optic,1,0,0,1,1,1,0,84.5,631.67,0,0,113.9,82,8.6,0
CUST-105376,3,0,0,1,Month-to-month,Bank transfer (auto),1,No,0,0,0,0,0,0,0,25.97,74.86,4,0,419.3,30,8.0,1
CUST-105377,70,0,0,0,One year,Credit card (auto),1,DSL,1,0,0,0,1,1,0,59.91,3858.84,0,1,230.3,56,7.7,0
CUST-105378,13,1,1,1,Month-to-month,Mailed check,1,Fiber optic,0,0,0,1,0,0,0,71.86,923.85,5,0,195.6,89,5.5,1
CUST-105379,32,0,0,0,Month-to-month,Electronic check,1,Fiber optic,1,1,0,0,0,1,0,96.14,2892.27,6,3,228.6,32,4.4,1
CUST-105380,45,0,0,0,Month-to-month,Bank transfer (auto),1,Fiber optic,0,0,0,1,0,0,0,71.41,3178.79,6,1,140.7,6,5.9,1
CUST-105381,21,1,0,0,One year,Electronic check,1,Fiber optic,0,0,0,1,0,1,1,78.11,1575.18,1,0,166.8,67,5.8,0
CUST-105382,19,0,0,0,Month-to-month,Mailed check,0,Fiber optic,1,1,1,1,1,1,0,97.68,1806.69,0,1,93.7,57,8.3,0
CUST-105383,16,0,0,0,One year,Credit card (auto),1,Fiber optic,1,0,0,0,0,1,1,80.95,1216.43,2,0,269.9,61,6.0,0
CUST-105384,69,0,1,0,Month-to-month,Mailed check,1,Fiber optic,1,0,0,1,0,0,1,77.82,5173.43,4,0,162.1,35,3.8,0
CUST-105385,9,0,0,0,Month-to-month,Electronic check,0,DSL,0,0,1,0,0,0,1,49.32,435.48,4,2,174.4,73,4.3,1
CUST-105386,35,0,1,0,One year,Electronic check,1,Fiber optic,1,1,0,0,1,0,0,77.33,2636.82,3,0,155.6,82,6.2,0
CUST-105387,20,0,0,1,Month-to-month,Bank transfer (auto),0,DSL,0,1,1,1,0,0,1,57.82,1125.21,4,1,158.3,65,4.5,1
CUST-105388,3,0,0,1,Month-to-month,Electronic check,1,No,0,0,0,0,0,0,0,18.0,52.5,3,2,114.1,12,8.0,0
CUST-105389,30,0,1,0,Month-to-month,Bank transfer (auto),1,No,1,0,0,0,0,0,0,29.49,816.69,1,0,162.8,21,6.4,0
CUST-105390,44,0,0,1,Month-to-month,Mailed check,0,DSL,1,0,0,1,0,0,1,54.24,2202.39,5,0,5.0,40,4.0,0
CUST-105391,11,0,1,1,Month-to-month,Credit card (auto),1,DSL,0,0,0,1,0,1,1,62.06,676.47,5,3,290.2,83,6.2,1
CUST-105392,24,1,0,1,Two year,Credit card (auto),0,DSL,0,1,0,0,0,0,1,41.05,954.04,1,1,155.6,85,5.4,0
CUST-105393,14,0,1,1,One year,Electronic check,1,Fiber optic,1,0,0,0,0,1,0,76.93,1056.92,1,1,126.9,26,4.6,0
CUST-105394,1,0,1,0,Month-to-month,Credit card (auto),1,DSL,1,0,1,1,0,0,1,65.21,64.05,6,2,273.1,35,6.5,1
CUST-105395,12,0,0,1,Month-to-month,Electronic check,1,Fiber optic,0,0,0,0,0,0,0,67.57,801.54,2,2,342.2,74,5.3,0
CUST-105396,13,0,1,0,Two year,Electronic check,1,Fiber optic,0,0,1,0,0,0,1,79.33,1017.57,0,2,60.2,82,7.8,0
CUST-105397,72,0,0,1,Month-to-month,Mailed check,0,Fiber optic,1,0,0,1,0,0,1,78.93,5316.54,2,0,295.6,89,8.6,0
CUST-105398,25,0,0,0,Month-to-month,Electronic check,1,Fiber optic,0,0,0,0,0,0,0,81.4,1966.6,7,2,68.1,74,2.1,1
CUST-105399,5,0,0,0,Month-to-month,Credit card (auto),1,Fiber optic,1,0,0,1,0,0,0,92.22,442.6,1,1,191.0,46,5.5,1
CUST-105400,14,0,1,0,One year,Credit card (auto),1,Fiber optic,0,0,0,0,0,0,0,54.42,745.23,3,0,312.1,65,6.1,0
CUST-105401,3,0,1,0,One year,Credit card (auto),1,Fiber optic,1,0,0,1,1,0,1,95.11,282.98,0,1,90.7,63,8.9,0
CUST-105402,52,0,1,0,Month-to-month,Electronic check,1,Fiber optic,0,0,1,0,0,0,1,76.88,3959.7,4,3,102.0,79,5.9,0
CUST-105403,53,0,1,1,Month-to-month,Bank transfer (auto),1,Fiber optic,0,0,1,1,0,0,0,78.25,3863.11,0,0,295.6,85,7.5,0
CUST-105404,38,0,0,0,One year,Bank transfer (auto),1,DSL,1,0,0,1,0,0,0,56.88,2105.43,2,1,5.0,35,7.0,0
CUST-105405,9,1,1,0,Month-to-month,Electronic check,0,DSL,0,1,1,1,0,1,1,62.7,526.95,0,2,308.4,58,6.0,0
CUST-105406,1,0,1,0,Month-to-month,Credit card (auto),0,Fiber optic,0,0,0,0,0,0,0,69.29,67.03,5,0,60.7,21,6.3,0
CUST-105407,11,0,1,0,Two year,Credit card (auto),1,Fiber optic,1,0,1,0,0,0,1,96.14,992.37,3,1,209.8,34,5.7,0
CUST-105408,55,0,1,0,Month-to-month,Credit card (auto),1,Fiber optic,0,0,0,0,0,1,0,85.41,4329.39,2,1,58.5,35,7.1,0
CUST-105409,48,0,1,1,Month-to-month,Credit card (auto),1,No,0,0,0,0,0,0,0,19.26,854.83,4,0,171.6,17,5.1,0
CUST-105410,4,0,0,1,One year,Electronic check,0,DSL,0,1,1,0,1,0,1,53.22,203.96,1,3,122.2,87,6.7,0
CUST-105411,25,0,1,0,One year,Credit card (auto),1,Fiber optic,1,0,0,0,1,0,1,85.43,2019.81,2,0,136.3,30,5.8,0
CUST-105412,14,0,1,0,Month-to-month,Credit card (auto),1,Fiber optic,0,0,1,1,1,0,0,81.61,1135.95,5,0,100.3,64,6.1,0
CUST-105413,25,0,1,1,Month-to-month,Bank transfer (auto),0,DSL,1,1,1,1,1,0,0,79.59,1867.67,2,0,205.8,38,6.7,0
CUST-105414,26,0,0,0,Month-to-month,Electronic check,1,Fiber optic,1,0,0,1,0,1,1,84.22,2169.37,2,3,136.9,1,5.2,1
CUST-105415,2,0,0,1,Month-to-month,Mailed check,1,Fiber optic,1,0,0,1,0,0,1,75.66,147.03,2,1,233.2,19,6.3,1
CUST-105416,12,1,1,0,Month-to-month,Electronic check,0,Fiber optic,0,1,0,0,0,1,0,74.71,859.05,2,4,203.1,85,3.4,1
CUST-105417,5,1,1,1,Month-to-month,Electronic check,0,DSL,0,0,0,1,0,1,0,57.88,271.43,1,1,174.1,57,8.0,1
CUST-105418,18,0,1,0,Month-to-month,Credit card (auto),1,DSL,1,0,1,0,1,0,1,60.79,1007.94,1,1,222.6,24,5.6,0
CUST-105419,4,0,1,1,Month-to-month,Credit card (auto),1,DSL,0,1,0,0,1,0,0,52.41,200.01,2,1,187.0,31,6.1,0
CUST-105420,9,0,0,1,Month-to-month,Credit card (auto),1,No,0,0,0,0,0,0,0,24.38,209.39,2,1,5.0,17,5.3,1
CUST-105421,11,0,1,0,One year,Electronic check,1,DSL,0,0,0,0,0,0,0,35.65,367.83,2,1,213.1,34,3.8,0
CUST-105422,13,0,0,0,One year,Bank transfer (auto),0,DSL,0,0,1,0,0,0,1,53.25,676.65,0,0,132.5,21,8.3,0
CUST-105423,39,0,0,0,Two year,Mailed check,0,Fiber optic,0,1,0,0,1,0,0,80.33,3044.27,2,0,89.8,63,7.2,0
CUST-105424,0,0,0,0,One year,Mailed check,1,No,1,0,0,0,0,0,0,31.74,30.01,6,2,70.3,67,4.7,1
CUST-105425,54,0,0,1,One year,Mailed check,1,DSL,1,1,0,0,1,0,1,63.89,3433.54,3,0,102.8,51,9.2,0
CUST-105426,18,0,0,0,Month-to-month,Credit card (auto),1,Fiber optic,0,0,0,1,1,0,0,88.12,1562.1,1,3,232.0,76,5.7,0
CUST-105427,23,0,1,0,One year,Credit card (auto),0,DSL,0,0,1,0,1,1,1,59.93,1329.46,3,1,5.0,39,4.0,1
CUST-105428,3,0,0,0,Month-to-month,Credit card (auto),1,DSL,1,0,0,1,0,1,0,66.73,197.2,4,1,231.3,24,6.2,1
CUST-105429,22,0,1,0,Two year,Electronic check,0,No,1,0,0,0,0,0,0,34.62,751.0,2,0,55.4,21,7.3,0
CUST-105430,12,0,0,1,Two year,Mailed check,0,Fiber optic,0,1,0,1,0,1,0,68.08,783.31,3,3,177.9,69,2.6,1
CUST-105431,3,0,1,0,Month-to-month,Bank transfer (auto),1,Fiber optic,1,0,0,0,1,0,1,96.12,287.52,1,0,345.3,61,5.2,0
CUST-105432,23,0,0,0,Two year,Bank transfer (auto),0,DSL,1,0,1,0,0,0,1,55.35,1237.93,6,1,211.7,44,5.6,0
CUST-105433,4,0,1,0,One year,Credit card (auto),0,Fiber optic,1,1,0,1,0,1,1,93.25,343.93,0,0,130.8,54,7.2,0
CUST-105434,4,0,1,1,One year,Electronic check,1,DSL,1,0,0,0,0,1,0,63.93,244.57,3,1,25.0,33,7.0,0
CUST-105435,72,0,0,0,Month-to-month,Electronic check,1,Fiber optic,0,0,0,1,0,0,0,71.76,5077.69,2,2,203.8,83,6.1,0
CUST-105436,17,0,0,0,Month-to-month,Credit card (auto),1,Fiber optic,0,0,1,1,0,1,0,82.87,1345.62,4,1,106.6,34,5.9,0
CUST-105437,39,1,0,0,Two year,Mailed check,1,Fiber optic,0,0,1,0,1,0,0,84.43,3268.6,1,0,113.7,40,7.8,0
CUST-105438,2,0,0,1,Month-to-month,Bank transfer (auto),1,Fiber optic,1,1,0,1,0,0,0,87.89,172.78,6,1,372.9,33,5.2,1
CUST-105439,12,0,0,1,Month-to-month,Credit card (auto),1,DSL,0,0,0,0,0,1,1,47.84,553.07,1,2,171.0,19,6.0,1
CUST-105440,3,0,0,0,Month-to-month,Bank transfer (auto),0,Fiber optic,0,0,1,1,0,0,1,90.54,257.52,2,1,92.2,7,5.3,1
CUST-105441,5,0,1,0,Month-to-month,Bank transfer (auto),1,No,1,0,0,0,0,0,0,29.95,139.71,2,0,153.2,3,7.8,0
CUST-105442,35,0,0,0,One year,Electronic check,1,No,1,0,0,0,0,0,0,18.5,644.99,0,3,97.5,6,9.0,0
CUST-105443,11,0,0,0,One year,Bank transfer (auto),0,DSL,0,1,0,1,1,0,0,57.67,599.17,2,0,152.3,65,8.2,0
CUST-105444,72,0,0,0,Two year,Mailed check,1,DSL,0,1,0,1,0,0,0,55.9,3784.66,0,1,128.9,21,6.2,0
CUST-105445,2,1,0,1,One year,Bank transfer (auto),1,Fiber optic,0,0,0,1,0,0,0,71.98,137.74,2,1,200.6,12,4.9,1
CUST-105446,13,0,0,0,One year,Bank transfer (auto),0,Fiber optic,1,1,0,0,0,1,0,77.1,961.97,1,0,142.4,66,5.2,0
CUST-105447,7,0,1,0,Two year,Electronic check,1,No,0,0,0,0,0,0,0,18.0,125.98,2,0,310.0,20,6.3,0
CUST-105448,7,0,1,0,Month-to-month,Mailed check,1,Fiber optic,0,1,1,0,0,1,0,79.36,515.62,2,3,276.1,80,6.1,1
CUST-105449,6,0,0,0,One year,Mailed check,1,Fiber optic,1,0,1,0,1,1,0,93.54,555.6,5,0,103.0,80,5.3,1
CUST-105450,22,0,0,1,Two year,Mailed check,0,DSL,0,0,0,1,1,1,0,65.35,1338.65,0,1,128.2,89,8.6,0
CUST-105451,6,0,0,1,One year,Electronic check,0,No,0,0,0,0,0,0,0,18.0,103.53,1,3,98.6,56,5.8,0
CUST-105452,25,0,1,0,One year,Credit card (auto),0,DSL,0,0,0,0,0,0,0,41.37,1023.12,3,0,188.6,52,6.1,0
CUST-105453,12,0,0,0,Month-to-month,Electronic check,1,No,1,0,0,0,0,0,0,18.0,212.57,1,0,251.0,47,5.7,0
CUST-105454,23,0,1,0,Month-to-month,Mailed check,0,No,0,0,0,0,0,0,0,19.65,451.76,5,1,159.8,5,6.2,0
CUST-105455,5,1,1,0,One year,Bank transfer (auto),1,DSL,0,0,1,0,1,0,1,67.41,326.91,0,1,301.2,63,6.8,0
CUST-105456,58,0,1,0,One year,Bank transfer (auto),0,Fiber optic,0,0,1,0,1,0,1,89.5,5088.58,2,0,242.9,87,3.6,0
CUST-105457,39,0,0,0,Month-to-month,Mailed check,1,DSL,0,1,1,0,0,1,0,56.72,2203.84,0,1,241.7,49,8.5,0
CUST-105458,20,0,1,1,Month-to-month,Electronic check,1,DSL,0,0,0,0,0,0,1,47.34,902.2,2,4,304.1,11,3.8,0
CUST-105459,42,0,0,0,Month-to-month,Electronic check,0,Fiber optic,0,0,0,0,0,0,0,67.67,2708.61,2,1,200.2,8,4.6,1
CUST-105460,18,1,0,0,Month-to-month,Electronic check,0,No,1,0,0,0,0,0,0,26.04,455.05,4,1,219.7,46,3.7,1
CUST-105461,0,1,1,0,Month-to-month,Electronic check,1,Fiber optic,0,0,1,1,0,1,0,83.48,82.4,4,3,212.0,44,5.6,1
CUST-105462,17,1,1,0,Month-to-month,Bank transfer (auto),0,DSL,1,0,0,0,0,1,0,55.15,882.75,4,0,172.3,14,4.3,1
CUST-105463,12,1,0,0,Month-to-month,Bank transfer (auto),1,Fiber optic,1,0,0,0,0,1,1,86.78,1021.49,1,0,117.5,53,7.1,1
CUST-105464,11,0,0,1,Month-to-month,Electronic check,1,Fiber optic,0,0,0,1,0,1,0,72.06,781.23,5,3,268.2,2,4.4,1
CUST-105465,29,0,0,0,Two year,Bank transfer (auto),1,DSL,0,0,1,0,0,0,0,52.01,1458.97,0,0,126.3,34,7.5,0
CUST-105466,4,0,1,1,Month-to-month,Electronic check,1,DSL,1,1,0,1,0,1,1,74.55,279.32,2,1,168.3,73,8.4,1
CUST-105467,63,0,0,0,One year,Credit card (auto),1,DSL,1,1,0,0,0,0,0,72.24,4476.9,2,0,282.9,18,8.3,0
CUST-105468,29,0,0,0,Month-to-month,Bank transfer (auto),0,Fiber optic,0,0,1,0,0,1,0,81.81,2357.34,2,0,350.3,27,6.4,0
CUST-105469,16,0,0,1,Month-to-month,Bank transfer (auto),0,Fiber optic,0,0,0,0,0,0,0,68.92,1044.76,5,1,342.9,55,8.1,0
CUST-105470,10,0,1,0,Month-to-month,Electronic check,1,Fiber optic,1,1,0,1,1,0,1,105.48,985.75,4,1,241.4,28,5.7,1
CUST-105471,54,0,1,0,Month-to-month,Mailed check,1,DSL,1,0,0,0,0,1,0,65.79,3532.08,4,1,202.6,14,4.0,1
CUST-105472,8,0,0,1,Month-to-month,Mailed check,1,No,0,0,0,0,0,0,0,18.0,132.8,5,0,268.3,4,3.7,0
CUST-105473,72,1,1,0,Month-to-month,Credit card (auto),0,Fiber optic,0,0,0,0,0,1,0,84.81,6062.44,1,0,125.2,76,7.5,0
CUST-105474,22,0,0,0,Month-to-month,Electronic check,0,DSL,1,1,1,1,0,0,1,72.92,1529.81,4,0,182.9,77,4.4,0
CUST-105475,67,0,1,1,One year,Mailed check,0,No,1,0,0,0,0,0,0,19.5,1271.94,1,1,338.1,20,7.1,0
CUST-105476,8,0,1,0,Month-to-month,Credit card (auto),0,Fiber optic,0,0,0,1,0,0,1,74.57,565.63,4,0,194.5,8,6.8,1
CUST-105477,70,0,0,0,Month-to-month,Bank transfer (auto),0,Fiber optic,0,0,0,0,0,1,0,70.7,4676.57,2,0,186.6,63,6.8,0
CUST-105478,45,0,1,0,Two year,Bank transfer (auto),1,DSL,0,0,0,0,0,0,0,53.85,2251.51,1,1,176.0,12,6.7,0
CUST-105479,4,0,1,0,Month-to-month,Credit card (auto),0,DSL,1,0,0,1,0,0,0,58.52,226.54,1,0,314.7,76,6.9,1
CUST-105480,41,0,0,0,Month-to-month,Mailed check,0,Fiber optic,0,0,1,0,0,1,0,79.56,3187.95,6,1,205.8,55,4.3,1
CUST-105481,25,0,0,0,One year,Electronic check,1,No,0,0,0,0,0,0,0,19.61,456.07,1,1,107.3,75,8.1,0
CUST-105482,1,0,1,0,One year,Credit card (auto),1,Fiber optic,0,1,0,1,0,1,1,99.85,98.16,2,0,143.7,77,7.4,1
CUST-105483,62,0,0,1,One year,Electronic check,1,DSL,1,0,1,1,1,0,0,65.22,3793.0,0,2,195.7,57,5.9,0
CUST-105484,5,0,1,0,Two year,Credit card (auto),1,Fiber optic,0,1,0,1,0,0,0,76.47,362.61,1,1,77.2,6,3.8,0
CUST-105485,2,0,0,0,Month-to-month,Electronic check,0,Fiber optic,1,0,0,0,0,1,0,89.59,166.54,3,0,172.8,9,8.3,1
CUST-105486,2,0,1,1,Month-to-month,Electronic check,1,DSL,0,0,0,0,1,1,1,59.47,116.93,3,2,130.5,75,7.2,1
CUST-105487,3,0,1,1,Two year,Mailed check,1,No,1,0,0,0,0,0,0,36.44,102.01,0,1,57.1,5,8.2,0
CUST-105488,41,0,1,1,One year,Credit card (auto),1,Fiber optic,0,1,0,0,0,0,0,71.98,2773.26,2,1,206.6,74,4.8,0
CUST-105489,22,0,0,0,Two year,Electronic check,1,Fiber optic,1,0,1,1,0,1,0,92.54,1889.22,2,3,247.5,72,4.4,1
CUST-105490,22,0,1,0,One year,Electronic check,0,DSL,0,0,1,1,0,0,0,64.75,1417.17,3,3,281.4,38,6.2,0
CUST-105491,0,0,0,1,Month-to-month,Electronic check,1,DSL,0,0,1,0,1,0,0,50.99,49.63,0,2,179.0,30,6.7,1
CUST-105492,16,1,1,0,One year,Electronic check,1,Fiber optic,0,1,0,0,0,1,1,89.32,1392.66,3,3,143.2,69,5.4,1
CUST-105493,34,1,1,0,Month-to-month,Electronic check,0,Fiber optic,0,0,1,1,1,0,0,74.19,2514.7,4,2,161.3,15,7.4,0
CUST-105494,13,0,0,0,Month-to-month,Credit card (auto),1,Fiber optic,0,0,1,0,0,1,1,87.9,1090.65,3,1,332.6,81,6.0,0
CUST-105495,6,0,1,1,Month-to-month,Bank transfer (auto),1,Fiber optic,0,0,0,1,0,0,1,75.06,432.94,6,1,98.5,1,5.1,1
CUST-105496,11,0,0,0,Month-to-month,Electronic check,1,Fiber optic,0,0,0,0,0,1,0,79.78,819.99,3,1,174.1,23,7.1,1
CUST-105497,31,1,0,0,One year,Electronic check,1,Fiber optic,0,0,1,0,0,0,0,67.72,2015.13,1,1,115.4,60,5.3,0
CUST-105498,2,0,1,0,One year,Electronic check,1,DSL,0,0,0,0,0,1,0,55.59,108.4,1,1,265.6,39,7.0,0
CUST-105499,3,0,0,1,Two year,Mailed check,0,Fiber optic,1,0,0,0,0,1,0,82.05,230.26,2,1,132.6,82,8.8,0
CUST-105500,4,0,1,0,Month-to-month,Electronic check,1,Fiber optic,0,0,0,0,0,0,1,76.88,283.96,4,3,33.8,68,6.6,1
CUST-105501,2,0,0,0,Month-to-month,Credit card (auto),0,Fiber optic,1,0,0,0,1,0,0,83.15,156.41,1,0,138.8,70,6.7,0
CUST-105502,28,0,0,1,Month-to-month,Electronic check,1,DSL,0,0,1,1,1,1,0,62.28,1615.85,1,3,196.9,70,6.8,0
CUST-105503,1,0,1,0,Month-to-month,Mailed check,1,No,0,0,0,0,0,0,0,18.0,17.72,3,1,258.5,78,5.0,1
CUST-105504,13,0,0,0,Month-to-month,Bank transfer (auto),0,DSL,1,0,1,0,0,0,0,51.63,664.71,2,0,276.4,9,6.3,0
CUST-105505,17,0,1,0,Month-to-month,Electronic check,0,No,0,0,0,0,0,0,0,24.08,385.63,4,5,99.9,3,3.9,1
CUST-105506,18,0,1,0,One year,Credit card (auto),0,No,0,0,0,0,0,0,0,18.0,304.37,1,1,141.0,83,6.4,0
CUST-105507,4,0,0,0,Month-to-month,Bank transfer (auto),1,Fiber optic,1,1,0,1,0,1,1,94.95,369.54,5,1,170.6,56,6.5,1
CUST-105508,27,1,0,0,One year,Electronic check,1,DSL,0,0,1,1,0,1,0,52.31,1388.12,1,1,169.5,3,5.6,0
CUST-105509,67,0,0,0,Month-to-month,Credit card (auto),0,Fiber optic,1,1,0,1,0,1,1,93.81,6132.09,0,2,35.3,26,8.4,0
CUST-105510,37,1,1,1,Month-to-month,Mailed check,1,DSL,1,0,0,0,1,0,0,46.08,1651.15,3,0,168.0,22,8.8,0
CUST-105511,72,0,0,0,Two year,Electronic check,0,No,0,0,0,0,0,0,0,26.95,1839.23,3,1,110.2,34,3.9,0
CUST-105512,72,0,1,0,Month-to-month,Bank transfer (auto),1,DSL,0,0,1,0,0,1,0,58.19,4077.68,5,0,238.7,84,5.7,0
CUST-105513,3,1,1,0,Month-to-month,Bank transfer (auto),1,Fiber optic,1,0,0,0,0,0,0,77.58,226.36,2,2,328.3,1,6.2,1
CUST-105514,13,0,0,1,Two year,Electronic check,0,Fiber optic,1,0,0,0,0,1,0,83.47,1016.75,3,1,231.4,19,6.8,1
CUST-105515,55,0,1,0,Month-to-month,Mailed check,0,DSL,1,0,1,1,0,1,1,77.95,3953.46,3,0,142.8,71,6.3,0
CUST-105516,1,0,0,0,Month-to-month,Credit card (auto),0,Fiber optic,0,1,0,1,0,1,1,84.66,82.31,2,0,167.8,27,6.6,1
CUST-105517,7,0,1,0,Month-to-month,Bank transfer (auto),0,Fiber optic,1,0,0,0,0,0,1,90.25,597.55,1,0,324.5,12,9.1,1
CUST-105518,6,0,0,1,One year,Bank transfer (auto),1,DSL,0,1,0,0,0,0,1,49.65,274.72,2,0,30.1,74,8.5,0
CUST-105519,2,0,1,1,One year,Mailed check,1,DSL,0,1,0,0,1,0,1,58.16,107.19,0,0,198.1,32,7.4,0
CUST-105520,32,1,0,0,One year,Bank transfer (auto),1,Fiber optic,0,0,0,1,0,0,1,70.55,2102.77,5,2,245.5,89,5.2,0
CUST-105521,31,0,1,0,Two year,Bank transfer (auto),0,Fiber optic,1,1,0,0,0,1,1,99.65,2863.16,0,0,290.2,7,8.2,0
CUST-105522,38,0,0,0,Month-to-month,Electronic check,0,Fiber optic,1,0,0,0,0,0,0,76.18,2827.27,2,2,6.3,8,4.4,1
CUST-105523,15,1,1,0,Month-to-month,Electronic check,0,DSL,1,0,0,1,0,0,0,59.43,886.51,1,3,102.4,0,7.2,0
CUST-105524,15,0,1,0,Two year,Mailed check,1,Fiber optic,1,1,1,1,0,1,0,91.28,1274.62,4,1,139.4,46,3.8,0
CUST-105525,67,0,1,0,Month-to-month,Bank transfer (auto),1,DSL,0,0,0,0,1,0,1,52.66,3438.27,2,0,157.8,66,8.1,0
CUST-105526,2,0,1,0,Two year,Bank transfer (auto),0,DSL,1,0,0,0,0,1,0,51.35,98.8,1,2,129.6,17,5.8,0
CUST-105527,20,0,0,0,Two year,Bank transfer (auto),0,Fiber optic,0,0,1,0,0,0,0,69.3,1352.81,3,1,150.6,20,4.6,1
CUST-105528,18,1,0,1,Two year,Bank transfer (auto),1,Fiber optic,0,1,1,1,0,0,0,73.59,1237.9,3,0,162.1,29,6.7,0
CUST-105529,72,0,0,0,Month-to-month,Mailed check,1,Fiber optic,1,0,0,0,0,1,0,80.79,5410.63,2,0,169.6,5,6.7,0
CUST-105530,68,0,1,1,One year,Credit card (auto),0,DSL,0,0,1,0,1,1,1,58.58,3928.93,1,2,161.4,77,4.3,0
CUST-105531,9,0,0,0,Two year,Credit card (auto),0,Fiber optic,1,0,1,0,1,0,1,104.59,926.49,0,0,226.7,30,5.2,0
CUST-105532,72,0,0,0,Month-to-month,Credit card (auto),0,DSL,0,0,0,1,0,0,0,42.56,3047.15,5,3,285.1,80,4.5,0
CUST-105533,16,0,1,1,One year,Credit card (auto),0,DSL,0,0,0,0,0,1,1,49.61,743.85,0,1,327.0,32,4.5,0
CUST-105534,31,1,0,0,Month-to-month,Credit card (auto),0,No,0,0,0,0,0,0,0,24.32,725.72,3,0,163.8,42,5.5,0
CUST-105535,64,0,1,0,Month-to-month,Electronic check,0,No,0,0,0,0,0,0,0,18.0,1094.89,3,1,285.1,87,7.0,0
CUST-105536,23,0,0,0,Two year,Mailed check,0,No,0,0,0,0,0,0,0,18.86,428.82,5,1,198.2,47,5.8,0
CUST-105537,26,0,0,1,Two year,Bank transfer (auto),1,Fiber optic,1,0,1,1,0,1,0,95.47,2388.44,1,1,79.7,84,5.9,0
CUST-105538,72,0,1,0,Month-to-month,Mailed check,1,DSL,0,0,0,1,0,0,0,53.02,3563.45,2,0,108.1,66,6.0,1
CUST-105539,18,0,0,0,Month-to-month,Credit card (auto),1,No,0,0,0,0,0,0,0,19.88,337.75,2,1,268.0,76,6.9,0
CUST-105540,39,0,1,0,One year,Electronic check,0,Fiber optic,1,0,0,0,1,1,0,86.02,3246.73,0,0,253.6,21,6.8,0
CUST-105541,46,0,0,0,Month-to-month,Electronic check,1,No,0,0,0,0,0,0,0,25.36,1124.79,3,1,289.3,7,3.6,1
CUST-105542,5,1,0,0,One year,Electronic check,0,Fiber optic,1,1,0,0,1,0,1,98.37,482.2,0,2,201.8,34,6.4,0
CUST-105543,6,0,0,1,One year,Electronic check,1,Fiber optic,0,0,0,0,0,0,0,69.96,419.73,3,1,70.1,39,6.4,0
CUST-105544,15,0,0,0,Month-to-month,Mailed check,0,DSL,0,1,0,0,0,1,0,56.64,810.44,1,1,344.1,7,5.0,0
CUST-105545,28,0,1,0,One year,Electronic check,1,DSL,0,0,0,0,1,0,0,45.92,1232.95,0,1,184.7,69,8.6,0
CUST-105546,41,0,0,0,Month-to-month,Electronic check,1,Fiber optic,0,0,0,0,0,1,1,85.4,3377.01,4,1,141.0,42,4.6,1
CUST-105547,1,0,1,1,Month-to-month,Mailed check,1,No,1,0,0,0,0,0,0,32.17,31.39,2,1,74.6,8,8.9,1
CUST-105548,44,0,1,0,Two year,Bank transfer (auto),0,Fiber optic,0,1,1,0,1,1,1,90.1,3729.34,1,1,107.3,45,6.6,0
CUST-105549,42,0,0,0,Month-to-month,Bank transfer (auto),1,DSL,0,0,1,0,0,1,1,54.88,2229.6,4,0,236.9,87,7.4,0
CUST-105550,33,0,1,0,Month-to-month,Electronic check,1,Fiber optic,0,0,1,0,0,0,1,89.36,2771.27,5,1,170.5,5,5.2,0
CUST-105551,6,0,0,0,One year,Credit card (auto),0,DSL,1,0,1,0,0,0,1,58.49,334.89,0,1,10.2,63,5.0,0
CUST-105552,52,0,1,0,Month-to-month,Electronic check,0,No,1,0,0,0,0,0,0,26.26,1311.69,4,1,120.1,13,5.8,0
CUST-105553,1,0,0,0,Month-to-month,Bank transfer (auto),0,DSL,0,0,0,1,1,1,0,50.53,48.34,2,1,98.7,79,4.9,1
CUST-105554,1,0,1,0,Two year,Credit card (auto),0,DSL,0,0,0,1,0,1,0,59.68,57.59,0,1,117.0,1,5.0,0
CUST-105555,9,0,0,0,Month-to-month,Credit card (auto),0,Fiber optic,0,0,0,0,0,0,0,66.44,565.24,3,0,192.7,71,7.2,1
CUST-105556,3,0,0,0,Month-to-month,Mailed check,1,Fiber optic,1,1,0,0,0,0,1,86.67,259.76,4,0,24.3,60,6.5,1
CUST-105557,1,1,0,0,Month-to-month,Electronic check,1,Fiber optic,0,0,1,0,0,0,0,73.64,71.46,2,2,185.7,61,5.1,1
CUST-105558,24,0,0,1,One year,Credit card (auto),1,Fiber optic,1,0,0,1,1,1,0,105.26,2359.85,1,0,394.8,54,7.1,0
CUST-105559,48,0,1,0,Month-to-month,Bank transfer (auto),1,No,0,0,0,0,0,0,0,30.32,1429.13,3,1,112.0,11,5.5,0
CUST-105560,45,0,0,0,Two year,Credit card (auto),1,Fiber optic,0,1,0,0,0,0,0,76.05,3251.44,0,1,296.2,78,6.3,0
CUST-105561,29,0,1,1,Month-to-month,Mailed check,0,DSL,0,0,1,0,0,0,0,45.23,1239.3,1,2,130.9,75,5.6,1
CUST-105562,5,0,0,0,One year,Credit card (auto),0,DSL,1,0,0,0,0,0,1,57.91,284.94,1,0,61.5,59,6.6,1
CUST-105563,4,0,0,0,Two year,Credit card (auto),1,Fiber optic,0,0,0,1,1,0,1,82.75,318.49,0,1,5.0,70,7.0,1
CUST-105564,72,0,0,0,One year,Bank transfer (auto),0,Fiber optic,0,0,1,0,0,0,0,83.7,5568.5,3,1,275.9,73,5.5,0
CUST-105565,4,0,0,1,One year,Credit card (auto),1,Fiber optic,1,0,1,0,0,0,0,97.63,379.46,3,1,206.8,17,6.2,0
CUST-105566,72,0,1,0,Month-to-month,Mailed check,1,DSL,1,0,0,0,0,0,0,54.66,3671.6,1,0,5.0,34,8.4,0
CUST-105567,66,0,0,0,Month-to-month,Electronic check,1,DSL,0,0,0,0,0,1,0,53.99,3470.67,4,2,181.8,76,7.0,0
CUST-105568,15,0,1,1,Month-to-month,Bank transfer (auto),0,DSL,1,1,0,0,0,1,1,77.97,1127.72,5,0,39.5,17,6.6,0
CUST-105569,15,0,0,0,Month-to-month,Bank transfer (auto),0,Fiber optic,1,0,0,0,0,1,0,85.37,1210.74,5,2,378.2,5,5.7,1
CUST-105570,6,0,0,0,Month-to-month,Mailed check,1,Fiber optic,0,1,0,0,1,1,0,78.4,466.23,1,1,177.5,10,6.6,1
CUST-105571,16,0,0,0,One year,Electronic check,0,DSL,0,0,1,0,1,1,0,57.59,865.13,1,0,143.4,12,6.0,0
CUST-105572,3,0,1,0,Month-to-month,Bank transfer (auto),0,Fiber optic,1,0,0,1,0,1,1,91.23,257.9,2,1,142.2,74,6.0,1
CUST-105573,17,0,0,0,Two year,Electronic check,1,No,0,0,0,0,0,0,0,18.0,288.12,1,1,211.3,18,6.9,0
CUST-105574,52,0,1,0,One year,Bank transfer (auto),0,DSL,1,1,1,1,0,0,0,66.56,3328.89,1,2,143.6,26,5.8,0
CUST-105575,16,0,0,0,Month-to-month,Credit card (auto),1,DSL,1,0,0,0,0,0,0,43.66,663.02,1,2,78.7,49,4.3,0
CUST-105576,4,0,0,0,Month-to-month,Electronic check,1,Fiber optic,1,1,1,1,1,1,1,92.92,352.21,2,1,226.1,61,8.4,1
CUST-105577,10,0,1,0,One year,Credit card (auto),1,DSL,0,1,0,0,0,0,0,48.95,479.17,0,0,96.3,62,7.2,0
CUST-105578,31,0,1,1,Month-to-month,Electronic check,1,DSL,0,0,0,0,1,1,0,52.49,1625.65,1,1,261.0,59,8.4,0
CUST-105579,8,0,1,0,Month-to-month,Mailed check,0,No,0,0,0,0,0,0,0,30.55,234.06,1,2,293.4,0,6.2,0
CUST-105580,15,0,0,0,Month-to-month,Credit card (auto),1,Fiber optic,0,0,0,0,0,0,0,67.0,976.73,4,0,146.5,70,7.1,0
CUST-105581,6,0,1,0,One year,Electronic check,1,Fiber optic,0,0,1,1,0,1,0,85.2,500.4,3,0,26.5,21,6.7,1
CUST-105582,12,0,0,0,Month-to-month,Electronic check,1,No,1,0,0,0,0,0,0,25.37,296.89,5,1,151.8,18,6.6,1
CUST-105583,5,0,1,0,Month-to-month,Credit card (auto),0,DSL,0,0,1,0,0,0,0,38.39,188.57,2,0,175.8,39,7.4,0
CUST-105584,65,0,0,1,Month-to-month,Electronic check,1,No,1,0,0,0,0,0,0,27.61,1753.71,2,2,51.3,19,5.8,0
CUST-105585,22,0,1,0,Month-to-month,Mailed check,0,No,0,0,0,0,0,0,0,21.26,466.4,4,0,5.0,23,5.8,0
CUST-105586,15,0,0,0,Month-to-month,Mailed check,1,Fiber optic,0,0,0,0,0,1,1,75.65,1126.44,3,1,5.0,12,8.1,1
CUST-105587,72,1,1,1,One year,Electronic check,1,No,0,0,0,0,0,0,0,18.75,1307.78,1,0,283.5,28,6.5,0
CUST-105588,49,1,1,0,One year,Electronic check,1,No,0,0,0,0,0,0,0,25.62,1193.83,3,1,251.8,63,6.5,0
CUST-105589,3,0,1,1,Month-to-month,Credit card (auto),0,DSL,1,0,0,1,0,0,0,55.83,167.29,5,0,58.0,37,6.1,0
CUST-105590,40,1,0,0,Two year,Mailed check,1,DSL,0,1,0,1,0,1,0,66.11,2510.37,0,1,273.9,49,8.0,0
CUST-105591,27,1,0,0,One year,Mailed check,1,Fiber optic,1,1,0,0,0,1,1,92.77,2364.78,3,2,196.8,89,5.6,0
CUST-105592,43,0,1,0,Month-to-month,Bank transfer (auto),1,Fiber optic,1,1,1,0,0,0,0,93.33,3704.95,5,0,212.1,57,7.0,0
CUST-105593,10,0,1,0,Two year,Electronic check,1,Fiber optic,0,0,0,0,1,0,1,88.49,882.59,1,1,5.0,57,7.1,0
CUST-105594,15,0,1,1,One year,Mailed check,1,DSL,0,0,0,0,0,0,0,39.58,587.16,3,2,110.9,47,3.4,0
CUST-105595,41,0,0,0,Month-to-month,Credit card (auto),1,DSL,0,0,0,0,0,1,1,60.44,2326.9,0,0,276.2,2,7.3,0
CUST-105596,37,0,0,0,Month-to-month,Credit card (auto),0,DSL,1,0,0,0,0,1,0,65.43,2302.45,1,2,5.0,68,6.8,0
CUST-105597,20,0,0,1,Two year,Bank transfer (auto),0,Fiber optic,0,0,0,0,1,0,0,80.94,1518.52,2,1,326.7,13,6.2,0
CUST-105598,38,0,1,0,Month-to-month,Mailed check,1,DSL,1,1,0,0,0,1,1,64.9,2463.84,1,1,240.5,11,6.8,0
CUST-105599,2,0,0,0,Month-to-month,Credit card (auto),1,DSL,0,0,0,0,0,0,0,28.48,52.53,5,0,156.4,72,5.6,1
CUST-105600,27,0,0,0,Two year,Bank transfer (auto),1,No,1,0,0,0,0,0,0,42.7,1062.66,1,0,85.8,22,8.3,0
CUST-105601,0,0,1,0,Two year,Electronic check,0,Fiber optic,1,1,1,1,1,0,1,91.08,88.92,0,1,248.7,2,8.1,0
CUST-105602,2,0,1,1,One year,Mailed check,1,No,0,0,0,0,0,0,0,31.98,59.86,4,1,205.0,0,7.6,0
CUST-105603,1,0,1,0,Month-to-month,Electronic check,1,DSL,1,1,0,1,0,0,0,55.01,50.62,2,2,147.5,28,5.0,0
CUST-105604,66,0,0,0,Month-to-month,Credit card (auto),0,Fiber optic,0,1,0,0,0,1,1,75.97,4858.03,4,0,227.9,49,5.1,0
CUST-105605,44,0,0,0,Two year,Bank transfer (auto),1,Fiber optic,0,0,0,0,0,1,0,74.98,3158.3,0,1,78.3,14,7.8,0
CUST-105606,25,0,0,0,One year,Mailed check,1,No,0,0,0,0,0,0,0,19.6,465.35,1,0,123.0,35,7.7,0
CUST-105607,19,0,0,0,Two year,Mailed check,0,Fiber optic,1,0,1,1,0,1,1,109.11,1909.28,3,1,145.8,82,7.1,1
CUST-105608,4,0,1,0,Month-to-month,Credit card (auto),1,No,0,0,0,0,0,0,0,18.0,66.72,3,1,122.4,13,5.5,0
CUST-105609,3,0,0,0,Two year,Mailed check,1,DSL,1,0,1,0,0,0,0,63.01,186.69,5,0,185.0,54,4.4,1
CUST-105610,29,0,0,0,Month-to-month,Bank transfer (auto),0,DSL,1,0,1,0,1,0,0,65.07,1878.02,1,0,162.0,78,6.8,0
CUST-105611,41,0,0,0,Month-to-month,Credit card (auto),1,No,1,0,0,0,0,0,0,22.69,880.85,5,0,232.2,81,2.4,1
CUST-105612,40,0,1,0,Two year,Credit card (auto),1,Fiber optic,1,0,1,0,0,1,0,90.37,3565.46,1,2,210.9,18,7.5,0
CUST-105613,72,1,1,0,Month-to-month,Mailed check,0,DSL,0,0,0,0,0,0,1,49.06,3495.75,3,0,275.7,46,5.4,0
CUST-105614,15,0,0,0,One year,Bank transfer (auto),0,DSL,0,0,0,0,0,0,1,56.61,835.8,3,0,31.7,28,5.0,0
CUST-105615,4,1,0,1,One year,Electronic check,0,Fiber optic,0,0,0,0,0,1,0,73.24,291.2,3,2,275.3,66,5.8,0
CUST-105616,3,0,0,0,Two year,Credit card (auto),1,DSL,1,0,0,0,0,0,0,61.95,185.79,3,0,129.4,31,7.9,0
CUST-105617,5,0,1,0,Month-to-month,Electronic check,1,Fiber optic,1,0,0,0,1,1,0,89.28,420.77,5,0,107.4,47,6.6,1
CUST-105618,72,1,0,1,Month-to-month,Bank transfer (auto),0,DSL,0,0,1,1,1,1,1,60.29,3995.88,2,0,106.0,42,6.5,0
CUST-105619,3,1,0,0,One year,Mailed check,0,DSL,1,0,0,0,0,1,0,46.87,133.92,3,1,94.3,44,6.7,0
CUST-105620,19,0,1,0,Two year,Credit card (auto),1,Fiber optic,0,0,1,0,1,0,0,90.03,1670.89,1,0,116.2,51,7.8,0
CUST-105621,71,0,1,1,Two year,Electronic check,0,DSL,0,1,0,1,1,0,0,58.2,3914.58,1,0,207.2,26,9.6,0
CUST-105622,15,0,1,0,Month-to-month,Electronic check,1,Fiber optic,0,0,1,0,0,1,0,78.66,1134.36,5,1,309.4,71,6.6,1
CUST-105623,3,0,0,0,One year,Credit card (auto),0,DSL,1,1,0,1,1,0,1,72.55,206.2,2,1,211.3,36,6.4,0
CUST-105624,29,0,1,0,Month-to-month,Mailed check,0,Fiber optic,1,0,0,0,0,1,1,86.81,2397.56,3,0,102.5,47,6.2,0
CUST-105625,4,0,0,0,Month-to-month,Electronic check,0,Fiber optic,0,1,1,0,0,0,0,79.74,305.52,1,3,54.1,13,6.6,1
CUST-105626,51,0,0,0,Month-to-month,Electronic check,1,Fiber optic,1,1,0,1,1,1,0,86.25,4353.11,4,2,140.2,11,3.4,0
CUST-105627,1,0,1,0,Month-to-month,Credit card (auto),0,Fiber optic,0,0,1,0,0,0,0,80.16,78.97,3,0,162.9,48,2.2,1
CUST-105628,17,0,0,0,Month-to-month,Bank transfer (auto),1,Fiber optic,0,1,0,0,0,0,0,75.58,1279.88,3,0,107.3,53,6.5,0
CUST-105629,33,0,1,0,Month-to-month,Bank transfer (auto),1,DSL,0,1,0,0,0,1,1,62.74,1946.16,2,5,159.1,47,6.5,0
CUST-105630,4,0,0,0,Month-to-month,Credit card (auto),1,DSL,0,1,1,0,0,1,0,55.22,211.4,2,1,151.3,23,10.0,1
CUST-105631,1,1,0,0,Two year,Credit card (auto),0,Fiber optic,0,1,0,0,0,0,1,78.99,76.99,2,1,303.6,50,6.3,1
CUST-105632,16,0,1,0,Month-to-month,Mailed check,0,DSL,1,1,1,1,0,1,0,62.44,959.91,4,0,33.2,44,5.7,0
CUST-105633,12,0,0,0,Two year,Electronic check,1,Fiber optic,0,0,0,1,0,0,0,81.22,928.62,3,3,182.7,40,7.0,0
CUST-105634,7,0,1,0,Two year,Bank transfer (auto),1,Fiber optic,0,0,1,0,0,0,0,73.82,481.94,1,0,160.0,49,5.5,0
CUST-105635,27,0,1,0,Month-to-month,Bank transfer (auto),0,DSL,0,0,1,0,0,1,1,44.13,1150.51,5,1,215.1,30,7.6,0
CUST-105636,30,0,0,1,One year,Electronic check,0,DSL,0,1,1,0,0,0,0,51.89,1549.56,0,1,217.7,75,6.0,0
CUST-105637,65,0,1,1,Month-to-month,Credit card (auto),1,DSL,0,0,0,1,0,1,0,56.34,3589.89,7,0,295.3,25,5.3,0
CUST-105638,72,1,1,0,Month-to-month,Electronic check,0,DSL,1,0,0,1,0,0,1,70.89,4892.09,2,0,172.2,30,6.6,0
CUST-105639,15,1,1,0,One year,Mailed check,1,Fiber optic,0,0,0,0,1,0,0,65.77,954.43,2,0,138.8,19,5.2,0
CUST-105640,1,0,0,1,One year,Mailed check,1,DSL,1,1,1,0,1,1,0,78.88,73.49,2,1,209.7,18,6.3,0
CUST-105641,6,0,1,0,Month-to-month,Credit card (auto),1,Fiber optic,0,1,0,1,0,1,1,92.31,540.05,7,0,5.0,64,3.7,1
CUST-105642,1,0,1,1,Two year,Electronic check,1,DSL,0,0,1,0,0,1,0,51.33,49.77,4,3,180.2,25,4.4,0
CUST-105643,13,0,1,1,One year,Mailed check,1,No,1,0,0,0,0,0,0,33.41,409.77,0,0,204.7,86,8.6,0
CUST-105644,2,0,0,1,Month-to-month,Mailed check,0,Fiber optic,0,1,1,0,0,0,0,80.92,161.53,4,0,185.7,50,3.6,1
CUST-105645,64,0,0,0,Month-to-month,Credit card (auto),1,No,0,0,0,0,0,0,0,18.0,1081.84,5,0,136.2,83,2.8,0
CUST-105646,1,0,1,0,Two year,Mailed check,1,Fiber optic,0,0,0,0,0,1,0,81.17,77.07,1,0,205.0,0,6.7,0
CUST-105647,37,0,1,0,Two year,Mailed check,1,DSL,1,1,0,1,1,1,1,83.91,2977.22,0,0,196.9,57,6.1,0
CUST-105648,6,0,1,0,One year,Credit card (auto),1,Fiber optic,0,1,1,0,0,0,0,70.58,421.29,4,1,231.5,89,6.7,1
CUST-105649,10,0,1,1,One year,Bank transfer (auto),0,Fiber optic,0,0,1,0,0,1,1,85.7,812.68,4,0,222.1,37,5.8,0
CUST-105650,39,0,0,1,Month-to-month,Electronic check,0,Fiber optic,1,0,0,0,0,1,0,81.57,3072.95,3,1,199.9,53,7.1,0
CUST-105651,1,0,1,0,Month-to-month,Electronic check,0,No,0,0,0,0,0,0,0,22.85,21.58,3,2,187.2,66,3.3,1
CUST-105652,4,0,0,0,Two year,Bank transfer (auto),1,DSL,0,0,1,1,1,0,0,56.54,209.91,1,1,139.7,81,7.2,0
CUST-105653,15,0,0,1,One year,Mailed check,1,DSL,0,0,0,0,1,0,1,63.1,899.13,1,0,223.5,66,10.0,0
CUST-105654,23,0,0,1,Month-to-month,Electronic check,1,Fiber optic,1,1,0,0,0,0,1,75.75,1717.11,5,3,354.1,30,5.8,1
CUST-105655,15,0,1,1,One year,Mailed check,0,DSL,1,0,1,0,1,0,0,63.09,899.93,1,0,268.6,83,8.1,0
CUST-105656,18,0,0,0,Month-to-month,Credit card (auto),1,No,0,0,0,0,0,0,0,18.0,313.31,1,0,140.1,21,8.1,0
CUST-105657,28,0,0,1,Month-to-month,Bank transfer (auto),0,Fiber optic,0,0,0,0,0,1,0,73.1,2001.2,2,0,84.9,6,5.8,0
CUST-105658,1,0,0,0,One year,Bank transfer (auto),0,No,0,0,0,0,0,0,0,18.0,17.32,2,0,209.9,39,5.9,0
CUST-105659,10,0,0,0,Month-to-month,Electronic check,0,DSL,0,0,0,0,0,0,0,52.65,496.85,2,0,262.9,47,4.9,1
CUST-105660,15,0,1,0,Month-to-month,Electronic check,1,DSL,1,0,0,1,0,0,0,49.09,735.81,1,0,153.5,22,7.1,1
CUST-105661,27,1,0,0,Month-to-month,Credit card (auto),0,Fiber optic,1,0,1,1,1,0,0,94.23,2395.16,1,1,162.7,16,10.0,0
CUST-105662,14,0,0,1,Month-to-month,Bank transfer (auto),1,DSL,1,1,0,0,0,0,0,54.16,708.13,2,0,143.2,20,7.5,0
CUST-105663,12,0,0,0,Two year,Electronic check,0,No,1,0,0,0,0,0,0,26.33,310.3,5,1,369.5,1,3.2,0
CUST-105664,8,1,1,0,Month-to-month,Bank transfer (auto),1,Fiber optic,1,1,1,0,0,1,1,99.52,732.6,5,0,194.7,87,4.8,1
CUST-105665,18,0,1,0,Month-to-month,Electronic check,0,Fiber optic,0,1,0,0,0,0,0,81.92,1413.16,4,2,247.4,76,6.4,1
CUST-105666,5,0,1,1,One year,Mailed check,1,DSL,0,0,0,0,1,0,0,41.53,197.2,1,1,85.1,83,7.4,0
CUST-105667,2,0,0,0,Two year,Electronic check,0,Fiber optic,0,0,0,1,1,1,0,81.02,152.43,1,1,152.8,69,6.8,0
CUST-105668,53,0,0,0,One year,Credit card (auto),1,Fiber optic,0,1,1,0,0,1,0,85.17,4317.13,2,1,371.2,47,5.5,0
CUST-105669,23,0,0,0,Two year,Bank transfer (auto),1,Fiber optic,0,1,1,0,0,0,1,83.23,1838.76,1,0,174.4,85,5.6,0
CUST-105670,2,0,1,0,One year,Mailed check,1,DSL,0,0,0,0,1,0,0,54.6,104.16,2,0,244.0,2,5.1,0
CUST-105671,1,0,0,0,One year,Mailed check,1,Fiber optic,0,0,0,0,0,1,1,88.04,87.41,2,2,71.3,82,7.9,1
CUST-105672,24,0,0,0,Month-to-month,Credit card (auto),1,No,0,0,0,0,0,0,0,18.0,431.38,3,0,181.3,64,6.5,0
CUST-105673,38,0,1,0,Month-to-month,Electronic check,0,DSL,1,0,1,1,0,0,0,56.98,2004.49,5,1,5.0,35,6.6,0
CUST-105674,18,0,1,1,Month-to-month,Electronic check,1,DSL,1,1,0,1,0,0,1,69.81,1243.8,3,2,133.8,53,6.1,1
CUST-105675,1,0,0,1,One year,Credit card (auto),0,Fiber optic,0,1,1,0,0,0,0,71.86,69.28,0,1,177.5,33,7.4,0
CUST-105676,5,0,1,0,One year,Credit card (auto),1,Fiber optic,1,1,0,1,1,1,1,103.35,494.32,3,0,270.6,67,6.5,1
CUST-105677,1,1,0,0,One year,Electronic check,0,DSL,0,0,0,0,1,0,1,53.68,52.61,1,1,164.6,36,6.5,1
CUST-105678,34,0,0,0,One year,Electronic check,0,DSL,1,1,1,0,0,1,0,65.51,2179.3,2,5,172.3,13,3.8,0
CUST-105679,4,0,0,0,One year,Bank transfer (auto),1,Fiber optic,0,1,0,0,0,1,0,83.25,327.95,2,0,95.0,88,5.8,0
CUST-105680,44,0,1,0,Month-to-month,Electronic check,0,Fiber optic,1,0,0,1,0,0,0,79.58,3250.71,5,2,165.5,58,2.8,1
CUST-105681,32,0,0,1,Month-to-month,Bank transfer (auto),0,Fiber optic,0,1,0,0,0,1,1,103.21,3052.4,1,0,246.5,6,5.5,0
CUST-105682,14,0,1,1,One year,Bank transfer (auto),0,DSL,1,0,0,0,0,0,0,51.22,699.33,2,0,5.0,9,6.5,0
CUST-105683,14,0,0,0,Month-to-month,Bank transfer (auto),1,Fiber optic,0,1,1,0,0,1,0,79.03,1075.5,2,0,256.6,4,6.1,0
CUST-105684,2,0,1,1,Two year,Mailed check,0,DSL,1,1,0,0,0,1,1,80.13,158.24,3,0,146.2,17,6.2,0
CUST-105685,7,0,1,1,Month-to-month,Credit card (auto),0,Fiber optic,1,0,1,0,1,0,1,91.34,630.77,2,1,163.6,57,8.2,0
CUST-105686,3,0,1,0,Month-to-month,Credit card (auto),1,Fiber optic,1,1,1,0,1,0,0,85.11,244.68,1,0,140.4,69,8.4,1
CUST-105687,42,0,1,1,One year,Bank transfer (auto),1,Fiber optic,0,0,1,1,0,0,1,82.51,3287.58,0,0,122.1,33,7.5,0
CUST-105688,16,1,1,1,Month-to-month,Mailed check,1,DSL,0,1,1,1,1,1,0,78.45,1202.62,3,0,69.6,33,5.1,0
CUST-105689,2,1,1,1,One year,Credit card (auto),1,DSL,0,0,1,0,0,0,0,51.02,95.78,3,0,98.3,48,4.7,1
CUST-105690,42,1,0,1,Month-to-month,Mailed check,1,Fiber optic,0,0,0,1,0,0,0,68.98,2705.19,5,0,79.3,56,4.6,1
CUST-105691,2,0,1,0,Month-to-month,Electronic check,0,No,0,0,0,0,0,0,0,25.72,50.65,1,1,234.1,47,5.6,1
CUST-105692,6,1,0,0,One year,Electronic check,0,No,0,0,0,0,0,0,0,23.79,133.6,1,0,312.1,50,4.2,1
CUST-105693,44,0,0,1,Month-to-month,Mailed check,1,No,0,0,0,0,0,0,0,23.63,973.54,2,1,142.8,6,8.2,0
CUST-105694,23,0,0,0,One year,Electronic check,1,Fiber optic,0,1,0,0,0,0,0,64.67,1381.96,2,3,128.3,10,6.3,0
CUST-105695,18,0,0,0,Month-to-month,Credit card (auto),1,No,0,0,0,0,0,0,0,18.0,305.14,2,1,167.0,30,7.0,0
CUST-105696,49,1,1,0,One year,Electronic check,0,Fiber optic,1,0,0,0,1,1,0,77.71,3512.22,3,0,77.0,17,6.1,0
CUST-105697,4,0,0,0,Month-to-month,Mailed check,0,No,1,0,0,0,0,0,0,25.95,96.5,4,2,211.7,31,5.7,1
CUST-105698,8,0,0,0,Month-to-month,Credit card (auto),0,Fiber optic,0,0,0,0,0,0,1,83.27,640.41,4,1,167.4,12,5.4,1
CUST-105699,12,0,1,1,One year,Electronic check,0,Fiber optic,0,0,0,1,1,0,0,67.82,805.02,5,4,5.0,45,6.2,0
CUST-105700,44,0,1,0,One year,Bank transfer (auto),1,DSL,1,0,1,1,0,0,0,54.83,2405.97,5,0,229.7,45,6.4,0
CUST-105701,3,0,0,0,Two year,Credit card (auto),1,Fiber optic,1,0,1,1,0,0,0,76.69,217.19,3,0,58.6,88,5.8,0
CUST-105702,38,0,1,0,Two year,Electronic check,0,Fiber optic,1,0,0,1,1,1,0,96.19,3478.64,2,4,158.2,89,4.1,1
CUST-105703,1,0,0,0,One year,Mailed check,0,Fiber optic,0,0,1,0,0,0,0,85.71,80.37,0,0,143.5,11,5.6,1
CUST-105704,7,0,0,1,Month-to-month,Electronic check,0,Fiber optic,1,0,0,0,0,0,0,79.52,533.99,0,2,241.2,89,6.0,1
CUST-105705,6,0,1,1,One year,Bank transfer (auto),0,No,0,0,0,0,0,0,0,22.83,133.11,1,1,133.1,80,6.7,0
CUST-105706,15,0,1,1,Month-to-month,Mailed check,1,No,0,0,0,0,0,0,0,19.76,292.6,1,0,302.7,58,5.3,0
CUST-105707,13,0,1,0,Two year,Credit card (auto),1,Fiber optic,0,1,0,1,0,0,1,82.39,1009.12,0,0,278.7,37,7.0,0
CUST-105708,72,0,0,1,One year,Bank transfer (auto),0,Fiber optic,1,0,1,1,0,1,0,95.67,6810.99,3,0,172.3,21,7.4,0
CUST-105709,12,0,0,0,Month-to-month,Bank transfer (auto),1,Fiber optic,0,0,0,1,1,0,0,73.5,856.95,1,1,363.6,73,8.1,0
CUST-105710,24,0,0,0,Two year,Credit card (auto),1,Fiber optic,1,1,1,0,0,0,0,90.82,2160.86,3,4,141.9,76,4.9,1
CUST-105711,1,0,1,0,One year,Electronic check,0,No,1,0,0,0,0,0,0,26.09,24.5,2,5,109.4,17,5.2,1
CUST-105712,35,1,0,0,Month-to-month,Credit card (auto),1,DSL,1,0,0,1,1,0,1,66.23,2193.66,3,0,342.6,67,8.1,0
CUST-105713,13,0,0,0,One year,Bank transfer (auto),0,No,1,0,0,0,0,0,0,24.61,294.81,1,2,251.9,23,8.2,0
CUST-105714,11,1,0,0,Month-to-month,Bank transfer (auto),0,DSL,0,1,0,1,0,0,1,45.79,482.7,4,0,260.2,86,6.4,1
CUST-105715,4,1,1,0,One year,Bank transfer (auto),0,No,1,0,0,0,0,0,0,32.43,123.25,0,0,248.1,63,8.3,0
CUST-105716,68,0,0,1,Two year,Electronic check,0,Fiber optic,1,0,1,0,1,0,0,86.26,5841.24,2,0,250.6,69,8.1,0
CUST-105717,24,0,1,0,Month-to-month,Credit card (auto),1,Fiber optic,1,0,0,0,0,1,1,86.57,2041.63,3,0,201.5,63,5.9,0
CUST-105718,8,0,1,0,Month-to-month,Bank transfer (auto),0,DSL,0,0,1,1,0,0,0,65.34,520.03,0,1,107.6,65,6.2,1
CUST-105719,1,0,0,1,Month-to-month,Credit card (auto),0,DSL,0,1,1,0,0,0,1,59.3,58.22,1,1,45.0,48,7.9,1
CUST-105720,43,0,0,0,Two year,Credit card (auto),0,DSL,0,1,0,0,1,0,0,49.48,2014.38,0,0,137.0,47,9.6,0
CUST-105721,23,0,0,0,Month-to-month,Bank transfer (auto),0,Fiber optic,1,1,0,0,0,1,0,77.67,1726.38,2,1,202.2,21,5.7,0
CUST-105722,13,0,1,0,One year,Credit card (auto),1,Fiber optic,0,0,0,0,1,1,0,77.01,975.76,0,0,279.7,25,6.7,0
CUST-105723,7,0,1,0,One year,Electronic check,1,DSL,0,0,0,1,0,1,1,60.91,417.58,3,2,140.3,21,5.0,0
CUST-105724,31,0,0,0,Two year,Electronic check,1,Fiber optic,0,0,0,1,0,1,1,74.75,2261.05,1,1,21.8,1,4.3,1
CUST-105725,36,0,1,1,Month-to-month,Electronic check,0,DSL,1,0,0,1,0,0,0,63.93,2144.2,1,1,305.6,9,4.4,0
CUST-105726,13,0,0,0,Month-to-month,Electronic check,1,Fiber optic,1,0,1,0,0,0,0,80.03,989.46,1,0,290.8,85,4.9,1
CUST-105727,20,0,1,0,Two year,Bank transfer (auto),1,DSL,0,0,0,0,0,1,0,48.41,893.49,2,1,145.8,74,6.0,0
CUST-105728,72,1,1,0,Month-to-month,Electronic check,0,Fiber optic,1,0,0,0,0,0,0,77.79,5289.14,4,1,209.7,34,4.8,1
CUST-105729,72,0,1,0,Month-to-month,Bank transfer (auto),0,Fiber optic,0,1,0,0,1,1,0,74.85,5290.33,2,1,142.5,27,6.0,0
CUST-105730,49,0,0,0,Month-to-month,Credit card (auto),0,DSL,0,0,0,0,0,1,1,50.74,2360.25,1,0,77.4,28,6.5,0
CUST-105731,16,1,0,1,Two year,Bank transfer (auto),1,DSL,0,0,0,0,0,0,0,47.35,699.89,3,0,167.3,81,7.9,0
CUST-105732,3,1,1,0,Two year,Mailed check,0,Fiber optic,0,0,0,1,0,0,0,73.89,221.49,4,0,37.2,2,6.1,0
CUST-105733,42,0,0,0,Month-to-month,Credit card (auto),0,No,0,0,0,0,0,0,0,18.0,706.8,1,1,197.1,4,6.5,0
CUST-105734,1,0,1,0,Month-to-month,Credit card (auto),1,DSL,1,0,1,1,0,0,1,64.38,60.9,4,0,211.3,28,6.5,1
CUST-105735,9,0,1,0,One year,Credit card (auto),1,Fiber optic,0,0,0,0,0,0,0,73.19,609.87,0,1,103.5,67,5.9,1
CUST-105736,1,0,1,0,Month-to-month,Electronic check,0,Fiber optic,0,0,0,0,1,0,0,82.81,82.0,2,1,259.0,65,6.6,1
CUST-105737,27,0,1,0,Two year,Bank transfer (auto),1,DSL,0,1,0,0,0,1,0,52.81,1348.76,0,1,51.2,62,6.0,0
CUST-105738,11,0,0,0,Month-to-month,Electronic check,0,DSL,0,0,0,0,0,0,0,39.57,409.18,5,3,76.8,68,2.3,1
CUST-105739,19,0,1,0,Month-to-month,Electronic check,1,Fiber optic,0,1,1,0,1,1,0,102.63,1919.87,4,1,247.3,68,5.8,1
CUST-105740,14,0,0,0,Month-to-month,Electronic check,1,DSL,0,1,0,0,0,0,1,60.0,810.65,7,0,216.4,36,4.8,1
CUST-105741,20,0,1,1,Month-to-month,Bank transfer (auto),1,Fiber optic,1,1,1,0,0,1,0,90.67,1803.23,0,0,131.1,46,6.8,0
CUST-105742,3,0,0,0,Month-to-month,Electronic check,0,No,1,0,0,0,0,0,0,24.29,71.46,3,2,189.4,75,7.1,1
CUST-105743,2,0,1,0,One year,Mailed check,0,No,0,0,0,0,0,0,0,30.21,56.68,0,0,132.3,11,7.3,0
CUST-105744,28,0,1,0,Month-to-month,Bank transfer (auto),0,Fiber optic,0,1,1,0,0,0,0,73.8,1942.43,2,1,128.2,54,7.2,0
CUST-105745,13,0,1,0,One year,Electronic check,1,DSL,1,0,0,0,1,1,1,66.49,829.1,2,0,203.4,13,5.2,0
CUST-105746,14,0,0,0,Month-to-month,Mailed check,0,Fiber optic,0,0,1,0,0,1,0,83.07,1121.29,3,0,157.9,52,7.6,0
CUST-105747,2,0,0,0,Month-to-month,Credit card (auto),1,DSL,0,0,0,0,1,0,0,50.62,96.97,3,0,140.5,60,7.1,1
CUST-105748,22,0,1,1,Month-to-month,Credit card (auto),1,Fiber optic,1,0,0,0,0,0,0,72.22,1529.91,3,0,144.7,34,8.2,1
CUST-105749,20,0,1,0,One year,Credit card (auto),0,DSL,0,0,0,0,0,0,1,47.04,940.29,4,0,395.7,74,7.3,0
CUST-105750,1,1,0,0,Month-to-month,Bank transfer (auto),1,DSL,0,0,0,1,0,0,0,49.37,47.07,2,0,241.8,4,4.0,1
CUST-105751,2,0,1,0,Two year,Electronic check,1,DSL,0,1,1,0,1,1,1,60.42,115.02,2,2,130.7,88,5.1,0
CUST-105752,18,0,1,1,Month-to-month,Electronic check,1,DSL,0,0,0,0,1,1,1,57.38,1014.88,4,2,88.4,61,4.3,1
CUST-105753,2,0,1,0,Month-to-month,Mailed check,0,Fiber optic,1,0,0,0,0,0,1,91.25,180.72,2,0,170.6,75,6.7,1
CUST-105754,7,0,1,1,Month-to-month,Credit card (auto),0,No,1,0,0,0,0,0,0,38.78,256.21,3,2,24.9,53,6.9,0
CUST-105755,3,0,1,0,One year,Electronic check,0,Fiber optic,0,1,0,1,1,0,0,82.11,243.95,1,1,297.6,67,6.9,0
CUST-105756,16,0,1,0,Month-to-month,Electronic check,1,DSL,0,0,0,0,0,0,0,44.56,704.28,1,4,119.0,62,6.2,1
CUST-105757,17,1,0,1,Month-to-month,Credit card (auto),1,Fiber optic,0,0,0,0,0,1,0,73.21,1173.33,3,0,170.7,19,4.9,1
CUST-105758,21,0,1,0,Month-to-month,Bank transfer (auto),1,Fiber optic,1,1,0,1,1,0,0,78.81,1554.77,1,2,264.2,25,6.1,1
CUST-105759,32,0,1,0,Month-to-month,Mailed check,0,No,1,0,0,0,0,0,0,30.65,957.22,3,0,318.1,38,6.7,0
CUST-105760,12,0,1,0,Month-to-month,Credit card (auto),1,Fiber optic,0,1,0,0,0,1,0,80.48,945.16,1,0,121.3,52,8.2,0
CUST-105761,1,0,1,1,One year,Bank transfer (auto),1,DSL,0,0,1,1,0,1,0,64.6,63.19,1,0,240.3,56,7.5,0
CUST-105762,47,0,1,1,One year,Credit card (auto),1,Fiber optic,1,0,0,0,0,0,1,88.77,3850.09,2,1,360.5,0,5.4,0
CUST-105763,21,0,0,0,Month-to-month,Mailed check,1,DSL,0,0,0,0,0,1,1,57.6,1179.73,3,1,37.6,78,4.9,1
CUST-105764,11,0,0,1,Month-to-month,Mailed check,0,Fiber optic,0,1,0,0,0,0,0,78.18,856.03,0,2,112.1,80,6.0,1
CUST-105765,20,0,0,0,Month-to-month,Electronic check,1,No,1,0,0,0,0,0,0,21.68,411.26,2,3,206.8,6,6.0,0
CUST-105766,6,1,1,0,Two year,Mailed check,0,No,1,0,0,0,0,0,0,28.97,161.99,2,0,101.7,51,8.6,1
CUST-105767,10,0,1,1,One year,Electronic check,1,DSL,1,1,1,0,0,0,1,57.96,561.82,1,3,130.3,33,6.1,0
CUST-105768,29,1,0,1,Month-to-month,Electronic check,1,Fiber optic,0,1,0,0,1,0,0,76.6,2073.5,2,3,232.1,34,6.5,1
CUST-105769,24,0,0,0,Two year,Electronic check,0,DSL,0,0,0,0,0,0,0,54.68,1229.94,3,1,305.0,55,7.2,0
CUST-105770,68,1,1,1,Month-to-month,Mailed check,0,DSL,0,0,1,0,0,0,1,57.06,3587.59,7,1,293.1,31,5.2,0
CUST-105771,8,0,0,0,Month-to-month,Electronic check,1,No,0,0,0,0,0,0,0,21.65,162.99,1,1,109.4,64,7.5,1
CUST-105772,20,0,0,1,Two year,Electronic check,0,No,0,0,0,0,0,0,0,19.69,382.16,3,2,163.5,13,5.7,0
CUST-105773,17,0,0,0,One year,Mailed check,0,DSL,0,0,0,0,1,0,1,53.78,857.84,2,0,82.1,22,7.4,0
CUST-105774,1,0,1,0,Month-to-month,Electronic check,0,Fiber optic,1,1,0,0,0,0,0,83.39,80.38,2,0,327.6,48,6.9,1
CUST-105775,7,0,1,1,One year,Electronic check,0,DSL,0,0,0,0,1,1,0,54.41,373.95,2,3,218.5,48,4.2,0
CUST-105776,71,0,1,0,Two year,Credit card (auto),0,Fiber optic,1,0,0,1,0,0,1,90.87,6173.87,0,1,169.2,0,5.7,0
CUST-105777,12,0,0,0,Month-to-month,Mailed check,1,No,0,0,0,0,0,0,0,32.11,381.3,1,0,180.2,6,6.3,1
CUST-105778,3,0,0,1,Month-to-month,Credit card (auto),1,No,0,0,0,0,0,0,0,28.59,80.35,3,0,165.3,12,5.2,0
CUST-105779,15,0,1,0,Month-to-month,Electronic check,1,Fiber optic,0,0,1,0,0,1,0,76.31,1142.37,3,0,132.0,85,5.2,0
CUST-105780,32,0,1,0,Two year,Mailed check,1,Fiber optic,1,0,1,0,0,0,1,83.25,2496.13,3,0,155.5,64,8.8,0
CUST-105781,48,1,0,0,Month-to-month,Electronic check,0,Fiber optic,0,0,1,0,0,0,0,71.29,3327.21,2,2,129.9,70,6.4,0
CUST-105782,25,0,1,0,Month-to-month,Mailed check,0,No,1,0,0,0,0,0,0,24.15,581.53,7,2,225.3,50,5.8,0
CUST-105783,8,0,1,0,Month-to-month,Credit card (auto),1,DSL,0,0,1,0,0,0,0,39.01,294.15,5,1,75.1,25,2.3,1
CUST-105784,27,0,1,0,Month-to-month,Credit card (auto),0,DSL,0,0,0,0,1,0,0,50.14,1268.0,2,0,204.7,62,9.2,0
CUST-105785,25,1,0,1,One year,Mailed check,0,Fiber optic,1,0,1,0,0,0,1,84.51,1957.71,2,0,20.9,53,5.1,0
CUST-105786,61,0,0,0,Month-to-month,Electronic check,1,Fiber optic,0,0,0,0,1,0,0,74.31,4457.6,6,0,238.7,40,7.6,0
CUST-105787,24,0,0,1,Two year,Bank transfer (auto),1,DSL,1,0,1,0,0,1,0,58.97,1320.67,2,1,84.8,26,5.5,0
CUST-105788,16,1,1,1,One year,Bank transfer (auto),1,Fiber optic,0,0,0,1,0,0,1,79.33,1231.93,3,0,129.0,29,4.7,1
CUST-105789,5,0,1,0,Month-to-month,Mailed check,0,DSL,0,1,1,0,1,1,0,59.02,275.94,3,2,152.8,68,7.0,0
CUST-105790,18,1,0,1,Two year,Mailed check,1,No,1,0,0,0,0,0,0,24.15,419.15,4,2,140.7,57,3.5,0
CUST-105791,7,0,0,0,Month-to-month,Mailed check,0,DSL,0,1,0,0,0,1,0,65.96,428.49,1,0,406.1,68,6.8,1
CUST-105792,3,0,0,0,One year,Electronic check,0,No,1,0,0,0,0,0,0,20.63,58.78,4,2,104.5,76,3.3,1
CUST-105793,56,0,1,1,One year,Mailed check,0,No,0,0,0,0,0,0,0,38.7,2107.22,1,2,163.9,39,9.5,0
CUST-105794,11,1,1,1,Month-to-month,Electronic check,0,Fiber optic,1,0,0,1,0,0,0,74.34,805.44,7,2,67.2,79,3.0,1
CUST-105795,39,1,0,0,Month-to-month,Bank transfer (auto),1,DSL,0,0,0,1,0,0,1,49.0,1901.55,3,2,345.8,18,6.5,0
CUST-105796,36,0,1,0,Month-to-month,Mailed check,1,No,0,0,0,0,0,0,0,18.0,641.37,5,0,164.3,84,5.8,0
CUST-105797,11,0,1,0,Month-to-month,Mailed check,1,Fiber optic,0,0,1,1,0,1,0,81.15,838.25,4,0,66.4,30,6.6,1
CUST-105798,10,0,1,1,One year,Electronic check,0,Fiber optic,0,1,0,0,0,0,1,58.65,548.77,4,1,317.4,55,5.2,0
CUST-105799,28,0,1,0,Month-to-month,Bank transfer (auto),1,DSL,1,0,0,0,0,0,0,58.89,1551.14,4,0,237.0,74,6.3,0
CUST-105800,0,0,0,0,Month-to-month,Mailed check,1,Fiber optic,1,0,1,0,0,1,1,86.54,86.36,6,0,177.2,65,7.8,1
CUST-105801,31,0,1,0,Two year,Electronic check,0,Fiber optic,0,0,0,1,0,0,1,80.89,2504.04,1,2,178.5,53,6.3,0
CUST-105802,7,0,1,0,Month-to-month,Mailed check,1,Fiber optic,1,0,1,0,1,1,0,101.85,712.16,1,0,184.0,57,6.5,0
CUST-105803,5,0,1,0,Two year,Electronic check,0,No,0,0,0,0,0,0,0,18.0,87.79,1,1,277.3,86,5.4,0
CUST-105804,6,1,1,0,One year,Mailed check,1,Fiber optic,1,0,0,0,0,0,0,80.33,459.8,6,0,293.6,1,5.4,0
CUST-105805,44,0,0,0,One year,Bank transfer (auto),1,DSL,0,0,0,0,0,0,1,43.99,1909.16,3,0,5.0,3,5.6,0
CUST-105806,53,0,1,0,Month-to-month,Mailed check,1,Fiber optic,0,1,1,1,0,0,1,92.97,4875.0,5,3,123.8,86,4.2,1
CUST-105807,11,0,1,0,Two year,Mailed check,0,DSL,0,0,0,0,0,0,1,51.57,535.32,2,1,183.6,84,6.3,0
CUST-105808,25,0,0,0,Two year,Electronic check,1,DSL,0,1,1,1,0,1,1,59.95,1413.46,0,1,111.0,9,6.1,0
CUST-105809,72,0,1,0,One year,Mailed check,1,Fiber optic,0,0,0,0,0,1,0,82.64,5942.34,1,0,101.1,0,6.8,0
CUST-105810,4,0,0,1,One year,Electronic check,0,DSL,0,0,0,0,1,1,0,53.34,206.59,0,1,224.9,44,6.2,1
CUST-105811,19,0,1,0,Month-to-month,Credit card (auto),1,DSL,0,0,1,1,0,0,1,57.48,1091.94,2,2,318.6,39,7.4,0
CUST-105812,5,0,0,0,Month-to-month,Bank transfer (auto),1,DSL,0,1,0,0,0,1,0,58.12,282.17,2,0,180.9,24,5.0,0
CUST-105813,65,1,0,0,Two year,Bank transfer (auto),1,DSL,0,0,0,0,1,0,1,60.17,3908.87,1,1,149.2,44,6.2,0
CUST-105814,2,0,1,0,Month-to-month,Electronic check,0,No,0,0,0,0,0,0,0,18.0,34.62,4,3,67.9,46,7.4,1
CUST-105815,1,0,1,1,Month-to-month,Credit card (auto),0,Fiber optic,0,0,0,1,0,0,1,84.57,83.31,3,0,314.0,75,5.3,1
CUST-105816,12,0,1,1,Month-to-month,Bank transfer (auto),1,No,0,0,0,0,0,0,0,20.23,233.08,6,0,214.3,6,4.3,1
CUST-105817,3,0,1,0,One year,Mailed check,0,No,1,0,0,0,0,0,0,26.52,79.0,4,0,202.5,1,5.5,0
CUST-105818,9,0,0,0,One year,Bank transfer (auto),1,No,1,0,0,0,0,0,0,24.11,205.62,0,1,201.1,20,8.0,0
CUST-105819,38,0,1,0,One year,Electronic check,1,DSL,0,0,0,0,1,1,0,55.34,2023.45,1,2,269.8,62,4.7,0
CUST-105820,10,1,1,0,Month-to-month,Credit card (auto),1,Fiber optic,0,0,1,0,1,0,0,70.52,658.92,4,0,148.6,84,6.7,1
CUST-105821,1,0,0,0,Month-to-month,Electronic check,0,Fiber optic,1,0,0,1,0,0,0,77.49,76.29,8,1,238.5,53,2.1,1
CUST-105822,72,0,1,1,Month-to-month,Credit card (auto),0,Fiber optic,0,1,0,0,0,1,0,68.9,4690.49,0,4,152.0,30,8.5,0
CUST-105823,3,0,0,0,Two year,Credit card (auto),1,DSL,1,0,1,1,0,1,1,76.01,209.96,3,0,118.8,85,5.5,0
CUST-105824,18,0,0,1,Month-to-month,Mailed check,1,DSL,0,1,0,1,0,0,1,59.5,1003.5,6,0,99.5,11,1.6,0
CUST-105825,18,0,1,0,Two year,Credit card (auto),0,Fiber optic,0,0,0,1,0,0,0,75.91,1355.96,2,2,88.2,18,8.1,0
CUST-105826,11,0,1,0,Month-to-month,Electronic check,1,Fiber optic,0,0,1,0,0,0,1,76.22,800.31,2,2,29.4,40,7.3,1
CUST-105827,0,0,0,0,Two year,Bank transfer (auto),1,Fiber optic,0,1,1,1,0,1,1,91.32,84.94,0,1,324.5,6,6.2,0
CUST-105828,14,0,1,0,One year,Mailed check,0,DSL,1,0,0,0,0,1,0,56.35,764.47,2,0,279.3,49,5.0,0
CUST-105829,7,0,0,1,Two year,Mailed check,0,Fiber optic,0,0,1,0,0,1,1,85.53,595.84,3,0,153.0,88,4.7,1
CUST-105830,26,0,1,0,One year,Mailed check,0,Fiber optic,0,1,1,0,0,0,0,69.8,1776.38,5,2,178.4,22,3.8,1
CUST-105831,1,0,0,0,One year,Bank transfer (auto),0,Fiber optic,0,1,1,0,0,0,1,84.07,81.65,4,0,188.6,11,6.6,1
CUST-105832,32,1,0,1,One year,Bank transfer (auto),0,No,0,0,0,0,0,0,0,22.73,705.2,1,0,235.6,8,7.8,0
CUST-105833,25,0,0,0,Month-to-month,Electronic check,1,Fiber optic,0,0,0,0,0,0,0,72.96,1752.18,2,0,269.5,20,3.5,1
CUST-105834,26,0,0,0,Two year,Mailed check,0,Fiber optic,0,0,1,1,0,1,1,100.02,2480.1,3,1,234.6,71,5.5,1
CUST-105835,26,1,0,0,One year,Electronic check,1,Fiber optic,1,0,0,1,0,0,1,88.59,2169.8,1,0,83.2,36,7.2,1
CUST-105836,64,0,1,0,Month-to-month,Bank transfer (auto),1,DSL,1,0,0,1,0,1,1,71.73,4423.03,1,1,149.4,33,5.0,0
CUST-105837,3,0,1,1,Month-to-month,Electronic check,1,Fiber optic,0,0,0,0,0,1,1,84.71,235.66,1,5,141.5,82,6.7,1
CUST-105838,2,0,1,0,Month-to-month,Mailed check,0,No,0,0,0,0,0,0,0,18.0,33.19,2,0,5.0,45,3.7,1
CUST-105839,2,0,0,1,Two year,Credit card (auto),1,Fiber optic,0,0,0,0,0,0,0,74.75,144.67,3,2,192.0,30,4.8,1
CUST-105840,17,0,1,0,One year,Credit card (auto),0,Fiber optic,0,1,0,0,0,1,0,67.48,1086.26,2,0,5.0,43,7.7,0
CUST-105841,3,0,0,0,Month-to-month,Mailed check,0,DSL,1,0,1,0,0,0,1,57.12,168.59,2,4,320.0,39,5.2,1
CUST-105842,18,0,1,1,One year,Electronic check,1,Fiber optic,1,0,0,1,0,0,1,91.16,1610.93,1,1,47.2,49,5.2,0
CUST-105843,19,0,1,1,Month-to-month,Bank transfer (auto),0,DSL,1,0,0,0,0,0,1,50.78,954.18,3,0,172.4,26,6.6,0
CUST-105844,3,0,0,0,Month-to-month,Mailed check,0,Fiber optic,0,0,1,0,0,1,0,85.53,246.03,2,0,296.0,58,4.9,1
CUST-105845,38,1,0,0,Two year,Electronic check,1,Fiber optic,1,0,1,0,1,0,0,93.27,3502.27,2,2,93.0,85,7.5,0
CUST-105846,10,0,1,0,Month-to-month,Credit card (auto),1,DSL,1,0,0,0,0,0,0,55.64,541.27,0,0,203.5,66,5.5,1
CUST-105847,27,0,0,1,Month-to-month,Electronic check,0,DSL,1,0,0,0,0,0,1,59.3,1591.2,3,1,85.4,53,7.4,0
CUST-105848,27,0,1,0,Month-to-month,Mailed check,1,DSL,0,0,1,1,0,1,0,57.15,1477.08,3,0,157.0,21,7.4,0
CUST-105849,4,0,1,0,Month-to-month,Mailed check,1,DSL,1,0,0,1,0,0,1,63.17,246.08,2,0,114.4,85,9.2,0
CUST-105850,53,0,0,0,Month-to-month,Credit card (auto),0,Fiber optic,1,0,0,1,0,0,1,93.2,4642.9,4,2,234.5,8,4.6,0
CUST-105851,7,0,0,1,Month-to-month,Credit card (auto),1,Fiber optic,1,0,0,1,0,0,1,93.99,647.69,6,0,206.4,72,5.4,1
CUST-105852,72,0,0,0,Month-to-month,Electronic check,1,DSL,0,1,1,1,0,0,0,59.17,4169.41,2,0,221.8,88,5.0,0
CUST-105853,2,1,1,0,Two year,Bank transfer (auto),1,DSL,0,1,0,0,0,0,1,46.04,89.45,1,1,184.4,85,8.6,0
CUST-105854,0,0,0,0,Month-to-month,Credit card (auto),1,Fiber optic,1,0,1,0,1,0,0,85.34,79.52,1,0,117.8,11,7.0,0
CUST-105855,5,1,0,0,Two year,Bank transfer (auto),1,DSL,1,0,0,0,0,0,0,54.61,261.37,0,1,229.1,36,8.8,0
CUST-105856,14,0,0,0,One year,Electronic check,1,Fiber optic,1,0,0,1,0,0,1,91.86,1284.2,2,1,206.2,1,7.7,0
CUST-105857,18,0,1,0,Month-to-month,Bank transfer (auto),0,No,0,0,0,0,0,0,0,22.64,407.26,0,0,66.1,68,7.0,1
CUST-105858,25,1,1,0,Month-to-month,Credit card (auto),0,Fiber optic,0,0,0,0,0,0,1,82.31,2050.22,3,0,253.4,72,6.1,0
CUST-105859,21,1,1,1,Month-to-month,Electronic check,1,Fiber optic,0,0,1,0,0,0,1,74.98,1568.95,0,2,243.5,76,6.6,1
CUST-105860,9,0,1,0,One year,Bank transfer (auto),0,Fiber optic,0,0,0,1,1,1,1,84.0,737.1,2,0,266.2,68,6.9,0
CUST-105861,29,0,1,0,One year,Bank transfer (auto),1,Fiber optic,0,1,1,0,1,0,1,94.04,2650.04,2,0,218.5,60,7.1,0
CUST-105862,2,1,1,0,Month-to-month,Bank transfer (auto),1,Fiber optic,0,0,0,0,0,0,1,69.07,136.77,1,0,97.6,16,5.4,1
CUST-105863,1,0,0,0,Month-to-month,Electronic check,0,Fiber optic,0,0,0,1,0,1,1,77.34,73.99,3,3,182.3,41,5.6,1
CUST-105864,3,0,0,0,Month-to-month,Electronic check,0,Fiber optic,0,0,1,1,1,0,0,83.9,237.98,2,2,57.5,26,6.9,1
CUST-105865,3,0,1,1,One year,Bank transfer (auto),0,No,0,0,0,0,0,0,0,24.58,72.99,2,0,236.4,72,4.5,0
CUST-105866,12,0,0,0,Month-to-month,Electronic check,0,No,0,0,0,0,0,0,0,21.38,238.01,4,1,293.4,33,7.5,0
CUST-105867,22,0,0,0,Month-to-month,Electronic check,0,Fiber optic,0,0,0,0,0,0,0,54.31,1137.1,2,2,365.2,5,3.2,1
CUST-105868,72,0,1,0,One year,Mailed check,1,No,0,0,0,0,0,0,0,19.19,1366.05,1,0,143.2,71,7.3,0
CUST-105869,6,0,1,1,One year,Electronic check,1,Fiber optic,1,0,0,0,0,1,1,82.58,487.78,0,1,17.3,24,6.1,0
CUST-105870,22,0,0,0,Month-to-month,Mailed check,1,Fiber optic,0,0,0,0,0,0,0,77.19,1615.81,1,0,108.6,50,5.5,0
CUST-105871,4,0,0,0,Month-to-month,Credit card (auto),0,Fiber optic,1,0,1,1,0,0,1,82.29,313.93,0,2,109.5,80,6.2,1
CUST-105872,1,0,0,0,Month-to-month,Mailed check,1,Fiber optic,0,1,1,0,0,0,1,86.95,82.69,4,0,124.0,73,5.1,1
CUST-105873,1,0,0,1,Two year,Electronic check,1,No,0,0,0,0,0,0,0,20.11,19.72,5,0,336.0,23,6.8,0
CUST-105874,31,0,0,1,Month-to-month,Electronic check,0,Fiber optic,1,1,0,0,0,0,0,84.1,2460.46,1,1,198.8,62,4.1,1
CUST-105875,72,0,1,0,Month-to-month,Mailed check,0,Fiber optic,1,1,0,0,0,0,1,91.8,6344.95,2,0,307.0,85,5.4,0
CUST-105876,65,1,1,1,Month-to-month,Mailed check,1,Fiber optic,1,1,0,0,1,1,1,94.78,5802.82,3,2,263.0,11,6.3,0
CUST-105877,14,0,0,1,One year,Credit card (auto),1,DSL,1,0,1,0,0,0,1,62.59,863.39,1,1,253.9,56,5.1,0
CUST-105878,1,0,0,0,One year,Bank transfer (auto),0,Fiber optic,1,1,0,0,1,1,1,106.45,106.24,0,1,228.1,60,7.3,0
CUST-105879,4,0,1,0,One year,Mailed check,0,No,0,0,0,0,0,0,0,26.02,96.49,4,0,137.4,30,6.4,0
CUST-105880,38,0,0,0,One year,Mailed check,0,No,1,0,0,0,0,0,0,33.59,1220.14,4,1,229.2,62,4.0,0
CUST-105881,6,0,0,0,Two year,Bank transfer (auto),1,Fiber optic,1,0,0,0,0,0,1,87.9,512.14,2,0,371.7,52,5.0,1
CUST-105882,21,0,0,1,Two year,Electronic check,1,Fiber optic,0,0,0,0,0,0,0,81.42,1618.49,2,0,189.1,34,4.6,1
CUST-105883,9,0,1,0,Month-to-month,Mailed check,1,Fiber optic,0,0,0,0,0,1,0,78.0,658.51,4,1,213.2,55,3.9,1
CUST-105884,17,0,0,0,Month-to-month,Electronic check,0,DSL,1,1,0,1,0,1,0,67.26,1058.74,2,0,99.9,40,7.6,0
CUST-105885,39,0,0,0,Two year,Mailed check,0,No,1,0,0,0,0,0,0,31.83,1190.24,4,1,153.5,54,5.2,0
CUST-105886,14,0,1,0,One year,Bank transfer (auto),0,DSL,0,0,0,0,0,0,0,41.68,552.18,0,1,141.7,59,5.8,0
CUST-105887,72,0,1,0,Two year,Credit card (auto),1,No,0,0,0,0,0,0,0,25.1,1666.3,0,1,334.4,70,4.9,0
CUST-105888,11,0,1,0,Month-to-month,Electronic check,1,Fiber optic,0,0,0,0,1,0,1,85.18,902.82,9,2,166.0,84,3.0,1
CUST-105889,11,0,1,0,Two year,Credit card (auto),0,Fiber optic,1,1,0,1,0,0,0,85.04,908.92,0,2,201.8,11,6.2,0
CUST-105890,16,0,1,1,Month-to-month,Bank transfer (auto),0,No,0,0,0,0,0,0,0,19.24,306.79,3,0,326.8,6,3.5,0
CUST-105891,1,0,0,0,One year,Bank transfer (auto),1,Fiber optic,0,0,0,0,1,1,1,85.63,81.9,1,0,246.4,32,7.5,0
CUST-105892,39,0,0,0,Month-to-month,Bank transfer (auto),0,Fiber optic,1,0,0,0,1,1,0,83.22,3079.95,3,0,195.4,57,5.2,0
CUST-105893,11,0,0,1,Month-to-month,Credit card (auto),1,DSL,0,0,0,0,0,0,1,43.32,444.56,3,1,206.4,69,4.7,1
CUST-105894,29,0,0,0,Month-to-month,Bank transfer (auto),0,DSL,0,1,0,1,1,1,1,66.08,1875.43,3,0,193.7,70,6.4,0
CUST-105895,18,0,0,0,Month-to-month,Electronic check,0,Fiber optic,1,0,1,0,0,1,0,87.46,1449.11,5,0,279.7,13,6.0,0
CUST-105896,21,0,0,0,Month-to-month,Mailed check,1,Fiber optic,1,0,0,1,0,0,1,91.01,1900.26,3,2,143.6,4,3.3,0
CUST-105897,24,0,1,1,Two year,Credit card (auto),0,Fiber optic,0,0,0,0,0,1,0,77.86,1755.18,2,1,161.2,9,5.1,0
CUST-105898,7,0,1,0,Two year,Mailed check,1,Fiber optic,1,0,1,0,0,0,0,82.25,535.47,3,0,137.4,28,5.1,0
CUST-105899,38,0,0,0,Two year,Credit card (auto),1,DSL,0,0,0,0,1,0,0,52.97,1942.27,2,1,281.9,46,4.5,0
CUST-105900,0,0,0,0,Two year,Credit card (auto),0,No,1,0,0,0,0,0,0,24.88,24.1,0,1,291.5,21,8.0,0
CUST-105901,2,1,0,1,Two year,Electronic check,0,No,0,0,0,0,0,0,0,18.0,34.92,1,3,188.2,44,6.8,1
CUST-105902,32,1,0,1,Two year,Credit card (auto),1,No,0,0,0,0,0,0,0,18.81,564.87,3,0,205.1,59,5.5,0
CUST-105903,66,0,0,0,Month-to-month,Mailed check,0,DSL,0,0,1,1,0,0,1,60.01,3904.32,4,0,327.6,10,5.2,0
CUST-105904,7,0,0,0,Month-to-month,Electronic check,1,DSL,0,1,1,0,0,1,1,59.54,385.68,1,1,239.2,71,8.6,1
CUST-105905,4,0,0,0,Two year,Bank transfer (auto),0,DSL,0,0,0,0,1,1,0,45.23,180.71,2,0,112.7,62,5.5,0
CUST-105906,16,0,1,0,Month-to-month,Credit card (auto),1,No,1,0,0,0,0,0,0,22.82,349.85,0,2,121.5,6,5.1,0
CUST-105907,4,1,1,0,One year,Mailed check,1,Fiber optic,0,0,1,1,0,0,1,76.28,286.55,3,0,207.3,34,6.7,1
CUST-105908,1,0,1,1,One year,Electronic check,1,No,1,0,0,0,0,0,0,19.82,19.19,2,0,310.6,71,5.0,0
CUST-105909,16,0,0,0,Month-to-month,Bank transfer (auto),0,No,0,0,0,0,0,0,0,20.36,310.05,2,1,231.1,17,6.3,0
CUST-105910,3,0,0,1,Month-to-month,Bank transfer (auto),0,DSL,0,0,0,1,0,0,1,61.15,170.14,5,0,134.0,25,4.3,1
CUST-105911,22,0,0,0,One year,Bank transfer (auto),1,Fiber optic,0,0,0,0,1,0,1,79.26,1636.78,2,0,290.8,28,6.1,0
CUST-105912,11,1,1,1,Month-to-month,Mailed check,1,Fiber optic,1,0,0,1,0,0,0,89.58,962.06,3,0,137.8,25,5.8,1
CUST-105913,64,0,0,0,Month-to-month,Mailed check,1,Fiber optic,0,0,0,0,0,0,0,54.37,3424.34,6,0,180.2,22,2.9,1
CUST-105914,20,0,0,0,One year,Bank transfer (auto),1,No,1,0,0,0,0,0,0,29.2,559.34,4,0,402.5,2,7.6,0
CUST-105915,30,0,1,1,Month-to-month,Electronic check,1,DSL,0,0,1,1,0,0,1,61.9,1788.6,2,1,139.3,60,6.5,1
CUST-105916,15,0,0,0,Month-to-month,Credit card (auto),0,Fiber optic,0,0,0,0,0,0,0,65.44,938.01,2,1,194.5,23,5.4,1
CUST-105917,25,0,0,1,One year,Electronic check,1,DSL,0,0,0,1,0,1,0,48.7,1136.46,3,3,213.8,55,3.8,1
CUST-105918,40,0,1,1,Month-to-month,Mailed check,1,Fiber optic,0,1,0,1,0,1,1,85.89,3280.01,3,1,74.5,1,3.4,1
CUST-105919,16,0,0,1,Two year,Credit card (auto),0,DSL,1,0,0,0,0,0,0,58.38,891.72,2,0,274.1,85,7.6,0
CUST-105920,16,1,1,1,Month-to-month,Mailed check,1,Fiber optic,1,0,0,0,0,0,0,70.95,1111.74,2,2,187.0,2,5.9,0
CUST-105921,4,0,0,0,Two year,Bank transfer (auto),1,Fiber optic,0,0,0,0,1,1,0,74.09,274.15,2,0,216.5,27,3.8,1
CUST-105922,1,0,1,0,Two year,Electronic check,0,Fiber optic,0,0,1,0,0,0,1,71.16,66.9,3,0,180.3,8,6.6,1
CUST-105923,8,0,0,0,Two year,Mailed check,0,No,0,0,0,0,0,0,0,23.64,182.62,1,0,80.4,83,7.0,0
CUST-105924,18,0,1,0,One year,Bank transfer (auto),1,Fiber optic,1,0,1,0,0,0,1,82.8,1397.2,5,1,254.7,29,7.5,0
CUST-105925,35,0,1,0,One year,Credit card (auto),1,DSL,1,1,1,0,0,1,0,65.92,2204.46,0,0,299.9,41,10.0,0
CUST-105926,16,0,1,0,Month-to-month,Bank transfer (auto),0,Fiber optic,0,0,1,0,0,0,0,77.37,1187.75,1,2,84.5,26,6.7,1
CUST-105927,67,0,1,0,One year,Electronic check,1,DSL,0,1,1,1,0,0,0,55.52,3469.45,5,1,192.1,27,7.5,0
CUST-105928,23,0,1,0,Month-to-month,Electronic check,0,DSL,0,0,1,0,1,0,1,49.71,1080.51,1,0,279.0,64,7.9,0
CUST-105929,42,1,0,0,Month-to-month,Credit card (auto),1,DSL,0,0,0,1,1,0,0,57.04,2317.2,1,0,159.4,43,7.4,0
CUST-105930,72,0,0,1,Month-to-month,Bank transfer (auto),0,DSL,0,1,0,0,1,1,0,61.98,4380.35,5,0,175.4,60,4.8,0
CUST-105931,56,0,0,1,One year,Electronic check,1,No,0,0,0,0,0,0,0,29.63,1589.39,1,0,215.2,88,7.7,0
CUST-105932,72,0,0,0,Month-to-month,Mailed check,1,No,0,0,0,0,0,0,0,21.87,1450.33,1,0,158.2,75,7.0,0
CUST-105933,13,0,0,0,One year,Electronic check,0,DSL,0,0,0,1,0,0,0,49.95,632.28,0,0,216.2,6,7.0,0
CUST-105934,4,1,1,1,Month-to-month,Electronic check,1,No,1,0,0,0,0,0,0,29.67,112.63,3,1,129.1,71,6.6,0
CUST-105935,10,0,1,0,Month-to-month,Credit card (auto),0,DSL,0,1,1,0,1,0,1,61.91,592.16,3,2,207.2,1,5.8,0
CUST-105936,2,0,1,0,Month-to-month,Bank transfer (auto),0,Fiber optic,1,0,0,0,0,0,0,77.81,154.51,3,0,158.4,20,4.2,1
CUST-105937,3,1,0,1,Two year,Electronic check,0,DSL,0,0,0,0,0,0,0,41.41,118.48,0,1,198.9,14,5.6,0
CUST-105938,1,0,1,0,Month-to-month,Credit card (auto),1,DSL,0,0,1,1,0,0,0,55.6,55.22,5,0,228.1,24,5.1,1
CUST-105939,0,0,1,0,Two year,Credit card (auto),0,Fiber optic,0,0,0,1,0,0,1,80.71,76.01,3,1,119.4,72,5.7,0
CUST-105940,56,0,1,0,Month-to-month,Credit card (auto),1,Fiber optic,1,0,0,0,0,1,0,81.52,4452.86,5,0,130.2,35,6.0,0
CUST-105941,72,0,1,0,Month-to-month,Bank transfer (auto),1,Fiber optic,1,1,1,0,0,1,1,90.35,6210.51,4,1,186.2,19,5.4,0
CUST-105942,27,0,0,0,Month-to-month,Credit card (auto),1,No,1,0,0,0,0,0,0,19.1,513.21,2,0,73.7,83,7.3,0
CUST-105943,21,0,0,0,Month-to-month,Electronic check,0,DSL,1,0,0,0,1,0,0,54.3,1116.58,2,3,134.6,21,6.8,0
CUST-105944,16,0,1,1,Month-to-month,Credit card (auto),1,Fiber optic,0,1,0,0,0,0,0,70.67,1063.29,1,0,89.6,78,8.2,0
CUST-105945,72,1,1,1,Month-to-month,Mailed check,1,DSL,1,1,0,0,1,0,0,59.63,4106.75,1,0,175.3,4,4.5,0
CUST-105946,9,0,1,0,One year,Electronic check,1,DSL,1,1,0,0,1,0,1,63.74,569.93,1,2,240.6,87,7.4,0
CUST-105947,37,0,1,0,One year,Electronic check,1,DSL,1,1,1,0,0,1,1,81.29,2927.15,1,0,267.4,7,8.9,0
CUST-105948,7,0,1,0,Month-to-month,Electronic check,0,DSL,0,0,1,0,0,1,0,51.66,357.68,3,0,304.9,41,6.5,1
CUST-105949,7,1,1,0,Two year,Credit card (auto),1,Fiber optic,1,0,1,0,0,1,1,83.5,552.61,2,0,197.6,70,5.8,1
CUST-105950,29,0,1,0,One year,Credit card (auto),1,Fiber optic,0,1,0,0,1,1,0,83.61,2378.42,2,0,77.6,48,8.2,0
CUST-105951,35,0,1,0,Month-to-month,Electronic check,1,Fiber optic,0,0,1,0,0,1,0,76.71,2499.38,3,1,74.3,52,7.8,0
CUST-105952,3,1,0,0,Month-to-month,Credit card (auto),0,DSL,0,0,0,1,1,1,0,69.65,206.49,4,0,218.9,22,7.2,1
CUST-105953,26,0,0,0,Month-to-month,Bank transfer (auto),1,DSL,0,1,0,0,1,0,1,60.28,1510.4,2,1,149.1,19,3.9,1
CUST-105954,24,0,0,0,Two year,Electronic check,1,Fiber optic,1,0,0,0,1,0,0,87.88,1949.61,0,1,104.1,71,8.3,0
CUST-105955,5,1,0,0,Month-to-month,Bank transfer (auto),1,DSL,1,0,0,0,1,0,1,62.18,292.73,1,1,264.9,49,7.4,0
CUST-105956,61,0,1,1,Month-to-month,Electronic check,0,DSL,1,0,0,0,1,0,0,58.65,3433.78,4,1,323.1,79,5.1,0
CUST-105957,16,0,1,0,Month-to-month,Electronic check,0,DSL,0,0,1,0,1,0,0,50.8,781.32,4,2,222.7,18,7.6,0
CUST-105958,10,0,0,1,Month-to-month,Bank transfer (auto),1,No,0,0,0,0,0,0,0,19.7,192.93,2,0,262.8,55,4.7,1
CUST-105959,10,0,0,0,Month-to-month,Credit card (auto),1,Fiber optic,1,1,0,1,0,1,0,86.08,830.01,1,0,138.6,82,7.8,0
CUST-105960,10,1,0,0,One year,Electronic check,1,DSL,0,0,0,0,0,0,1,46.87,460.69,4,2,144.0,24,6.0,1
CUST-105961,1,0,1,1,Two year,Mailed check,1,Fiber optic,1,0,0,0,1,0,0,84.39,83.13,2,1,5.0,11,6.2,1
CUST-105962,34,0,1,0,Month-to-month,Bank transfer (auto),0,No,0,0,0,0,0,0,0,22.31,734.7,4,1,279.1,81,6.1,0
CUST-105963,71,0,0,0,Month-to-month,Bank transfer (auto),1,DSL,0,0,1,0,0,1,1,59.81,3980.11,1,2,246.4,71,8.9,0
CUST-105964,52,0,0,1,Month-to-month,Credit card (auto),1,DSL,0,0,0,0,1,1,0,50.33,2544.99,2,1,182.7,63,6.6,0
CUST-105965,11,0,1,0,Month-to-month,Mailed check,0,No,0,0,0,0,0,0,0,33.3,349.83,7,1,298.9,41,4.3,1
CUST-105966,30,0,1,1,One year,Credit card (auto),1,No,0,0,0,0,0,0,0,19.44,540.12,0,1,221.9,27,6.7,0
CUST-105967,10,0,1,0,Two year,Bank transfer (auto),1,Fiber optic,1,0,0,0,0,0,0,79.46,761.33,0,3,188.5,66,5.1,1
CUST-105968,4,0,1,1,One year,Electronic check,1,DSL,0,0,0,0,0,0,1,57.08,224.85,1,1,286.0,39,6.7,0
CUST-105969,11,0,0,0,Month-to-month,Bank transfer (auto),0,DSL,0,0,0,1,0,0,1,48.41,508.47,3,3,140.8,7,3.9,1
CUST-105970,11,0,0,0,Two year,Electronic check,0,No,0,0,0,0,0,0,0,18.93,197.67,0,2,140.5,67,6.3,0
CUST-105971,5,0,0,1,Two year,Bank transfer (auto),0,Fiber optic,0,0,0,1,1,1,0,94.51,442.1,1,1,143.3,10,7.7,0
CUST-105972,12,0,0,0,Month-to-month,Electronic check,0,Fiber optic,0,0,1,1,0,1,1,90.74,1050.21,3,1,78.5,14,6.0,0
CUST-105973,14,0,0,0,Two year,Electronic check,1,DSL,0,0,1,1,0,0,0,58.77,773.82,4,1,345.9,71,3.7,0
CUST-105974,7,0,0,1,One year,Credit card (auto),1,DSL,1,0,0,1,0,0,0,55.26,375.06,2,3,96.6,48,5.5,0
CUST-105975,1,0,0,1,One year,Credit card (auto),1,Fiber optic,0,0,0,0,0,0,0,67.54,62.17,5,0,158.1,69,6.3,0
CUST-105976,6,0,1,0,Month-to-month,Mailed check,1,Fiber optic,1,0,0,0,1,0,0,76.04,432.94,4,0,211.4,79,5.3,1
CUST-105977,49,0,0,0,Month-to-month,Bank transfer (auto),0,Fiber optic,0,0,1,0,0,0,0,86.51,4157.51,2,0,230.1,79,7.2,1
CUST-105978,20,1,1,1,One year,Credit card (auto),1,Fiber optic,1,0,1,0,1,0,0,84.31,1555.19,2,0,237.0,58,6.0,0
CUST-105979,9,0,0,0,Month-to-month,Electronic check,1,Fiber optic,0,0,0,0,0,0,1,66.4,554.58,2,1,45.4,61,8.1,1
CUST-105980,7,0,0,0,Two year,Bank transfer (auto),1,Fiber optic,0,0,0,0,0,0,0,77.06,538.11,0,0,64.5,43,7.1,0
CUST-105981,24,1,0,0,Month-to-month,Electronic check,0,DSL,0,0,1,0,1,1,1,59.0,1303.71,0,1,217.1,65,8.6,0
CUST-105982,5,0,0,0,Month-to-month,Credit card (auto),0,No,0,0,0,0,0,0,0,24.23,118.84,4,0,321.4,39,6.5,0
CUST-105983,6,0,0,1,One year,Electronic check,0,DSL,1,1,0,0,0,0,0,61.54,350.34,4,0,317.2,43,8.3,0
CUST-105984,42,0,1,0,One year,Credit card (auto),1,Fiber optic,0,0,0,1,0,1,0,85.22,3375.64,1,0,284.8,4,8.3,0
CUST-105985,14,0,1,1,Month-to-month,Electronic check,0,DSL,1,0,0,1,1,0,1,58.13,795.09,0,2,164.7,1,7.5,0
CUST-105986,4,0,0,0,One year,Mailed check,0,Fiber optic,0,1,1,0,1,1,0,90.26,356.61,2,0,142.1,35,6.8,0
CUST-105987,1,0,0,0,One year,Credit card (auto),0,Fiber optic,0,1,1,1,0,1,0,81.48,77.8,2,2,75.8,16,4.8,0
CUST-105988,72,0,0,0,One year,Electronic check,0,DSL,0,0,0,0,1,0,1,54.35,3600.2,1,1,230.1,47,5.4,0
CUST-105989,0,0,1,1,Month-to-month,Credit card (auto),1,Fiber optic,0,0,1,1,0,0,1,88.65,87.83,3,0,259.6,4,5.1,1
CUST-105990,17,0,0,0,One year,Electronic check,0,Fiber optic,0,1,1,1,0,0,0,73.22,1234.78,6,3,204.4,81,2.8,1
CUST-105991,24,1,0,0,Month-to-month,Mailed check,0,Fiber optic,0,0,0,0,0,1,0,71.86,1668.41,2,0,280.2,40,5.7,0
CUST-105992,19,0,1,0,One year,Bank transfer (auto),1,DSL,0,0,0,1,0,0,1,48.32,862.31,5,0,244.1,87,4.5,1
CUST-105993,11,0,1,0,One year,Electronic check,1,DSL,0,0,0,0,0,1,0,50.47,553.75,4,4,221.9,12,5.8,0
CUST-105994,44,0,1,0,Month-to-month,Bank transfer (auto),1,No,0,0,0,0,0,0,0,18.0,756.25,2,1,180.2,11,7.3,0
CUST-105995,49,0,0,0,Month-to-month,Mailed check,0,DSL,0,0,0,0,0,1,1,58.1,2826.19,2,1,32.5,43,4.6,0
CUST-105996,12,1,0,0,Month-to-month,Bank transfer (auto),1,Fiber optic,1,1,1,1,1,1,1,103.51,1166.87,7,0,182.1,8,3.1,1
CUST-105997,16,0,0,0,Month-to-month,Bank transfer (auto),0,DSL,0,0,0,1,0,0,0,49.18,781.4,5,0,61.8,41,4.6,1
CUST-105998,17,0,1,0,One year,Mailed check,0,Fiber optic,0,0,1,0,0,0,1,80.38,1339.32,1,1,180.3,47,7.0,0
CUST-105999,26,0,1,1,One year,Electronic check,1,Fiber optic,1,1,1,0,1,0,1,79.24,1968.56,0,1,5.0,82,4.9,1
